rider_id,rider_name,signup_date,city,email
1,Rider_1,2024-01-27 15:31:00,Calgary,user1@example.com
2,Rider_2,2022-02-17 01:47:00,Calgary,user2@example.com
3,Rider_3,2022-04-07 23:53:00,San Francisco,user3@example.com
4,Rider_4,2021-05-30 00:00:00,Boston,user4@example.com
5,Rider_5,2022-09-03 08:27:00,New York,user5@example.com
6,Rider_6,2023-05-04 20:54:00,Ottawa,user6@example.com
7,Rider_7,2021-08-27 14:14:00,Vancouver,user7@example.com
8,Rider_8,2022-07-15 12:40:00,New York,user8@example.com
9,Rider_9,2022-10-27 06:18:00,New York,user9@example.com
10,Rider_10,2022-04-03 13:35:00,Toronto,user10@example.com
11,Rider_11,2023-01-17 03:56:00,Ottawa,user11@example.com
12,Rider_12,2021-05-31 15:56:00,Boston,user12@example.com
13,Rider_13,2021-11-18 11:45:00,New York,user13@example.com
14,Rider_14,2023-09-19 09:28:00,Chicago,user14@example.com
15,Rider_15,2021-05-08 06:47:00,San Francisco,user15@example.com
16,Rider_16,2021-06-29 10:29:00,Vancouver,user16@example.com
17,Rider_17,2024-05-04 06:19:00,San Francisco,user17@example.com
18,Rider_18,2023-01-02 14:04:00,Montreal,user18@example.com
19,Rider_19,2023-10-24 21:21:00,Vancouver,user19@example.com
20,Rider_20,2021-05-22 13:49:00,San Francisco,user20@example.com
21,Rider_21,2022-08-26 00:03:00,Calgary,user21@example.com
22,Rider_22,2022-07-31 08:38:00,Chicago,user22@example.com
23,Rider_23,2022-07-28 20:17:00,Montreal,user23@example.com
24,Rider_24,2022-11-24 11:42:00,Chicago,user24@example.com
25,Rider_25,2022-02-14 00:23:00,New York,user25@example.com
26,Rider_26,2022-12-24 10:37:00,Vancouver,user26@example.com
27,Rider_27,2021-12-18 10:55:00,San Francisco,user27@example.com
28,Rider_28,2023-05-27 12:38:00,San Francisco,user28@example.com
29,Rider_29,2021-08-23 18:33:00,New York,user29@example.com
30,Rider_30,2021-05-14 03:24:00,Toronto,user30@example.com
31,Rider_31,2024-06-09 11:08:00,Los Angeles,user31@example.com
32,Rider_32,2022-10-06 02:32:00,Calgary,user32@example.com
33,Rider_33,2021-12-20 10:17:00,Ottawa,user33@example.com
34,Rider_34,2021-04-05 17:38:00,Calgary,user34@example.com
35,Rider_35,2023-03-23 19:16:00,Montreal,user35@example.com
36,Rider_36,2023-04-12 21:25:00,Montreal,user36@example.com
37,Rider_37,2023-06-09 16:20:00,Vancouver,user37@example.com
38,Rider_38,2023-01-10 20:20:00,Boston,user38@example.com
39,Rider_39,2021-05-03 15:39:00,San Francisco,user39@example.com
40,Rider_40,2024-01-15 15:14:00,Montreal,user40@example.com
41,Rider_41,2023-02-19 23:41:00,New York,user41@example.com
42,Rider_42,2023-03-14 20:20:00,Ottawa,user42@example.com
43,Rider_43,2023-11-19 12:19:00,Ottawa,user43@example.com
44,Rider_44,2021-08-18 01:14:00,Ottawa,user44@example.com
45,Rider_45,2024-03-22 06:02:00,Toronto,user45@example.com
46,Rider_46,2021-09-26 13:23:00,Vancouver,user46@example.com
47,Rider_47,2021-11-26 03:50:00,Chicago,user47@example.com
48,Rider_48,2021-07-16 00:33:00,Boston,user48@example.com
49,Rider_49,2022-10-20 16:33:00,New York,user49@example.com
50,Rider_50,2023-11-28 04:45:00,Toronto,user50@example.com
51,Rider_51,2021-11-10 16:05:00,Montreal,user51@example.com
52,Rider_52,2023-07-14 08:59:00,Chicago,user52@example.com
53,Rider_53,2022-05-12 17:07:00,San Francisco,user53@example.com
54,Rider_54,2021-05-16 04:37:00,Toronto,user54@example.com
55,Rider_55,2023-05-15 06:45:00,Montreal,user55@example.com
56,Rider_56,2023-05-08 14:04:00,Montreal,user56@example.com
57,Rider_57,2022-03-06 01:30:00,Los Angeles,user57@example.com
58,Rider_58,2022-12-13 17:20:00,Calgary,user58@example.com
59,Rider_59,2024-05-06 20:43:00,New York,user59@example.com
60,Rider_60,2023-07-02 18:25:00,Ottawa,user60@example.com
61,Rider_61,2024-04-29 07:21:00,Calgary,user61@example.com
62,Rider_62,2021-06-24 19:00:00,Montreal,user62@example.com
63,Rider_63,2021-08-21 11:04:00,Montreal,user63@example.com
64,Rider_64,2023-05-31 04:09:00,Chicago,user64@example.com
65,Rider_65,2023-06-25 03:46:00,Ottawa,user65@example.com
66,Rider_66,2021-06-14 02:21:00,Toronto,user66@example.com
67,Rider_67,2024-04-25 23:31:00,Ottawa,user67@example.com
68,Rider_68,2024-05-05 14:43:00,Toronto,user68@example.com
69,Rider_69,2023-04-13 01:51:00,San Francisco,user69@example.com
70,Rider_70,2022-10-01 07:05:00,Los Angeles,user70@example.com
71,Rider_71,2022-08-19 00:53:00,San Francisco,user71@example.com
72,Rider_72,2023-06-08 14:34:00,Vancouver,user72@example.com
73,Rider_73,2023-01-05 20:27:00,Ottawa,user73@example.com
74,Rider_74,2021-09-25 12:04:00,New York,user74@example.com
75,Rider_75,2022-09-18 23:57:00,San Francisco,user75@example.com
76,Rider_76,2023-08-19 09:49:00,Chicago,user76@example.com
77,Rider_77,2023-11-24 14:32:00,Ottawa,user77@example.com
78,Rider_78,2021-03-02 05:55:00,Montreal,user78@example.com
79,Rider_79,2022-05-30 22:59:00,Montreal,user79@example.com
80,Rider_80,2021-03-18 13:42:00,Boston,user80@example.com
81,Rider_81,2022-02-22 05:33:00,Vancouver,user81@example.com
82,Rider_82,2021-02-01 10:20:00,Los Angeles,user82@example.com
83,Rider_83,2024-05-17 21:29:00,Los Angeles,user83@example.com
84,Rider_84,2022-04-29 01:01:00,San Francisco,user84@example.com
85,Rider_85,2023-02-03 16:53:00,San Francisco,user85@example.com
86,Rider_86,2021-12-21 02:52:00,Toronto,user86@example.com
87,Rider_87,2022-04-12 18:43:00,Chicago,user87@example.com
88,Rider_88,2024-04-17 09:57:00,Vancouver,user88@example.com
89,Rider_89,2022-02-23 12:42:00,Los Angeles,user89@example.com
90,Rider_90,2023-07-29 19:15:00,Montreal,user90@example.com
91,Rider_91,2021-10-19 22:45:00,Toronto,user91@example.com
92,Rider_92,2021-11-25 09:12:00,Vancouver,user92@example.com
93,Rider_93,2024-02-26 00:25:00,Montreal,user93@example.com
94,Rider_94,2024-03-25 19:57:00,Vancouver,user94@example.com
95,Rider_95,2022-08-04 20:22:00,Calgary,user95@example.com
96,Rider_96,2023-03-12 10:38:00,New York,user96@example.com
97,Rider_97,2021-04-12 22:22:00,Chicago,user97@example.com
98,Rider_98,2024-01-08 06:39:00,San Francisco,user98@example.com
99,Rider_99,2022-09-19 15:17:00,Calgary,user99@example.com
100,Rider_100,2024-04-27 11:45:00,Chicago,user100@example.com
101,Rider_101,2023-06-03 09:38:00,Calgary,user101@example.com
102,Rider_102,2021-09-27 21:23:00,New York,user102@example.com
103,Rider_103,2021-11-08 19:38:00,Boston,user103@example.com
104,Rider_104,2022-01-23 13:40:00,New York,user104@example.com
105,Rider_105,2022-12-11 01:38:00,New York,user105@example.com
106,Rider_106,2022-07-14 19:45:00,New York,user106@example.com
107,Rider_107,2022-03-02 14:37:00,Boston,user107@example.com
108,Rider_108,2022-12-23 03:19:00,Los Angeles,user108@example.com
109,Rider_109,2022-09-09 15:04:00,Calgary,user109@example.com
110,Rider_110,2023-11-25 04:01:00,Toronto,user110@example.com
111,Rider_111,2022-01-11 20:06:00,New York,user111@example.com
112,Rider_112,2023-01-30 07:17:00,Los Angeles,user112@example.com
113,Rider_113,2022-11-24 23:56:00,Ottawa,user113@example.com
114,Rider_114,2023-01-08 05:42:00,Chicago,user114@example.com
115,Rider_115,2023-05-07 11:12:00,Ottawa,user115@example.com
116,Rider_116,2022-06-19 18:31:00,Los Angeles,user116@example.com
117,Rider_117,2022-02-06 19:32:00,Chicago,user117@example.com
118,Rider_118,2022-03-19 20:09:00,Toronto,user118@example.com
119,Rider_119,2022-08-24 12:12:00,New York,user119@example.com
120,Rider_120,2021-09-11 01:37:00,New York,user120@example.com
121,Rider_121,2024-04-26 10:10:00,Ottawa,user121@example.com
122,Rider_122,2021-12-10 20:33:00,Boston,user122@example.com
123,Rider_123,2023-11-19 18:18:00,Boston,user123@example.com
124,Rider_124,2022-02-23 00:09:00,Boston,user124@example.com
125,Rider_125,2023-03-09 08:30:00,Montreal,user125@example.com
126,Rider_126,2024-04-27 03:49:00,New York,user126@example.com
127,Rider_127,2023-01-07 11:37:00,New York,user127@example.com
128,Rider_128,2023-10-03 15:45:00,Chicago,user128@example.com
129,Rider_129,2023-07-23 20:11:00,Chicago,user129@example.com
130,Rider_130,2021-12-14 14:45:00,New York,user130@example.com
131,Rider_131,2023-08-04 00:42:00,San Francisco,user131@example.com
132,Rider_132,2024-01-13 04:53:00,San Francisco,user132@example.com
133,Rider_133,2022-10-21 08:39:00,San Francisco,user133@example.com
134,Rider_134,2022-06-26 16:49:00,Montreal,user134@example.com
135,Rider_135,2022-01-27 11:11:00,Vancouver,user135@example.com
136,Rider_136,2022-12-26 23:45:00,Boston,user136@example.com
137,Rider_137,2023-11-18 23:42:00,San Francisco,user137@example.com
138,Rider_138,2023-08-27 17:43:00,Calgary,user138@example.com
139,Rider_139,2023-06-27 23:15:00,Montreal,user139@example.com
140,Rider_140,2021-01-12 09:56:00,Toronto,user140@example.com
141,Rider_141,2023-10-26 22:24:00,Calgary,user141@example.com
142,Rider_142,2023-05-23 04:38:00,Los Angeles,user142@example.com
143,Rider_143,2023-08-05 03:02:00,Ottawa,user143@example.com
144,Rider_144,2022-04-09 15:59:00,San Francisco,user144@example.com
145,Rider_145,2023-01-19 08:30:00,Toronto,user145@example.com
146,Rider_146,2022-06-07 09:33:00,Toronto,user146@example.com
147,Rider_147,2023-09-23 03:06:00,San Francisco,user147@example.com
148,Rider_148,2022-03-07 03:01:00,Los Angeles,user148@example.com
149,Rider_149,2023-10-17 05:54:00,San Francisco,user149@example.com
150,Rider_150,2021-10-20 14:34:00,San Francisco,user150@example.com
151,Rider_151,2023-03-15 14:06:00,Chicago,user151@example.com
152,Rider_152,2021-03-30 04:42:00,Boston,user152@example.com
153,Rider_153,2022-09-20 17:52:00,Ottawa,user153@example.com
154,Rider_154,2023-11-24 12:24:00,Los Angeles,user154@example.com
155,Rider_155,2024-01-26 11:23:00,Chicago,user155@example.com
156,Rider_156,2023-10-16 03:06:00,New York,user156@example.com
157,Rider_157,2022-04-05 04:56:00,Vancouver,user157@example.com
158,Rider_158,2022-10-13 05:15:00,San Francisco,user158@example.com
159,Rider_159,2022-08-27 03:56:00,Montreal,user159@example.com
160,Rider_160,2023-06-25 16:41:00,New York,user160@example.com
161,Rider_161,2021-10-23 00:33:00,Ottawa,user161@example.com
162,Rider_162,2024-02-03 15:44:00,Los Angeles,user162@example.com
163,Rider_163,2023-12-03 03:47:00,Boston,user163@example.com
164,Rider_164,2023-09-19 14:03:00,Calgary,user164@example.com
165,Rider_165,2023-11-10 17:04:00,Vancouver,user165@example.com
166,Rider_166,2023-02-28 02:04:00,Los Angeles,user166@example.com
167,Rider_167,2021-09-22 01:33:00,San Francisco,user167@example.com
168,Rider_168,2021-10-09 09:14:00,Calgary,user168@example.com
169,Rider_169,2021-06-01 14:54:00,San Francisco,user169@example.com
170,Rider_170,2021-07-18 18:06:00,Vancouver,user170@example.com
171,Rider_171,2024-02-01 12:55:00,San Francisco,user171@example.com
172,Rider_172,2024-03-31 03:39:00,Calgary,user172@example.com
173,Rider_173,2023-11-22 21:30:00,Chicago,user173@example.com
174,Rider_174,2023-10-14 15:05:00,Los Angeles,user174@example.com
175,Rider_175,2021-12-12 06:12:00,Toronto,user175@example.com
176,Rider_176,2021-12-13 22:16:00,Los Angeles,user176@example.com
177,Rider_177,2022-10-16 04:21:00,San Francisco,user177@example.com
178,Rider_178,2022-08-01 09:19:00,Los Angeles,user178@example.com
179,Rider_179,2023-06-29 15:39:00,San Francisco,user179@example.com
180,Rider_180,2022-12-22 10:14:00,San Francisco,user180@example.com
181,Rider_181,2023-01-01 22:52:00,Toronto,user181@example.com
182,Rider_182,2023-09-13 12:01:00,New York,user182@example.com
183,Rider_183,2023-06-21 11:38:00,Ottawa,user183@example.com
184,Rider_184,2021-04-21 15:06:00,Ottawa,user184@example.com
185,Rider_185,2021-10-30 05:07:00,Vancouver,user185@example.com
186,Rider_186,2021-07-06 03:03:00,Calgary,user186@example.com
187,Rider_187,2023-04-04 01:48:00,Montreal,user187@example.com
188,Rider_188,2022-10-04 17:45:00,San Francisco,user188@example.com
189,Rider_189,2021-08-23 05:25:00,New York,user189@example.com
190,Rider_190,2021-11-08 03:35:00,Chicago,user190@example.com
191,Rider_191,2022-09-28 15:46:00,Los Angeles,user191@example.com
192,Rider_192,2022-12-12 19:29:00,Ottawa,user192@example.com
193,Rider_193,2022-05-07 11:37:00,Chicago,user193@example.com
194,Rider_194,2024-04-25 01:01:00,Chicago,user194@example.com
195,Rider_195,2023-01-28 10:19:00,Toronto,user195@example.com
196,Rider_196,2023-09-08 06:36:00,Los Angeles,user196@example.com
197,Rider_197,2022-05-02 20:55:00,Chicago,user197@example.com
198,Rider_198,2021-01-08 07:43:00,New York,user198@example.com
199,Rider_199,2022-03-01 21:51:00,Vancouver,user199@example.com
200,Rider_200,2024-03-28 11:20:00,Boston,user200@example.com
201,Rider_201,2023-06-15 05:14:00,Chicago,user201@example.com
202,Rider_202,2023-01-31 12:45:00,Chicago,user202@example.com
203,Rider_203,2021-07-21 00:36:00,Toronto,user203@example.com
204,Rider_204,2022-11-05 17:56:00,Ottawa,user204@example.com
205,Rider_205,2022-09-19 15:35:00,Montreal,user205@example.com
206,Rider_206,2023-01-12 14:46:00,Montreal,user206@example.com
207,Rider_207,2021-01-08 06:04:00,Montreal,user207@example.com
208,Rider_208,2023-04-10 04:51:00,New York,user208@example.com
209,Rider_209,2024-02-10 00:56:00,Boston,user209@example.com
210,Rider_210,2021-01-22 20:49:00,Los Angeles,user210@example.com
211,Rider_211,2024-03-21 17:19:00,Los Angeles,user211@example.com
212,Rider_212,2021-10-24 01:12:00,Calgary,user212@example.com
213,Rider_213,2023-11-18 06:59:00,New York,user213@example.com
214,Rider_214,2023-09-01 12:34:00,New York,user214@example.com
215,Rider_215,2021-12-18 11:47:00,Boston,user215@example.com
216,Rider_216,2022-04-30 19:38:00,Los Angeles,user216@example.com
217,Rider_217,2021-06-09 13:14:00,Chicago,user217@example.com
218,Rider_218,2023-02-21 21:44:00,Montreal,user218@example.com
219,Rider_219,2022-04-21 12:47:00,Ottawa,user219@example.com
220,Rider_220,2021-04-12 10:04:00,Chicago,user220@example.com
221,Rider_221,2022-04-09 05:47:00,New York,user221@example.com
222,Rider_222,2022-12-10 06:09:00,San Francisco,user222@example.com
223,Rider_223,2023-07-16 10:16:00,Calgary,user223@example.com
224,Rider_224,2022-06-09 19:24:00,Calgary,user224@example.com
225,Rider_225,2023-12-03 21:01:00,Montreal,user225@example.com
226,Rider_226,2022-06-17 10:00:00,Chicago,user226@example.com
227,Rider_227,2022-07-13 01:50:00,Vancouver,user227@example.com
228,Rider_228,2021-09-14 03:18:00,Boston,user228@example.com
229,Rider_229,2021-01-30 17:01:00,Montreal,user229@example.com
230,Rider_230,2021-12-15 11:18:00,Boston,user230@example.com
231,Rider_231,2021-11-25 01:44:00,Chicago,user231@example.com
232,Rider_232,2023-07-06 01:20:00,New York,user232@example.com
233,Rider_233,2021-09-20 12:12:00,Calgary,user233@example.com
234,Rider_234,2022-07-24 11:31:00,Toronto,user234@example.com
235,Rider_235,2022-08-06 20:11:00,New York,user235@example.com
236,Rider_236,2024-04-13 02:16:00,San Francisco,user236@example.com
237,Rider_237,2023-08-27 00:08:00,Calgary,user237@example.com
238,Rider_238,2023-07-12 15:05:00,New York,user238@example.com
239,Rider_239,2023-10-26 08:01:00,New York,user239@example.com
240,Rider_240,2023-10-13 06:46:00,Toronto,user240@example.com
241,Rider_241,2021-03-16 22:19:00,New York,user241@example.com
242,Rider_242,2022-10-10 10:31:00,Toronto,user242@example.com
243,Rider_243,2022-08-14 16:53:00,Vancouver,user243@example.com
244,Rider_244,2023-05-01 04:09:00,Toronto,user244@example.com
245,Rider_245,2023-01-07 22:46:00,San Francisco,user245@example.com
246,Rider_246,2021-11-16 05:24:00,Chicago,user246@example.com
247,Rider_247,2022-04-13 18:26:00,New York,user247@example.com
248,Rider_248,2023-10-25 20:38:00,Montreal,user248@example.com
249,Rider_249,2023-10-27 03:09:00,Toronto,user249@example.com
250,Rider_250,2022-02-24 09:28:00,Calgary,user250@example.com
251,Rider_251,2023-07-30 19:41:00,Ottawa,user251@example.com
252,Rider_252,2022-10-13 14:57:00,Chicago,user252@example.com
253,Rider_253,2023-03-06 17:15:00,Toronto,user253@example.com
254,Rider_254,2021-07-02 21:27:00,Ottawa,user254@example.com
255,Rider_255,2021-06-27 02:41:00,San Francisco,user255@example.com
256,Rider_256,2023-02-13 05:03:00,Toronto,user256@example.com
257,Rider_257,2023-08-05 01:13:00,Boston,user257@example.com
258,Rider_258,2024-04-23 12:24:00,Boston,user258@example.com
259,Rider_259,2023-03-24 16:18:00,San Francisco,user259@example.com
260,Rider_260,2022-07-11 00:17:00,Boston,user260@example.com
261,Rider_261,2022-04-04 19:29:00,Montreal,user261@example.com
262,Rider_262,2021-03-03 05:09:00,Chicago,user262@example.com
263,Rider_263,2023-02-11 01:26:00,Calgary,user263@example.com
264,Rider_264,2023-12-06 02:06:00,Boston,user264@example.com
265,Rider_265,2022-05-29 13:47:00,Vancouver,user265@example.com
266,Rider_266,2021-01-05 06:04:00,Boston,user266@example.com
267,Rider_267,2023-11-10 08:17:00,New York,user267@example.com
268,Rider_268,2021-06-21 13:09:00,Toronto,user268@example.com
269,Rider_269,2023-11-06 06:56:00,Ottawa,user269@example.com
270,Rider_270,2021-08-20 16:30:00,Vancouver,user270@example.com
271,Rider_271,2024-04-25 22:50:00,Toronto,user271@example.com
272,Rider_272,2021-04-27 14:00:00,Calgary,user272@example.com
273,Rider_273,2022-02-02 12:20:00,Toronto,user273@example.com
274,Rider_274,2022-12-11 12:55:00,Boston,user274@example.com
275,Rider_275,2022-02-15 07:17:00,San Francisco,user275@example.com
276,Rider_276,2021-03-19 19:07:00,Vancouver,user276@example.com
277,Rider_277,2021-09-29 09:21:00,Toronto,user277@example.com
278,Rider_278,2022-03-28 09:07:00,New York,user278@example.com
279,Rider_279,2024-05-30 05:40:00,Los Angeles,user279@example.com
280,Rider_280,2022-10-24 18:15:00,Los Angeles,user280@example.com
281,Rider_281,2021-05-28 13:47:00,Toronto,user281@example.com
282,Rider_282,2021-01-16 00:36:00,New York,user282@example.com
283,Rider_283,2023-10-28 11:40:00,Chicago,user283@example.com
284,Rider_284,2022-05-26 13:21:00,Chicago,user284@example.com
285,Rider_285,2022-11-11 23:10:00,Los Angeles,user285@example.com
286,Rider_286,2022-02-21 19:17:00,Ottawa,user286@example.com
287,Rider_287,2022-08-02 20:21:00,Toronto,user287@example.com
288,Rider_288,2021-10-12 01:51:00,Los Angeles,user288@example.com
289,Rider_289,2022-09-15 14:04:00,Toronto,user289@example.com
290,Rider_290,2022-12-11 04:59:00,Montreal,user290@example.com
291,Rider_291,2022-08-23 04:30:00,San Francisco,user291@example.com
292,Rider_292,2024-05-27 14:23:00,Vancouver,user292@example.com
293,Rider_293,2023-10-05 22:45:00,Montreal,user293@example.com
294,Rider_294,2021-06-25 15:03:00,Chicago,user294@example.com
295,Rider_295,2023-12-18 11:05:00,Chicago,user295@example.com
296,Rider_296,2021-09-05 14:41:00,New York,user296@example.com
297,Rider_297,2022-10-09 06:38:00,Toronto,user297@example.com
298,Rider_298,2023-01-20 19:25:00,Ottawa,user298@example.com
299,Rider_299,2023-11-20 20:19:00,Ottawa,user299@example.com
300,Rider_300,2021-10-09 13:53:00,Vancouver,user300@example.com
301,Rider_301,2022-08-13 22:08:00,Ottawa,user301@example.com
302,Rider_302,2023-08-08 17:05:00,Los Angeles,user302@example.com
303,Rider_303,2023-11-30 06:40:00,New York,user303@example.com
304,Rider_304,2023-01-21 10:30:00,Chicago,user304@example.com
305,Rider_305,2021-06-25 10:36:00,Vancouver,user305@example.com
306,Rider_306,2022-11-16 14:02:00,Montreal,user306@example.com
307,Rider_307,2021-04-09 09:20:00,New York,user307@example.com
308,Rider_308,2023-10-15 11:11:00,San Francisco,user308@example.com
309,Rider_309,2021-01-20 04:49:00,Los Angeles,user309@example.com
310,Rider_310,2024-04-07 07:32:00,Calgary,user310@example.com
311,Rider_311,2024-01-30 08:14:00,Ottawa,user311@example.com
312,Rider_312,2021-12-14 22:45:00,Ottawa,user312@example.com
313,Rider_313,2023-03-18 09:26:00,Los Angeles,user313@example.com
314,Rider_314,2023-12-06 03:30:00,Calgary,user314@example.com
315,Rider_315,2021-05-28 22:53:00,Ottawa,user315@example.com
316,Rider_316,2023-10-25 22:27:00,Montreal,user316@example.com
317,Rider_317,2023-01-19 15:38:00,Boston,user317@example.com
318,Rider_318,2023-10-29 00:55:00,Los Angeles,user318@example.com
319,Rider_319,2021-08-19 22:14:00,Montreal,user319@example.com
320,Rider_320,2023-08-11 03:05:00,Calgary,user320@example.com
321,Rider_321,2021-01-19 02:09:00,New York,user321@example.com
322,Rider_322,2023-02-25 08:55:00,Chicago,user322@example.com
323,Rider_323,2023-02-10 06:03:00,Vancouver,user323@example.com
324,Rider_324,2021-04-27 07:10:00,Chicago,user324@example.com
325,Rider_325,2022-05-14 02:05:00,Vancouver,user325@example.com
326,Rider_326,2022-05-30 00:39:00,Boston,user326@example.com
327,Rider_327,2021-03-20 05:12:00,San Francisco,user327@example.com
328,Rider_328,2021-12-12 23:06:00,Calgary,user328@example.com
329,Rider_329,2023-09-27 08:36:00,Calgary,user329@example.com
330,Rider_330,2022-09-19 11:15:00,Montreal,user330@example.com
331,Rider_331,2021-05-03 11:01:00,Boston,user331@example.com
332,Rider_332,2022-11-22 00:33:00,Vancouver,user332@example.com
333,Rider_333,2022-11-28 02:19:00,Ottawa,user333@example.com
334,Rider_334,2023-02-14 07:47:00,Toronto,user334@example.com
335,Rider_335,2022-05-06 23:37:00,Vancouver,user335@example.com
336,Rider_336,2023-02-12 15:25:00,Toronto,user336@example.com
337,Rider_337,2021-06-09 10:49:00,New York,user337@example.com
338,Rider_338,2022-10-03 13:05:00,Montreal,user338@example.com
339,Rider_339,2023-05-16 11:20:00,New York,user339@example.com
340,Rider_340,2021-01-01 06:19:00,Calgary,user340@example.com
341,Rider_341,2024-05-14 23:49:00,Toronto,user341@example.com
342,Rider_342,2023-08-20 16:27:00,Ottawa,user342@example.com
343,Rider_343,2023-03-01 16:12:00,San Francisco,user343@example.com
344,Rider_344,2021-11-18 07:58:00,Calgary,user344@example.com
345,Rider_345,2022-06-14 11:57:00,Vancouver,user345@example.com
346,Rider_346,2021-03-26 07:31:00,Los Angeles,user346@example.com
347,Rider_347,2022-12-07 23:29:00,Boston,user347@example.com
348,Rider_348,2023-05-21 03:56:00,Los Angeles,user348@example.com
349,Rider_349,2023-07-21 23:48:00,Ottawa,user349@example.com
350,Rider_350,2024-01-19 06:56:00,Vancouver,user350@example.com
351,Rider_351,2024-01-18 03:11:00,Los Angeles,user351@example.com
352,Rider_352,2021-06-27 03:05:00,Vancouver,user352@example.com
353,Rider_353,2024-03-25 13:29:00,Toronto,user353@example.com
354,Rider_354,2021-01-04 09:54:00,Boston,user354@example.com
355,Rider_355,2022-07-06 16:32:00,Los Angeles,user355@example.com
356,Rider_356,2023-05-01 19:23:00,San Francisco,user356@example.com
357,Rider_357,2022-08-04 19:38:00,Calgary,user357@example.com
358,Rider_358,2021-03-13 02:43:00,Toronto,user358@example.com
359,Rider_359,2023-02-04 22:49:00,Chicago,user359@example.com
360,Rider_360,2024-01-19 14:19:00,Chicago,user360@example.com
361,Rider_361,2021-06-16 03:48:00,Montreal,user361@example.com
362,Rider_362,2023-08-07 22:12:00,San Francisco,user362@example.com
363,Rider_363,2021-10-19 08:07:00,Boston,user363@example.com
364,Rider_364,2022-09-03 08:14:00,Toronto,user364@example.com
365,Rider_365,2022-12-11 23:54:00,Boston,user365@example.com
366,Rider_366,2024-01-19 11:47:00,Boston,user366@example.com
367,Rider_367,2021-06-17 09:47:00,Los Angeles,user367@example.com
368,Rider_368,2021-03-14 05:39:00,Montreal,user368@example.com
369,Rider_369,2021-07-11 09:56:00,Ottawa,user369@example.com
370,Rider_370,2022-12-12 12:39:00,Vancouver,user370@example.com
371,Rider_371,2023-02-23 05:50:00,Ottawa,user371@example.com
372,Rider_372,2023-02-14 21:40:00,Chicago,user372@example.com
373,Rider_373,2023-04-04 21:24:00,New York,user373@example.com
374,Rider_374,2023-05-10 09:46:00,New York,user374@example.com
375,Rider_375,2023-06-28 22:52:00,Montreal,user375@example.com
376,Rider_376,2023-03-01 16:01:00,Vancouver,user376@example.com
377,Rider_377,2023-12-11 16:50:00,Chicago,user377@example.com
378,Rider_378,2021-09-27 18:09:00,Ottawa,user378@example.com
379,Rider_379,2021-06-10 20:46:00,Chicago,user379@example.com
380,Rider_380,2023-10-19 10:11:00,Montreal,user380@example.com
381,Rider_381,2023-07-31 15:18:00,Ottawa,user381@example.com
382,Rider_382,2023-02-23 02:35:00,Los Angeles,user382@example.com
383,Rider_383,2022-10-13 08:57:00,Montreal,user383@example.com
384,Rider_384,2023-12-12 18:51:00,Ottawa,user384@example.com
385,Rider_385,2022-03-02 00:23:00,Boston,user385@example.com
386,Rider_386,2022-06-17 14:42:00,Montreal,user386@example.com
387,Rider_387,2022-12-05 11:18:00,San Francisco,user387@example.com
388,Rider_388,2021-08-03 15:43:00,Chicago,user388@example.com
389,Rider_389,2023-07-25 23:44:00,Montreal,user389@example.com
390,Rider_390,2022-04-10 08:17:00,Calgary,user390@example.com
391,Rider_391,2022-05-03 15:26:00,Calgary,user391@example.com
392,Rider_392,2023-09-10 16:24:00,Calgary,user392@example.com
393,Rider_393,2021-11-09 01:41:00,Boston,user393@example.com
394,Rider_394,2023-08-28 14:39:00,Boston,user394@example.com
395,Rider_395,2023-12-03 14:43:00,San Francisco,user395@example.com
396,Rider_396,2023-11-11 11:54:00,Los Angeles,user396@example.com
397,Rider_397,2024-01-09 13:29:00,Chicago,user397@example.com
398,Rider_398,2023-02-22 18:30:00,Chicago,user398@example.com
399,Rider_399,2023-12-15 13:49:00,Calgary,user399@example.com
400,Rider_400,2024-01-09 11:52:00,Los Angeles,user400@example.com
401,Rider_401,2024-03-27 19:44:00,Toronto,user401@example.com
402,Rider_402,2023-05-24 11:19:00,Los Angeles,user402@example.com
403,Rider_403,2023-06-25 08:35:00,Vancouver,user403@example.com
404,Rider_404,2023-11-03 09:25:00,Ottawa,user404@example.com
405,Rider_405,2023-11-14 09:37:00,Montreal,user405@example.com
406,Rider_406,2022-03-21 04:10:00,Calgary,user406@example.com
407,Rider_407,2024-06-09 15:47:00,Montreal,user407@example.com
408,Rider_408,2023-03-24 00:47:00,New York,user408@example.com
409,Rider_409,2021-02-09 06:12:00,Toronto,user409@example.com
410,Rider_410,2021-08-14 18:10:00,Montreal,user410@example.com
411,Rider_411,2023-11-08 04:53:00,New York,user411@example.com
412,Rider_412,2021-11-07 12:54:00,New York,user412@example.com
413,Rider_413,2024-03-11 08:55:00,San Francisco,user413@example.com
414,Rider_414,2022-03-22 05:48:00,Chicago,user414@example.com
415,Rider_415,2021-08-16 11:14:00,San Francisco,user415@example.com
416,Rider_416,2023-12-09 19:14:00,New York,user416@example.com
417,Rider_417,2021-11-13 21:42:00,San Francisco,user417@example.com
418,Rider_418,2021-02-20 04:28:00,Calgary,user418@example.com
419,Rider_419,2022-12-05 01:56:00,Los Angeles,user419@example.com
420,Rider_420,2023-08-16 02:12:00,Toronto,user420@example.com
421,Rider_421,2021-12-15 10:47:00,Calgary,user421@example.com
422,Rider_422,2022-08-28 02:44:00,Calgary,user422@example.com
423,Rider_423,2023-03-05 16:33:00,Boston,user423@example.com
424,Rider_424,2023-12-13 10:31:00,San Francisco,user424@example.com
425,Rider_425,2022-08-16 18:25:00,New York,user425@example.com
426,Rider_426,2022-10-10 02:42:00,Montreal,user426@example.com
427,Rider_427,2023-05-08 16:41:00,Los Angeles,user427@example.com
428,Rider_428,2021-01-21 03:22:00,New York,user428@example.com
429,Rider_429,2021-11-12 11:38:00,San Francisco,user429@example.com
430,Rider_430,2024-04-28 02:59:00,Ottawa,user430@example.com
431,Rider_431,2021-12-17 09:03:00,Vancouver,user431@example.com
432,Rider_432,2024-03-19 00:27:00,Los Angeles,user432@example.com
433,Rider_433,2023-04-30 03:17:00,Ottawa,user433@example.com
434,Rider_434,2021-11-02 04:53:00,Ottawa,user434@example.com
435,Rider_435,2022-04-02 23:44:00,Boston,user435@example.com
436,Rider_436,2021-10-03 14:55:00,Vancouver,user436@example.com
437,Rider_437,2021-10-18 10:59:00,Toronto,user437@example.com
438,Rider_438,2024-02-16 21:44:00,Chicago,user438@example.com
439,Rider_439,2021-07-05 09:49:00,Calgary,user439@example.com
440,Rider_440,2021-03-05 02:57:00,Montreal,user440@example.com
441,Rider_441,2022-03-10 14:03:00,Montreal,user441@example.com
442,Rider_442,2022-02-15 11:33:00,Calgary,user442@example.com
443,Rider_443,2021-09-07 23:51:00,Chicago,user443@example.com
444,Rider_444,2022-02-01 03:41:00,Ottawa,user444@example.com
445,Rider_445,2022-05-29 12:16:00,New York,user445@example.com
446,Rider_446,2024-01-08 11:08:00,Vancouver,user446@example.com
447,Rider_447,2021-03-04 01:05:00,Chicago,user447@example.com
448,Rider_448,2022-05-17 04:31:00,Chicago,user448@example.com
449,Rider_449,2021-03-21 00:01:00,Ottawa,user449@example.com
450,Rider_450,2023-10-26 05:03:00,Ottawa,user450@example.com
451,Rider_451,2023-02-02 01:03:00,San Francisco,user451@example.com
452,Rider_452,2023-05-05 15:27:00,Ottawa,user452@example.com
453,Rider_453,2021-04-24 05:11:00,Los Angeles,user453@example.com
454,Rider_454,2023-03-28 04:08:00,Los Angeles,user454@example.com
455,Rider_455,2021-10-13 15:08:00,Boston,user455@example.com
456,Rider_456,2021-04-16 21:48:00,Calgary,user456@example.com
457,Rider_457,2021-09-05 13:45:00,Calgary,user457@example.com
458,Rider_458,2023-04-24 15:29:00,Montreal,user458@example.com
459,Rider_459,2022-09-19 16:28:00,Calgary,user459@example.com
460,Rider_460,2022-06-27 18:41:00,Toronto,user460@example.com
461,Rider_461,2021-11-28 10:24:00,Boston,user461@example.com
462,Rider_462,2022-05-30 07:03:00,Los Angeles,user462@example.com
463,Rider_463,2022-04-02 01:14:00,Los Angeles,user463@example.com
464,Rider_464,2024-03-15 05:02:00,Boston,user464@example.com
465,Rider_465,2023-04-05 02:25:00,Ottawa,user465@example.com
466,Rider_466,2023-05-23 00:04:00,Vancouver,user466@example.com
467,Rider_467,2021-06-28 05:08:00,New York,user467@example.com
468,Rider_468,2022-11-24 07:40:00,Los Angeles,user468@example.com
469,Rider_469,2023-09-25 17:21:00,Boston,user469@example.com
470,Rider_470,2023-08-23 21:28:00,Ottawa,user470@example.com
471,Rider_471,2021-03-03 22:43:00,Boston,user471@example.com
472,Rider_472,2022-08-16 10:36:00,Los Angeles,user472@example.com
473,Rider_473,2022-08-23 10:29:00,Toronto,user473@example.com
474,Rider_474,2023-04-20 05:30:00,San Francisco,user474@example.com
475,Rider_475,2021-02-08 09:05:00,San Francisco,user475@example.com
476,Rider_476,2024-04-11 22:06:00,Calgary,user476@example.com
477,Rider_477,2023-03-10 22:49:00,Los Angeles,user477@example.com
478,Rider_478,2022-11-24 03:33:00,Calgary,user478@example.com
479,Rider_479,2021-03-10 02:54:00,Vancouver,user479@example.com
480,Rider_480,2023-10-10 02:43:00,San Francisco,user480@example.com
481,Rider_481,2022-05-13 14:07:00,Boston,user481@example.com
482,Rider_482,2021-05-08 22:03:00,Calgary,user482@example.com
483,Rider_483,2021-09-18 00:55:00,Toronto,user483@example.com
484,Rider_484,2023-04-09 07:21:00,Calgary,user484@example.com
485,Rider_485,2023-09-01 21:45:00,New York,user485@example.com
486,Rider_486,2021-11-24 10:30:00,Toronto,user486@example.com
487,Rider_487,2023-12-01 17:45:00,Boston,user487@example.com
488,Rider_488,2021-06-11 10:40:00,Montreal,user488@example.com
489,Rider_489,2023-04-16 08:55:00,Boston,user489@example.com
490,Rider_490,2023-10-02 09:32:00,Montreal,user490@example.com
491,Rider_491,2024-03-06 06:06:00,Toronto,user491@example.com
492,Rider_492,2021-02-06 21:34:00,Chicago,user492@example.com
493,Rider_493,2024-01-19 14:47:00,Vancouver,user493@example.com
494,Rider_494,2021-02-28 20:30:00,Los Angeles,user494@example.com
495,Rider_495,2021-04-24 18:53:00,Toronto,user495@example.com
496,Rider_496,2021-10-04 12:01:00,New York,user496@example.com
497,Rider_497,2023-05-17 22:53:00,San Francisco,user497@example.com
498,Rider_498,2023-06-13 04:08:00,Toronto,user498@example.com
499,Rider_499,2022-02-06 19:05:00,Boston,user499@example.com
500,Rider_500,2022-08-26 18:54:00,Montreal,user500@example.com
501,Rider_501,2023-09-07 00:12:00,Vancouver,user501@example.com
502,Rider_502,2022-11-04 16:20:00,Montreal,user502@example.com
503,Rider_503,2021-01-27 05:44:00,Los Angeles,user503@example.com
504,Rider_504,2023-11-12 22:23:00,Montreal,user504@example.com
505,Rider_505,2023-04-11 20:04:00,Toronto,user505@example.com
506,Rider_506,2023-09-24 09:58:00,New York,user506@example.com
507,Rider_507,2021-04-09 05:40:00,Ottawa,user507@example.com
508,Rider_508,2021-03-12 16:59:00,Ottawa,user508@example.com
509,Rider_509,2022-07-10 16:01:00,Toronto,user509@example.com
510,Rider_510,2021-06-14 21:01:00,Calgary,user510@example.com
511,Rider_511,2024-05-07 09:27:00,San Francisco,user511@example.com
512,Rider_512,2023-08-01 06:24:00,San Francisco,user512@example.com
513,Rider_513,2022-03-14 07:43:00,Toronto,user513@example.com
514,Rider_514,2022-08-16 12:07:00,Vancouver,user514@example.com
515,Rider_515,2023-10-24 09:32:00,Montreal,user515@example.com
516,Rider_516,2023-01-07 07:32:00,New York,user516@example.com
517,Rider_517,2023-04-09 17:07:00,Chicago,user517@example.com
518,Rider_518,2021-07-31 20:40:00,Boston,user518@example.com
519,Rider_519,2024-05-22 17:45:00,Montreal,user519@example.com
520,Rider_520,2022-04-04 05:35:00,Calgary,user520@example.com
521,Rider_521,2022-04-09 00:21:00,Chicago,user521@example.com
522,Rider_522,2021-01-18 07:42:00,Los Angeles,user522@example.com
523,Rider_523,2023-05-13 06:30:00,Calgary,user523@example.com
524,Rider_524,2021-07-11 10:32:00,Chicago,user524@example.com
525,Rider_525,2021-01-08 19:31:00,New York,user525@example.com
526,Rider_526,2023-07-16 20:54:00,Ottawa,user526@example.com
527,Rider_527,2023-04-15 10:28:00,Montreal,user527@example.com
528,Rider_528,2021-05-13 05:45:00,Calgary,user528@example.com
529,Rider_529,2021-11-23 07:20:00,San Francisco,user529@example.com
530,Rider_530,2021-11-25 22:07:00,Los Angeles,user530@example.com
531,Rider_531,2023-10-01 10:04:00,Montreal,user531@example.com
532,Rider_532,2021-08-10 07:06:00,Calgary,user532@example.com
533,Rider_533,2021-10-13 19:44:00,Chicago,user533@example.com
534,Rider_534,2023-08-17 07:08:00,Boston,user534@example.com
535,Rider_535,2021-10-29 21:00:00,San Francisco,user535@example.com
536,Rider_536,2021-10-09 17:30:00,Toronto,user536@example.com
537,Rider_537,2021-03-26 11:44:00,Ottawa,user537@example.com
538,Rider_538,2022-12-18 13:12:00,Calgary,user538@example.com
539,Rider_539,2021-04-24 15:01:00,Calgary,user539@example.com
540,Rider_540,2023-11-10 10:14:00,San Francisco,user540@example.com
541,Rider_541,2022-01-25 10:18:00,Toronto,user541@example.com
542,Rider_542,2021-11-03 16:15:00,Toronto,user542@example.com
543,Rider_543,2023-01-27 19:46:00,Ottawa,user543@example.com
544,Rider_544,2022-07-09 19:04:00,Los Angeles,user544@example.com
545,Rider_545,2023-11-09 19:42:00,Chicago,user545@example.com
546,Rider_546,2021-06-05 09:57:00,Boston,user546@example.com
547,Rider_547,2023-08-21 09:13:00,San Francisco,user547@example.com
548,Rider_548,2021-10-28 14:08:00,Toronto,user548@example.com
549,Rider_549,2023-01-25 18:13:00,Los Angeles,user549@example.com
550,Rider_550,2022-05-26 01:37:00,Vancouver,user550@example.com
551,Rider_551,2023-10-22 09:02:00,Ottawa,user551@example.com
552,Rider_552,2023-12-14 05:59:00,San Francisco,user552@example.com
553,Rider_553,2021-08-25 17:41:00,Ottawa,user553@example.com
554,Rider_554,2023-05-31 14:08:00,Ottawa,user554@example.com
555,Rider_555,2024-06-08 17:13:00,Los Angeles,user555@example.com
556,Rider_556,2022-10-28 08:27:00,Los Angeles,user556@example.com
557,Rider_557,2021-01-08 12:08:00,Chicago,user557@example.com
558,Rider_558,2022-01-18 10:04:00,Los Angeles,user558@example.com
559,Rider_559,2024-01-12 08:42:00,Boston,user559@example.com
560,Rider_560,2022-03-06 19:22:00,Montreal,user560@example.com
561,Rider_561,2021-07-28 15:17:00,Los Angeles,user561@example.com
562,Rider_562,2023-01-16 13:58:00,Los Angeles,user562@example.com
563,Rider_563,2022-11-23 20:08:00,Vancouver,user563@example.com
564,Rider_564,2024-04-18 13:24:00,Los Angeles,user564@example.com
565,Rider_565,2023-01-27 11:36:00,San Francisco,user565@example.com
566,Rider_566,2021-06-19 01:34:00,Calgary,user566@example.com
567,Rider_567,2023-09-30 19:54:00,Chicago,user567@example.com
568,Rider_568,2021-05-08 08:12:00,Ottawa,user568@example.com
569,Rider_569,2021-08-06 11:38:00,San Francisco,user569@example.com
570,Rider_570,2021-11-02 03:30:00,Calgary,user570@example.com
571,Rider_571,2024-02-14 12:31:00,San Francisco,user571@example.com
572,Rider_572,2024-02-05 00:23:00,Toronto,user572@example.com
573,Rider_573,2021-01-29 22:35:00,Toronto,user573@example.com
574,Rider_574,2023-09-09 04:44:00,Calgary,user574@example.com
575,Rider_575,2023-06-23 22:26:00,New York,user575@example.com
576,Rider_576,2022-09-22 08:30:00,Ottawa,user576@example.com
577,Rider_577,2021-11-27 12:17:00,Ottawa,user577@example.com
578,Rider_578,2023-05-07 20:54:00,New York,user578@example.com
579,Rider_579,2023-04-25 06:00:00,San Francisco,user579@example.com
580,Rider_580,2023-01-04 09:18:00,Calgary,user580@example.com
581,Rider_581,2022-07-23 06:42:00,Chicago,user581@example.com
582,Rider_582,2021-12-13 21:28:00,Montreal,user582@example.com
583,Rider_583,2024-02-14 00:40:00,Ottawa,user583@example.com
584,Rider_584,2021-07-27 23:27:00,San Francisco,user584@example.com
585,Rider_585,2023-02-18 11:13:00,Vancouver,user585@example.com
586,Rider_586,2021-05-21 16:05:00,Calgary,user586@example.com
587,Rider_587,2022-07-20 05:53:00,Montreal,user587@example.com
588,Rider_588,2021-01-17 10:53:00,Calgary,user588@example.com
589,Rider_589,2024-06-06 21:59:00,Boston,user589@example.com
590,Rider_590,2023-11-29 19:23:00,Ottawa,user590@example.com
591,Rider_591,2024-03-22 06:41:00,Chicago,user591@example.com
592,Rider_592,2021-08-07 01:23:00,Calgary,user592@example.com
593,Rider_593,2021-09-05 08:14:00,Vancouver,user593@example.com
594,Rider_594,2023-05-30 19:19:00,Chicago,user594@example.com
595,Rider_595,2023-10-22 08:42:00,Ottawa,user595@example.com
596,Rider_596,2024-02-18 05:04:00,Chicago,user596@example.com
597,Rider_597,2022-07-12 08:52:00,Vancouver,user597@example.com
598,Rider_598,2021-12-06 22:10:00,New York,user598@example.com
599,Rider_599,2021-12-27 00:15:00,Vancouver,user599@example.com
600,Rider_600,2022-02-15 15:56:00,Toronto,user600@example.com
601,Rider_601,2021-12-30 12:50:00,Los Angeles,user601@example.com
602,Rider_602,2023-11-05 14:40:00,New York,user602@example.com
603,Rider_603,2023-03-16 12:09:00,Boston,user603@example.com
604,Rider_604,2022-08-26 21:09:00,Los Angeles,user604@example.com
605,Rider_605,2022-12-08 06:20:00,Vancouver,user605@example.com
606,Rider_606,2021-03-03 23:45:00,New York,user606@example.com
607,Rider_607,2021-06-10 08:30:00,Los Angeles,user607@example.com
608,Rider_608,2023-09-12 05:05:00,Calgary,user608@example.com
609,Rider_609,2024-02-27 12:23:00,San Francisco,user609@example.com
610,Rider_610,2023-06-18 20:56:00,San Francisco,user610@example.com
611,Rider_611,2023-06-05 17:06:00,Calgary,user611@example.com
612,Rider_612,2022-08-09 02:53:00,Chicago,user612@example.com
613,Rider_613,2022-07-22 11:15:00,Montreal,user613@example.com
614,Rider_614,2023-10-12 22:09:00,Ottawa,user614@example.com
615,Rider_615,2023-03-14 14:35:00,Toronto,user615@example.com
616,Rider_616,2022-08-08 14:33:00,San Francisco,user616@example.com
617,Rider_617,2023-03-14 03:44:00,Boston,user617@example.com
618,Rider_618,2022-07-03 04:59:00,Montreal,user618@example.com
619,Rider_619,2023-01-27 07:30:00,Los Angeles,user619@example.com
620,Rider_620,2023-07-28 14:37:00,Vancouver,user620@example.com
621,Rider_621,2023-02-19 13:50:00,New York,user621@example.com
622,Rider_622,2022-11-15 08:36:00,Chicago,user622@example.com
623,Rider_623,2021-12-24 06:40:00,Chicago,user623@example.com
624,Rider_624,2023-03-11 07:29:00,Toronto,user624@example.com
625,Rider_625,2021-11-25 13:55:00,San Francisco,user625@example.com
626,Rider_626,2021-10-18 08:20:00,Chicago,user626@example.com
627,Rider_627,2022-07-17 16:39:00,Chicago,user627@example.com
628,Rider_628,2024-01-20 06:58:00,Ottawa,user628@example.com
629,Rider_629,2023-10-24 23:57:00,Toronto,user629@example.com
630,Rider_630,2022-10-07 01:55:00,Boston,user630@example.com
631,Rider_631,2024-01-24 21:04:00,Los Angeles,user631@example.com
632,Rider_632,2023-01-19 00:14:00,Toronto,user632@example.com
633,Rider_633,2023-01-15 03:12:00,Vancouver,user633@example.com
634,Rider_634,2023-07-07 18:16:00,Boston,user634@example.com
635,Rider_635,2023-10-03 11:34:00,Chicago,user635@example.com
636,Rider_636,2021-02-04 20:50:00,Montreal,user636@example.com
637,Rider_637,2021-03-09 00:32:00,Boston,user637@example.com
638,Rider_638,2023-06-10 21:07:00,Chicago,user638@example.com
639,Rider_639,2021-09-08 07:19:00,Ottawa,user639@example.com
640,Rider_640,2023-09-05 22:58:00,Chicago,user640@example.com
641,Rider_641,2021-03-02 21:08:00,Calgary,user641@example.com
642,Rider_642,2021-08-17 03:31:00,Ottawa,user642@example.com
643,Rider_643,2021-09-16 09:39:00,New York,user643@example.com
644,Rider_644,2021-10-07 16:17:00,San Francisco,user644@example.com
645,Rider_645,2022-09-22 20:30:00,Calgary,user645@example.com
646,Rider_646,2023-05-26 12:42:00,Ottawa,user646@example.com
647,Rider_647,2024-01-23 18:40:00,New York,user647@example.com
648,Rider_648,2021-05-14 04:56:00,San Francisco,user648@example.com
649,Rider_649,2022-11-29 19:30:00,Boston,user649@example.com
650,Rider_650,2023-01-03 07:34:00,Ottawa,user650@example.com
651,Rider_651,2021-09-22 23:11:00,Vancouver,user651@example.com
652,Rider_652,2022-10-01 02:29:00,Boston,user652@example.com
653,Rider_653,2021-08-10 16:41:00,Ottawa,user653@example.com
654,Rider_654,2024-04-07 06:06:00,Ottawa,user654@example.com
655,Rider_655,2023-08-27 03:01:00,Chicago,user655@example.com
656,Rider_656,2022-02-15 22:02:00,Calgary,user656@example.com
657,Rider_657,2024-01-30 23:38:00,Chicago,user657@example.com
658,Rider_658,2022-12-06 10:35:00,Los Angeles,user658@example.com
659,Rider_659,2023-07-07 11:00:00,Ottawa,user659@example.com
660,Rider_660,2021-12-24 00:04:00,Toronto,user660@example.com
661,Rider_661,2022-08-22 19:03:00,Montreal,user661@example.com
662,Rider_662,2021-06-18 15:47:00,Chicago,user662@example.com
663,Rider_663,2021-11-11 08:06:00,New York,user663@example.com
664,Rider_664,2023-02-23 11:53:00,Calgary,user664@example.com
665,Rider_665,2021-08-21 08:02:00,Montreal,user665@example.com
666,Rider_666,2021-05-30 14:16:00,Ottawa,user666@example.com
667,Rider_667,2023-01-10 05:41:00,Chicago,user667@example.com
668,Rider_668,2023-07-21 18:40:00,Ottawa,user668@example.com
669,Rider_669,2024-05-02 16:43:00,New York,user669@example.com
670,Rider_670,2023-02-21 21:28:00,Calgary,user670@example.com
671,Rider_671,2021-05-25 18:22:00,Toronto,user671@example.com
672,Rider_672,2023-10-22 07:56:00,Vancouver,user672@example.com
673,Rider_673,2023-07-27 11:09:00,Chicago,user673@example.com
674,Rider_674,2021-01-02 20:44:00,Calgary,user674@example.com
675,Rider_675,2023-03-22 23:13:00,Montreal,user675@example.com
676,Rider_676,2022-07-30 08:40:00,Montreal,user676@example.com
677,Rider_677,2023-12-20 18:00:00,New York,user677@example.com
678,Rider_678,2022-10-29 08:38:00,Calgary,user678@example.com
679,Rider_679,2024-05-31 07:55:00,Boston,user679@example.com
680,Rider_680,2024-05-11 12:45:00,Vancouver,user680@example.com
681,Rider_681,2022-06-29 12:15:00,Montreal,user681@example.com
682,Rider_682,2024-06-03 22:26:00,Ottawa,user682@example.com
683,Rider_683,2021-06-01 19:09:00,Ottawa,user683@example.com
684,Rider_684,2021-07-27 23:31:00,Montreal,user684@example.com
685,Rider_685,2023-01-12 05:06:00,San Francisco,user685@example.com
686,Rider_686,2021-05-11 04:56:00,Boston,user686@example.com
687,Rider_687,2023-07-19 09:57:00,San Francisco,user687@example.com
688,Rider_688,2022-09-27 19:27:00,Calgary,user688@example.com
689,Rider_689,2021-10-21 15:12:00,San Francisco,user689@example.com
690,Rider_690,2024-01-07 14:59:00,New York,user690@example.com
691,Rider_691,2023-06-17 20:55:00,New York,user691@example.com
692,Rider_692,2021-07-03 00:58:00,Calgary,user692@example.com
693,Rider_693,2021-01-12 04:12:00,Calgary,user693@example.com
694,Rider_694,2023-10-14 19:14:00,Montreal,user694@example.com
695,Rider_695,2023-12-05 09:48:00,Boston,user695@example.com
696,Rider_696,2022-09-28 02:50:00,Los Angeles,user696@example.com
697,Rider_697,2021-06-15 13:42:00,Los Angeles,user697@example.com
698,Rider_698,2022-10-24 21:06:00,Chicago,user698@example.com
699,Rider_699,2022-01-30 00:06:00,Ottawa,user699@example.com
700,Rider_700,2023-04-13 19:26:00,San Francisco,user700@example.com
701,Rider_701,2023-05-28 04:25:00,Montreal,user701@example.com
702,Rider_702,2023-08-09 12:33:00,Los Angeles,user702@example.com
703,Rider_703,2023-11-24 06:49:00,San Francisco,user703@example.com
704,Rider_704,2024-03-18 19:23:00,Montreal,user704@example.com
705,Rider_705,2022-10-04 22:15:00,Boston,user705@example.com
706,Rider_706,2024-05-02 13:45:00,Calgary,user706@example.com
707,Rider_707,2023-01-20 11:42:00,Calgary,user707@example.com
708,Rider_708,2022-07-30 02:32:00,Chicago,user708@example.com
709,Rider_709,2023-05-13 00:35:00,Calgary,user709@example.com
710,Rider_710,2022-01-30 05:30:00,Vancouver,user710@example.com
711,Rider_711,2023-06-17 08:23:00,San Francisco,user711@example.com
712,Rider_712,2024-04-17 16:03:00,Los Angeles,user712@example.com
713,Rider_713,2024-02-17 23:57:00,Montreal,user713@example.com
714,Rider_714,2023-10-22 03:50:00,Chicago,user714@example.com
715,Rider_715,2024-03-07 16:32:00,Toronto,user715@example.com
716,Rider_716,2022-11-25 18:15:00,Boston,user716@example.com
717,Rider_717,2021-06-05 18:39:00,Chicago,user717@example.com
718,Rider_718,2023-03-01 16:25:00,Boston,user718@example.com
719,Rider_719,2024-05-06 03:13:00,Montreal,user719@example.com
720,Rider_720,2024-05-29 01:59:00,Los Angeles,user720@example.com
721,Rider_721,2023-08-12 20:31:00,Calgary,user721@example.com
722,Rider_722,2021-09-07 16:44:00,New York,user722@example.com
723,Rider_723,2023-09-15 19:11:00,Montreal,user723@example.com
724,Rider_724,2024-06-03 13:03:00,New York,user724@example.com
725,Rider_725,2021-08-14 18:14:00,Toronto,user725@example.com
726,Rider_726,2023-07-22 10:46:00,Vancouver,user726@example.com
727,Rider_727,2021-05-17 22:07:00,Montreal,user727@example.com
728,Rider_728,2022-02-13 16:46:00,Toronto,user728@example.com
729,Rider_729,2022-07-31 01:44:00,Boston,user729@example.com
730,Rider_730,2023-08-05 02:14:00,Toronto,user730@example.com
731,Rider_731,2024-01-31 11:07:00,New York,user731@example.com
732,Rider_732,2022-09-15 09:07:00,Montreal,user732@example.com
733,Rider_733,2023-10-17 07:59:00,Ottawa,user733@example.com
734,Rider_734,2022-03-22 00:20:00,Calgary,user734@example.com
735,Rider_735,2021-03-31 06:22:00,Ottawa,user735@example.com
736,Rider_736,2023-09-22 15:47:00,Chicago,user736@example.com
737,Rider_737,2022-11-13 22:03:00,Vancouver,user737@example.com
738,Rider_738,2021-11-10 08:11:00,New York,user738@example.com
739,Rider_739,2022-03-21 07:05:00,Calgary,user739@example.com
740,Rider_740,2021-02-22 05:02:00,Boston,user740@example.com
741,Rider_741,2023-03-05 02:36:00,Ottawa,user741@example.com
742,Rider_742,2023-12-22 00:05:00,Calgary,user742@example.com
743,Rider_743,2023-08-14 15:56:00,Boston,user743@example.com
744,Rider_744,2023-11-14 01:27:00,Chicago,user744@example.com
745,Rider_745,2022-07-13 20:04:00,New York,user745@example.com
746,Rider_746,2023-10-15 12:52:00,Boston,user746@example.com
747,Rider_747,2021-09-02 13:57:00,New York,user747@example.com
748,Rider_748,2022-03-05 15:40:00,Toronto,user748@example.com
749,Rider_749,2022-07-03 13:33:00,Montreal,user749@example.com
750,Rider_750,2022-09-22 20:18:00,Montreal,user750@example.com
751,Rider_751,2021-11-08 04:06:00,Ottawa,user751@example.com
752,Rider_752,2021-01-24 20:54:00,Calgary,user752@example.com
753,Rider_753,2021-05-21 01:37:00,Toronto,user753@example.com
754,Rider_754,2022-03-18 22:41:00,Calgary,user754@example.com
755,Rider_755,2023-06-25 13:17:00,Calgary,user755@example.com
756,Rider_756,2022-06-24 18:48:00,Los Angeles,user756@example.com
757,Rider_757,2021-12-18 12:54:00,San Francisco,user757@example.com
758,Rider_758,2021-10-30 04:25:00,Ottawa,user758@example.com
759,Rider_759,2022-09-20 12:35:00,Vancouver,user759@example.com
760,Rider_760,2021-01-08 05:25:00,Ottawa,user760@example.com
761,Rider_761,2021-09-29 21:46:00,San Francisco,user761@example.com
762,Rider_762,2023-02-26 09:55:00,Montreal,user762@example.com
763,Rider_763,2023-05-18 19:15:00,Toronto,user763@example.com
764,Rider_764,2023-02-21 15:30:00,Toronto,user764@example.com
765,Rider_765,2022-06-13 02:50:00,San Francisco,user765@example.com
766,Rider_766,2024-06-01 07:51:00,Toronto,user766@example.com
767,Rider_767,2022-02-05 07:30:00,Calgary,user767@example.com
768,Rider_768,2024-05-17 11:41:00,Calgary,user768@example.com
769,Rider_769,2022-01-24 13:57:00,Ottawa,user769@example.com
770,Rider_770,2022-08-09 18:34:00,Vancouver,user770@example.com
771,Rider_771,2023-01-22 07:01:00,Ottawa,user771@example.com
772,Rider_772,2024-03-22 16:39:00,Boston,user772@example.com
773,Rider_773,2024-04-19 20:25:00,Los Angeles,user773@example.com
774,Rider_774,2023-11-25 19:41:00,Vancouver,user774@example.com
775,Rider_775,2023-07-01 14:28:00,Vancouver,user775@example.com
776,Rider_776,2023-01-19 17:09:00,New York,user776@example.com
777,Rider_777,2022-02-05 12:13:00,Toronto,user777@example.com
778,Rider_778,2022-08-18 11:05:00,Toronto,user778@example.com
779,Rider_779,2023-11-18 13:08:00,Boston,user779@example.com
780,Rider_780,2024-05-28 00:10:00,Boston,user780@example.com
781,Rider_781,2022-10-03 16:21:00,Los Angeles,user781@example.com
782,Rider_782,2023-03-14 08:40:00,Los Angeles,user782@example.com
783,Rider_783,2021-01-16 02:30:00,Calgary,user783@example.com
784,Rider_784,2022-01-21 15:42:00,San Francisco,user784@example.com
785,Rider_785,2021-05-25 11:38:00,San Francisco,user785@example.com
786,Rider_786,2023-11-13 13:16:00,Montreal,user786@example.com
787,Rider_787,2021-04-29 02:33:00,Los Angeles,user787@example.com
788,Rider_788,2021-10-05 06:25:00,Calgary,user788@example.com
789,Rider_789,2022-05-03 14:01:00,Vancouver,user789@example.com
790,Rider_790,2021-12-06 12:44:00,Los Angeles,user790@example.com
791,Rider_791,2022-02-22 23:52:00,Ottawa,user791@example.com
792,Rider_792,2024-03-05 02:43:00,Chicago,user792@example.com
793,Rider_793,2023-02-15 04:02:00,Boston,user793@example.com
794,Rider_794,2021-12-31 20:15:00,Boston,user794@example.com
795,Rider_795,2022-02-17 07:01:00,Boston,user795@example.com
796,Rider_796,2021-12-23 01:28:00,Boston,user796@example.com
797,Rider_797,2022-01-23 21:19:00,Boston,user797@example.com
798,Rider_798,2022-07-08 01:39:00,Ottawa,user798@example.com
799,Rider_799,2024-04-25 00:55:00,Chicago,user799@example.com
800,Rider_800,2021-07-06 05:23:00,Toronto,user800@example.com
801,Rider_801,2023-11-16 20:06:00,Toronto,user801@example.com
802,Rider_802,2023-08-12 13:07:00,Vancouver,user802@example.com
803,Rider_803,2024-04-02 05:05:00,New York,user803@example.com
804,Rider_804,2021-03-07 15:41:00,Calgary,user804@example.com
805,Rider_805,2022-07-31 15:12:00,Vancouver,user805@example.com
806,Rider_806,2022-05-05 23:35:00,Ottawa,user806@example.com
807,Rider_807,2023-06-12 11:38:00,Vancouver,user807@example.com
808,Rider_808,2023-02-02 10:32:00,San Francisco,user808@example.com
809,Rider_809,2024-04-02 05:45:00,Chicago,user809@example.com
810,Rider_810,2022-03-12 09:05:00,Calgary,user810@example.com
811,Rider_811,2021-12-12 00:13:00,Montreal,user811@example.com
812,Rider_812,2021-07-19 05:21:00,Ottawa,user812@example.com
813,Rider_813,2023-03-28 16:50:00,New York,user813@example.com
814,Rider_814,2023-01-14 01:03:00,Montreal,user814@example.com
815,Rider_815,2021-02-20 14:01:00,Calgary,user815@example.com
816,Rider_816,2022-06-24 11:52:00,Calgary,user816@example.com
817,Rider_817,2023-12-03 04:33:00,Montreal,user817@example.com
818,Rider_818,2022-12-12 05:30:00,Chicago,user818@example.com
819,Rider_819,2023-12-21 16:26:00,Toronto,user819@example.com
820,Rider_820,2022-12-16 16:40:00,Calgary,user820@example.com
821,Rider_821,2023-12-07 15:37:00,Los Angeles,user821@example.com
822,Rider_822,2021-01-19 08:40:00,New York,user822@example.com
823,Rider_823,2022-08-13 10:06:00,Boston,user823@example.com
824,Rider_824,2021-06-06 12:09:00,Ottawa,user824@example.com
825,Rider_825,2022-07-16 17:30:00,Los Angeles,user825@example.com
826,Rider_826,2022-02-08 10:20:00,Ottawa,user826@example.com
827,Rider_827,2023-05-03 03:55:00,Chicago,user827@example.com
828,Rider_828,2022-01-04 09:11:00,San Francisco,user828@example.com
829,Rider_829,2023-01-03 05:01:00,San Francisco,user829@example.com
830,Rider_830,2022-06-17 23:33:00,Ottawa,user830@example.com
831,Rider_831,2021-10-13 16:47:00,Los Angeles,user831@example.com
832,Rider_832,2022-10-21 13:44:00,Vancouver,user832@example.com
833,Rider_833,2022-10-14 00:55:00,Boston,user833@example.com
834,Rider_834,2022-07-22 03:05:00,Los Angeles,user834@example.com
835,Rider_835,2022-03-11 09:20:00,Montreal,user835@example.com
836,Rider_836,2021-10-07 10:45:00,Vancouver,user836@example.com
837,Rider_837,2021-07-23 17:13:00,Ottawa,user837@example.com
838,Rider_838,2023-12-02 16:22:00,Ottawa,user838@example.com
839,Rider_839,2021-06-05 03:24:00,Boston,user839@example.com
840,Rider_840,2024-06-03 02:33:00,San Francisco,user840@example.com
841,Rider_841,2023-05-13 16:34:00,Boston,user841@example.com
842,Rider_842,2022-08-15 16:21:00,Montreal,user842@example.com
843,Rider_843,2021-08-15 13:26:00,Boston,user843@example.com
844,Rider_844,2023-01-05 18:14:00,Chicago,user844@example.com
845,Rider_845,2021-10-02 08:23:00,New York,user845@example.com
846,Rider_846,2023-02-16 02:21:00,Montreal,user846@example.com
847,Rider_847,2023-09-07 16:24:00,Chicago,user847@example.com
848,Rider_848,2023-04-10 12:18:00,Calgary,user848@example.com
849,Rider_849,2024-05-04 23:20:00,Los Angeles,user849@example.com
850,Rider_850,2022-04-12 02:05:00,Vancouver,user850@example.com
851,Rider_851,2023-05-24 06:02:00,San Francisco,user851@example.com
852,Rider_852,2021-03-16 02:43:00,Ottawa,user852@example.com
853,Rider_853,2021-06-03 18:02:00,Montreal,user853@example.com
854,Rider_854,2021-04-04 06:19:00,Chicago,user854@example.com
855,Rider_855,2022-01-31 00:36:00,Boston,user855@example.com
856,Rider_856,2023-09-06 10:57:00,Vancouver,user856@example.com
857,Rider_857,2022-11-30 19:48:00,Toronto,user857@example.com
858,Rider_858,2022-02-08 12:53:00,Los Angeles,user858@example.com
859,Rider_859,2022-07-14 17:12:00,Los Angeles,user859@example.com
860,Rider_860,2023-05-17 00:47:00,Calgary,user860@example.com
861,Rider_861,2022-06-19 14:28:00,San Francisco,user861@example.com
862,Rider_862,2022-10-02 15:33:00,New York,user862@example.com
863,Rider_863,2022-06-30 09:36:00,Toronto,user863@example.com
864,Rider_864,2021-11-06 01:41:00,Ottawa,user864@example.com
865,Rider_865,2023-06-14 14:54:00,Ottawa,user865@example.com
866,Rider_866,2021-09-29 03:16:00,Calgary,user866@example.com
867,Rider_867,2022-07-06 15:25:00,San Francisco,user867@example.com
868,Rider_868,2023-11-12 18:26:00,Los Angeles,user868@example.com
869,Rider_869,2023-01-28 07:05:00,Calgary,user869@example.com
870,Rider_870,2021-05-02 19:14:00,Vancouver,user870@example.com
871,Rider_871,2023-08-12 07:02:00,Montreal,user871@example.com
872,Rider_872,2022-12-22 09:55:00,San Francisco,user872@example.com
873,Rider_873,2021-09-18 07:40:00,Chicago,user873@example.com
874,Rider_874,2022-10-18 06:27:00,Los Angeles,user874@example.com
875,Rider_875,2023-06-08 00:11:00,Ottawa,user875@example.com
876,Rider_876,2021-04-21 19:54:00,Montreal,user876@example.com
877,Rider_877,2021-09-09 15:46:00,Toronto,user877@example.com
878,Rider_878,2021-12-21 12:34:00,Los Angeles,user878@example.com
879,Rider_879,2022-05-08 06:04:00,Los Angeles,user879@example.com
880,Rider_880,2024-01-09 14:52:00,San Francisco,user880@example.com
881,Rider_881,2023-07-30 10:23:00,San Francisco,user881@example.com
882,Rider_882,2022-02-26 08:51:00,Montreal,user882@example.com
883,Rider_883,2024-04-28 04:49:00,Vancouver,user883@example.com
884,Rider_884,2024-03-07 19:33:00,Los Angeles,user884@example.com
885,Rider_885,2023-03-21 05:53:00,Ottawa,user885@example.com
886,Rider_886,2022-10-06 02:37:00,Vancouver,user886@example.com
887,Rider_887,2021-10-13 15:46:00,Chicago,user887@example.com
888,Rider_888,2021-07-14 05:49:00,New York,user888@example.com
889,Rider_889,2023-10-26 09:59:00,Boston,user889@example.com
890,Rider_890,2024-03-01 13:40:00,San Francisco,user890@example.com
891,Rider_891,2021-11-24 02:40:00,Toronto,user891@example.com
892,Rider_892,2022-09-09 18:55:00,Chicago,user892@example.com
893,Rider_893,2021-05-29 10:30:00,Toronto,user893@example.com
894,Rider_894,2023-01-06 01:38:00,Toronto,user894@example.com
895,Rider_895,2021-03-25 14:45:00,Calgary,user895@example.com
896,Rider_896,2024-04-12 14:29:00,New York,user896@example.com
897,Rider_897,2023-03-25 23:29:00,Montreal,user897@example.com
898,Rider_898,2021-06-11 10:43:00,Toronto,user898@example.com
899,Rider_899,2023-08-19 04:31:00,San Francisco,user899@example.com
900,Rider_900,2021-05-11 23:21:00,Chicago,user900@example.com
901,Rider_901,2022-04-26 14:10:00,Montreal,user901@example.com
902,Rider_902,2022-01-20 07:36:00,Boston,user902@example.com
903,Rider_903,2022-11-20 10:13:00,San Francisco,user903@example.com
904,Rider_904,2021-07-23 22:21:00,Chicago,user904@example.com
905,Rider_905,2021-09-23 00:43:00,Calgary,user905@example.com
906,Rider_906,2021-02-24 14:40:00,New York,user906@example.com
907,Rider_907,2022-05-21 04:23:00,Los Angeles,user907@example.com
908,Rider_908,2022-12-27 18:14:00,Vancouver,user908@example.com
909,Rider_909,2022-02-28 04:20:00,Calgary,user909@example.com
910,Rider_910,2022-11-23 01:01:00,Calgary,user910@example.com
911,Rider_911,2023-12-20 17:15:00,Chicago,user911@example.com
912,Rider_912,2021-10-03 00:24:00,Calgary,user912@example.com
913,Rider_913,2023-07-18 07:33:00,Ottawa,user913@example.com
914,Rider_914,2023-09-08 07:09:00,Vancouver,user914@example.com
915,Rider_915,2022-11-07 17:07:00,Ottawa,user915@example.com
916,Rider_916,2023-09-21 20:58:00,Calgary,user916@example.com
917,Rider_917,2022-04-27 01:00:00,Calgary,user917@example.com
918,Rider_918,2023-01-19 05:16:00,Los Angeles,user918@example.com
919,Rider_919,2021-12-19 19:57:00,Calgary,user919@example.com
920,Rider_920,2022-11-18 09:44:00,Toronto,user920@example.com
921,Rider_921,2022-07-23 05:23:00,San Francisco,user921@example.com
922,Rider_922,2022-02-08 14:18:00,Montreal,user922@example.com
923,Rider_923,2022-04-17 14:01:00,Chicago,user923@example.com
924,Rider_924,2021-01-01 03:26:00,New York,user924@example.com
925,Rider_925,2024-03-23 23:13:00,Calgary,user925@example.com
926,Rider_926,2022-06-19 04:57:00,Chicago,user926@example.com
927,Rider_927,2022-12-30 20:58:00,San Francisco,user927@example.com
928,Rider_928,2021-01-13 22:05:00,Calgary,user928@example.com
929,Rider_929,2024-03-19 14:03:00,Vancouver,user929@example.com
930,Rider_930,2022-04-11 10:17:00,Vancouver,user930@example.com
931,Rider_931,2024-04-04 17:40:00,New York,user931@example.com
932,Rider_932,2024-05-24 14:16:00,Montreal,user932@example.com
933,Rider_933,2023-07-17 09:54:00,San Francisco,user933@example.com
934,Rider_934,2024-05-22 17:38:00,Boston,user934@example.com
935,Rider_935,2023-05-02 14:49:00,New York,user935@example.com
936,Rider_936,2021-10-20 22:26:00,Los Angeles,user936@example.com
937,Rider_937,2023-05-21 18:58:00,Montreal,user937@example.com
938,Rider_938,2022-09-06 05:25:00,Montreal,user938@example.com
939,Rider_939,2021-09-11 15:07:00,Boston,user939@example.com
940,Rider_940,2022-08-11 18:12:00,Montreal,user940@example.com
941,Rider_941,2022-02-13 12:36:00,Boston,user941@example.com
942,Rider_942,2022-10-18 22:13:00,Toronto,user942@example.com
943,Rider_943,2023-03-14 12:37:00,Boston,user943@example.com
944,Rider_944,2024-06-08 12:34:00,Ottawa,user944@example.com
945,Rider_945,2022-03-19 05:31:00,San Francisco,user945@example.com
946,Rider_946,2024-06-10 10:34:00,Calgary,user946@example.com
947,Rider_947,2022-10-04 10:10:00,San Francisco,user947@example.com
948,Rider_948,2021-04-17 08:31:00,Boston,user948@example.com
949,Rider_949,2021-08-01 05:42:00,Chicago,user949@example.com
950,Rider_950,2021-06-21 10:22:00,San Francisco,user950@example.com
951,Rider_951,2023-08-18 14:37:00,Vancouver,user951@example.com
952,Rider_952,2022-02-27 17:53:00,Vancouver,user952@example.com
953,Rider_953,2023-02-04 06:56:00,Ottawa,user953@example.com
954,Rider_954,2022-05-14 02:27:00,Boston,user954@example.com
955,Rider_955,2021-08-25 08:32:00,New York,user955@example.com
956,Rider_956,2023-04-12 01:09:00,New York,user956@example.com
957,Rider_957,2021-10-16 20:15:00,New York,user957@example.com
958,Rider_958,2022-03-15 05:59:00,Toronto,user958@example.com
959,Rider_959,2021-07-14 05:47:00,San Francisco,user959@example.com
960,Rider_960,2024-02-04 12:30:00,Vancouver,user960@example.com
961,Rider_961,2021-12-28 15:48:00,New York,user961@example.com
962,Rider_962,2021-08-23 01:53:00,Toronto,user962@example.com
963,Rider_963,2023-02-06 17:58:00,New York,user963@example.com
964,Rider_964,2022-06-16 03:26:00,Boston,user964@example.com
965,Rider_965,2022-04-30 00:25:00,Montreal,user965@example.com
966,Rider_966,2022-07-31 22:41:00,Vancouver,user966@example.com
967,Rider_967,2023-12-19 15:36:00,Vancouver,user967@example.com
968,Rider_968,2022-05-29 00:33:00,New York,user968@example.com
969,Rider_969,2024-03-11 23:15:00,Toronto,user969@example.com
970,Rider_970,2021-03-29 01:15:00,Chicago,user970@example.com
971,Rider_971,2024-04-19 22:26:00,San Francisco,user971@example.com
972,Rider_972,2021-04-21 21:24:00,Montreal,user972@example.com
973,Rider_973,2023-01-01 08:20:00,Calgary,user973@example.com
974,Rider_974,2021-10-26 13:26:00,Chicago,user974@example.com
975,Rider_975,2022-08-16 18:14:00,San Francisco,user975@example.com
976,Rider_976,2021-07-09 11:03:00,New York,user976@example.com
977,Rider_977,2022-08-21 18:18:00,Boston,user977@example.com
978,Rider_978,2022-01-19 22:52:00,Vancouver,user978@example.com
979,Rider_979,2021-11-06 09:57:00,New York,user979@example.com
980,Rider_980,2024-02-17 06:49:00,Vancouver,user980@example.com
981,Rider_981,2023-03-21 13:28:00,Toronto,user981@example.com
982,Rider_982,2023-01-05 12:12:00,Boston,user982@example.com
983,Rider_983,2023-11-25 14:00:00,Montreal,user983@example.com
984,Rider_984,2022-05-17 20:40:00,San Francisco,user984@example.com
985,Rider_985,2023-09-05 08:56:00,Chicago,user985@example.com
986,Rider_986,2024-03-02 21:20:00,New York,user986@example.com
987,Rider_987,2023-03-21 05:32:00,Calgary,user987@example.com
988,Rider_988,2022-01-29 12:11:00,Toronto,user988@example.com
989,Rider_989,2023-09-19 21:45:00,Vancouver,user989@example.com
990,Rider_990,2021-11-05 16:57:00,San Francisco,user990@example.com
991,Rider_991,2021-03-22 21:57:00,Los Angeles,user991@example.com
992,Rider_992,2021-06-25 10:16:00,Boston,user992@example.com
993,Rider_993,2023-09-11 04:33:00,Boston,user993@example.com
994,Rider_994,2022-05-20 02:44:00,Montreal,user994@example.com
995,Rider_995,2021-09-17 23:38:00,New York,user995@example.com
996,Rider_996,2023-06-28 07:04:00,San Francisco,user996@example.com
997,Rider_997,2022-09-07 20:48:00,Toronto,user997@example.com
998,Rider_998,2021-01-14 20:55:00,Boston,user998@example.com
999,Rider_999,2023-06-22 16:07:00,New York,user999@example.com
1000,Rider_1000,2023-12-06 09:39:00,Vancouver,user1000@example.com
1001,Rider_1001,2021-08-29 18:31:00,Ottawa,user1001@example.com
1002,Rider_1002,2024-04-12 09:23:00,Los Angeles,user1002@example.com
1003,Rider_1003,2022-01-22 09:02:00,Toronto,user1003@example.com
1004,Rider_1004,2023-02-16 14:20:00,Chicago,user1004@example.com
1005,Rider_1005,2023-12-02 13:52:00,Toronto,user1005@example.com
1006,Rider_1006,2022-06-10 17:17:00,Ottawa,user1006@example.com
1007,Rider_1007,2021-04-03 20:34:00,New York,user1007@example.com
1008,Rider_1008,2023-09-29 07:29:00,Los Angeles,user1008@example.com
1009,Rider_1009,2023-12-26 11:24:00,Chicago,user1009@example.com
1010,Rider_1010,2024-05-14 12:00:00,Calgary,user1010@example.com
1011,Rider_1011,2021-07-15 11:11:00,Toronto,user1011@example.com
1012,Rider_1012,2021-12-28 10:44:00,Vancouver,user1012@example.com
1013,Rider_1013,2023-05-18 08:48:00,Los Angeles,user1013@example.com
1014,Rider_1014,2024-06-05 08:09:00,Los Angeles,user1014@example.com
1015,Rider_1015,2024-02-13 23:15:00,Vancouver,user1015@example.com
1016,Rider_1016,2021-02-03 04:05:00,Boston,user1016@example.com
1017,Rider_1017,2022-07-11 09:27:00,Montreal,user1017@example.com
1018,Rider_1018,2022-01-25 10:37:00,Chicago,user1018@example.com
1019,Rider_1019,2023-01-24 21:22:00,New York,user1019@example.com
1020,Rider_1020,2023-05-19 09:57:00,Vancouver,user1020@example.com
1021,Rider_1021,2023-04-24 02:35:00,San Francisco,user1021@example.com
1022,Rider_1022,2021-10-22 19:21:00,Vancouver,user1022@example.com
1023,Rider_1023,2021-10-17 21:56:00,Ottawa,user1023@example.com
1024,Rider_1024,2022-06-25 01:52:00,Calgary,user1024@example.com
1025,Rider_1025,2024-02-12 17:56:00,Los Angeles,user1025@example.com
1026,Rider_1026,2022-03-04 16:50:00,Vancouver,user1026@example.com
1027,Rider_1027,2023-05-12 10:00:00,Ottawa,user1027@example.com
1028,Rider_1028,2021-04-17 23:54:00,Chicago,user1028@example.com
1029,Rider_1029,2021-08-29 19:46:00,Calgary,user1029@example.com
1030,Rider_1030,2022-04-05 07:28:00,Vancouver,user1030@example.com
1031,Rider_1031,2023-04-22 08:32:00,San Francisco,user1031@example.com
1032,Rider_1032,2022-12-07 09:17:00,Los Angeles,user1032@example.com
1033,Rider_1033,2024-04-20 08:18:00,New York,user1033@example.com
1034,Rider_1034,2022-08-12 19:46:00,Calgary,user1034@example.com
1035,Rider_1035,2021-01-30 01:55:00,Chicago,user1035@example.com
1036,Rider_1036,2022-07-20 13:42:00,Ottawa,user1036@example.com
1037,Rider_1037,2022-01-06 22:36:00,Ottawa,user1037@example.com
1038,Rider_1038,2024-01-26 00:57:00,Los Angeles,user1038@example.com
1039,Rider_1039,2023-10-20 14:48:00,Toronto,user1039@example.com
1040,Rider_1040,2022-08-25 22:42:00,Calgary,user1040@example.com
1041,Rider_1041,2023-03-26 02:44:00,Boston,user1041@example.com
1042,Rider_1042,2024-04-04 12:38:00,Vancouver,user1042@example.com
1043,Rider_1043,2021-08-28 10:26:00,Calgary,user1043@example.com
1044,Rider_1044,2022-03-16 19:49:00,Ottawa,user1044@example.com
1045,Rider_1045,2022-09-29 14:37:00,Los Angeles,user1045@example.com
1046,Rider_1046,2021-06-21 14:24:00,Los Angeles,user1046@example.com
1047,Rider_1047,2023-03-24 18:19:00,Toronto,user1047@example.com
1048,Rider_1048,2021-03-10 00:08:00,Toronto,user1048@example.com
1049,Rider_1049,2021-10-05 12:08:00,Chicago,user1049@example.com
1050,Rider_1050,2021-11-10 22:03:00,New York,user1050@example.com
1051,Rider_1051,2023-01-24 23:54:00,Toronto,user1051@example.com
1052,Rider_1052,2021-06-03 09:48:00,Boston,user1052@example.com
1053,Rider_1053,2023-06-07 00:52:00,New York,user1053@example.com
1054,Rider_1054,2023-10-20 01:04:00,Montreal,user1054@example.com
1055,Rider_1055,2023-03-28 20:02:00,Vancouver,user1055@example.com
1056,Rider_1056,2023-12-26 10:52:00,Ottawa,user1056@example.com
1057,Rider_1057,2022-02-02 14:04:00,Ottawa,user1057@example.com
1058,Rider_1058,2022-07-24 02:40:00,New York,user1058@example.com
1059,Rider_1059,2023-07-31 07:35:00,Boston,user1059@example.com
1060,Rider_1060,2021-01-21 07:53:00,Toronto,user1060@example.com
1061,Rider_1061,2023-10-16 16:06:00,Boston,user1061@example.com
1062,Rider_1062,2021-05-05 05:00:00,Vancouver,user1062@example.com
1063,Rider_1063,2024-05-29 08:11:00,Vancouver,user1063@example.com
1064,Rider_1064,2022-07-15 16:17:00,New York,user1064@example.com
1065,Rider_1065,2024-02-29 22:50:00,Calgary,user1065@example.com
1066,Rider_1066,2022-07-28 07:52:00,Montreal,user1066@example.com
1067,Rider_1067,2023-08-17 08:56:00,New York,user1067@example.com
1068,Rider_1068,2023-04-02 19:19:00,San Francisco,user1068@example.com
1069,Rider_1069,2024-02-15 16:42:00,New York,user1069@example.com
1070,Rider_1070,2022-04-18 02:22:00,Toronto,user1070@example.com
1071,Rider_1071,2021-12-02 09:20:00,Toronto,user1071@example.com
1072,Rider_1072,2021-05-31 20:52:00,Calgary,user1072@example.com
1073,Rider_1073,2024-02-01 12:22:00,Toronto,user1073@example.com
1074,Rider_1074,2023-04-06 21:45:00,Boston,user1074@example.com
1075,Rider_1075,2021-10-22 07:35:00,Montreal,user1075@example.com
1076,Rider_1076,2023-03-29 09:51:00,Boston,user1076@example.com
1077,Rider_1077,2023-06-05 12:10:00,Boston,user1077@example.com
1078,Rider_1078,2023-05-18 11:32:00,Chicago,user1078@example.com
1079,Rider_1079,2022-10-07 23:12:00,Calgary,user1079@example.com
1080,Rider_1080,2024-04-05 09:06:00,Toronto,user1080@example.com
1081,Rider_1081,2022-07-11 01:50:00,Ottawa,user1081@example.com
1082,Rider_1082,2023-12-28 08:58:00,Vancouver,user1082@example.com
1083,Rider_1083,2021-06-11 17:13:00,Montreal,user1083@example.com
1084,Rider_1084,2024-05-16 01:06:00,Chicago,user1084@example.com
1085,Rider_1085,2023-05-05 08:11:00,Chicago,user1085@example.com
1086,Rider_1086,2023-02-24 00:18:00,Montreal,user1086@example.com
1087,Rider_1087,2023-10-19 10:33:00,Los Angeles,user1087@example.com
1088,Rider_1088,2023-04-10 09:15:00,Chicago,user1088@example.com
1089,Rider_1089,2022-11-20 04:41:00,Ottawa,user1089@example.com
1090,Rider_1090,2022-05-05 13:49:00,Los Angeles,user1090@example.com
1091,Rider_1091,2022-05-20 07:58:00,Calgary,user1091@example.com
1092,Rider_1092,2022-10-03 13:16:00,Los Angeles,user1092@example.com
1093,Rider_1093,2024-02-02 14:18:00,Montreal,user1093@example.com
1094,Rider_1094,2023-08-04 03:17:00,Los Angeles,user1094@example.com
1095,Rider_1095,2023-05-25 19:33:00,Boston,user1095@example.com
1096,Rider_1096,2021-11-29 07:49:00,Calgary,user1096@example.com
1097,Rider_1097,2024-04-04 11:40:00,Montreal,user1097@example.com
1098,Rider_1098,2024-03-02 15:53:00,Calgary,user1098@example.com
1099,Rider_1099,2022-07-14 06:05:00,San Francisco,user1099@example.com
1100,Rider_1100,2022-11-27 04:00:00,Vancouver,user1100@example.com
1101,Rider_1101,2021-01-01 07:17:00,Montreal,user1101@example.com
1102,Rider_1102,2022-03-18 22:15:00,New York,user1102@example.com
1103,Rider_1103,2021-01-26 07:47:00,Ottawa,user1103@example.com
1104,Rider_1104,2021-07-29 20:21:00,Calgary,user1104@example.com
1105,Rider_1105,2021-01-11 04:54:00,San Francisco,user1105@example.com
1106,Rider_1106,2021-12-11 16:32:00,San Francisco,user1106@example.com
1107,Rider_1107,2022-05-05 04:29:00,Boston,user1107@example.com
1108,Rider_1108,2024-04-13 12:27:00,New York,user1108@example.com
1109,Rider_1109,2023-05-11 02:03:00,San Francisco,user1109@example.com
1110,Rider_1110,2023-05-15 05:13:00,Calgary,user1110@example.com
1111,Rider_1111,2023-06-07 23:14:00,Ottawa,user1111@example.com
1112,Rider_1112,2021-05-27 11:16:00,Chicago,user1112@example.com
1113,Rider_1113,2022-12-17 03:49:00,New York,user1113@example.com
1114,Rider_1114,2021-08-31 12:05:00,Los Angeles,user1114@example.com
1115,Rider_1115,2022-02-16 15:28:00,Chicago,user1115@example.com
1116,Rider_1116,2023-06-24 08:20:00,Los Angeles,user1116@example.com
1117,Rider_1117,2021-12-28 22:39:00,Boston,user1117@example.com
1118,Rider_1118,2024-06-13 23:02:00,San Francisco,user1118@example.com
1119,Rider_1119,2021-05-23 18:28:00,San Francisco,user1119@example.com
1120,Rider_1120,2022-09-14 01:33:00,Ottawa,user1120@example.com
1121,Rider_1121,2021-12-04 18:38:00,Ottawa,user1121@example.com
1122,Rider_1122,2024-01-30 01:02:00,Toronto,user1122@example.com
1123,Rider_1123,2024-05-16 17:36:00,Los Angeles,user1123@example.com
1124,Rider_1124,2021-09-26 14:16:00,Vancouver,user1124@example.com
1125,Rider_1125,2023-12-08 05:58:00,Vancouver,user1125@example.com
1126,Rider_1126,2021-05-29 03:25:00,Ottawa,user1126@example.com
1127,Rider_1127,2023-09-25 16:59:00,Ottawa,user1127@example.com
1128,Rider_1128,2021-02-28 01:18:00,San Francisco,user1128@example.com
1129,Rider_1129,2022-08-16 17:04:00,Ottawa,user1129@example.com
1130,Rider_1130,2024-04-26 21:03:00,Toronto,user1130@example.com
1131,Rider_1131,2024-04-12 13:17:00,New York,user1131@example.com
1132,Rider_1132,2022-06-25 11:46:00,Los Angeles,user1132@example.com
1133,Rider_1133,2022-10-10 01:03:00,Montreal,user1133@example.com
1134,Rider_1134,2024-04-11 18:13:00,Toronto,user1134@example.com
1135,Rider_1135,2024-03-07 11:28:00,Boston,user1135@example.com
1136,Rider_1136,2021-01-18 18:18:00,Ottawa,user1136@example.com
1137,Rider_1137,2021-03-26 02:02:00,Montreal,user1137@example.com
1138,Rider_1138,2023-03-26 14:25:00,San Francisco,user1138@example.com
1139,Rider_1139,2022-05-12 00:59:00,New York,user1139@example.com
1140,Rider_1140,2023-05-28 13:28:00,Calgary,user1140@example.com
1141,Rider_1141,2022-05-23 17:09:00,Chicago,user1141@example.com
1142,Rider_1142,2023-12-20 22:42:00,Calgary,user1142@example.com
1143,Rider_1143,2021-08-26 23:36:00,Boston,user1143@example.com
1144,Rider_1144,2023-11-13 10:56:00,New York,user1144@example.com
1145,Rider_1145,2022-11-24 05:46:00,Montreal,user1145@example.com
1146,Rider_1146,2023-06-13 15:03:00,Ottawa,user1146@example.com
1147,Rider_1147,2021-05-20 22:32:00,Calgary,user1147@example.com
1148,Rider_1148,2022-11-02 23:43:00,Boston,user1148@example.com
1149,Rider_1149,2024-05-06 13:56:00,San Francisco,user1149@example.com
1150,Rider_1150,2021-08-18 22:18:00,Montreal,user1150@example.com
1151,Rider_1151,2022-06-07 05:15:00,Chicago,user1151@example.com
1152,Rider_1152,2023-01-10 05:08:00,Toronto,user1152@example.com
1153,Rider_1153,2024-03-03 19:21:00,Ottawa,user1153@example.com
1154,Rider_1154,2023-05-02 12:36:00,New York,user1154@example.com
1155,Rider_1155,2022-02-12 20:52:00,Montreal,user1155@example.com
1156,Rider_1156,2022-09-12 02:09:00,Toronto,user1156@example.com
1157,Rider_1157,2022-11-06 23:00:00,Calgary,user1157@example.com
1158,Rider_1158,2024-03-29 18:38:00,Chicago,user1158@example.com
1159,Rider_1159,2023-01-18 02:05:00,Chicago,user1159@example.com
1160,Rider_1160,2021-11-04 18:01:00,Calgary,user1160@example.com
1161,Rider_1161,2022-09-07 02:33:00,Vancouver,user1161@example.com
1162,Rider_1162,2021-11-01 15:06:00,Ottawa,user1162@example.com
1163,Rider_1163,2023-08-15 22:01:00,Calgary,user1163@example.com
1164,Rider_1164,2022-01-18 12:42:00,Calgary,user1164@example.com
1165,Rider_1165,2021-04-22 07:04:00,Boston,user1165@example.com
1166,Rider_1166,2024-04-21 16:09:00,San Francisco,user1166@example.com
1167,Rider_1167,2022-05-18 09:39:00,Montreal,user1167@example.com
1168,Rider_1168,2021-05-20 04:19:00,Ottawa,user1168@example.com
1169,Rider_1169,2023-11-10 12:33:00,Toronto,user1169@example.com
1170,Rider_1170,2022-10-20 22:44:00,Montreal,user1170@example.com
1171,Rider_1171,2022-06-26 01:51:00,Los Angeles,user1171@example.com
1172,Rider_1172,2022-05-14 05:59:00,Boston,user1172@example.com
1173,Rider_1173,2023-07-12 13:20:00,Los Angeles,user1173@example.com
1174,Rider_1174,2024-04-10 15:47:00,New York,user1174@example.com
1175,Rider_1175,2021-09-20 22:17:00,San Francisco,user1175@example.com
1176,Rider_1176,2023-08-16 06:23:00,Los Angeles,user1176@example.com
1177,Rider_1177,2023-08-27 01:54:00,Vancouver,user1177@example.com
1178,Rider_1178,2022-11-16 05:40:00,Chicago,user1178@example.com
1179,Rider_1179,2021-12-29 17:07:00,New York,user1179@example.com
1180,Rider_1180,2023-12-01 16:02:00,Boston,user1180@example.com
1181,Rider_1181,2021-08-31 07:46:00,Los Angeles,user1181@example.com
1182,Rider_1182,2021-06-24 13:31:00,Toronto,user1182@example.com
1183,Rider_1183,2022-01-13 13:29:00,New York,user1183@example.com
1184,Rider_1184,2021-08-18 09:48:00,Ottawa,user1184@example.com
1185,Rider_1185,2021-01-22 08:00:00,San Francisco,user1185@example.com
1186,Rider_1186,2023-12-14 18:33:00,Los Angeles,user1186@example.com
1187,Rider_1187,2022-04-19 23:37:00,Toronto,user1187@example.com
1188,Rider_1188,2023-01-02 23:14:00,Vancouver,user1188@example.com
1189,Rider_1189,2022-05-31 13:15:00,New York,user1189@example.com
1190,Rider_1190,2024-02-24 13:41:00,Boston,user1190@example.com
1191,Rider_1191,2021-11-26 03:17:00,Calgary,user1191@example.com
1192,Rider_1192,2023-04-29 20:10:00,Boston,user1192@example.com
1193,Rider_1193,2024-03-11 15:16:00,Calgary,user1193@example.com
1194,Rider_1194,2023-05-03 12:44:00,San Francisco,user1194@example.com
1195,Rider_1195,2023-08-26 20:41:00,Vancouver,user1195@example.com
1196,Rider_1196,2023-12-16 18:07:00,Chicago,user1196@example.com
1197,Rider_1197,2022-08-09 00:54:00,New York,user1197@example.com
1198,Rider_1198,2023-10-28 18:07:00,Ottawa,user1198@example.com
1199,Rider_1199,2021-03-09 13:07:00,Calgary,user1199@example.com
1200,Rider_1200,2021-09-22 13:58:00,San Francisco,user1200@example.com
1201,Rider_1201,2022-03-18 04:47:00,New York,user1201@example.com
1202,Rider_1202,2024-05-10 23:04:00,Boston,user1202@example.com
1203,Rider_1203,2022-02-26 10:06:00,Ottawa,user1203@example.com
1204,Rider_1204,2022-12-24 06:59:00,New York,user1204@example.com
1205,Rider_1205,2021-04-14 10:56:00,New York,user1205@example.com
1206,Rider_1206,2023-10-23 20:29:00,Montreal,user1206@example.com
1207,Rider_1207,2023-10-27 21:44:00,San Francisco,user1207@example.com
1208,Rider_1208,2021-06-17 14:29:00,Los Angeles,user1208@example.com
1209,Rider_1209,2022-03-31 09:01:00,New York,user1209@example.com
1210,Rider_1210,2021-12-26 02:35:00,Montreal,user1210@example.com
1211,Rider_1211,2023-03-01 23:45:00,Montreal,user1211@example.com
1212,Rider_1212,2022-05-06 01:03:00,Toronto,user1212@example.com
1213,Rider_1213,2023-07-17 13:44:00,Vancouver,user1213@example.com
1214,Rider_1214,2021-05-17 17:38:00,Calgary,user1214@example.com
1215,Rider_1215,2021-11-05 22:36:00,Chicago,user1215@example.com
1216,Rider_1216,2022-12-13 10:57:00,Calgary,user1216@example.com
1217,Rider_1217,2024-01-12 18:46:00,Calgary,user1217@example.com
1218,Rider_1218,2021-03-03 18:04:00,New York,user1218@example.com
1219,Rider_1219,2023-04-03 10:02:00,Boston,user1219@example.com
1220,Rider_1220,2022-06-03 04:22:00,San Francisco,user1220@example.com
1221,Rider_1221,2022-09-04 03:00:00,Vancouver,user1221@example.com
1222,Rider_1222,2021-01-29 12:57:00,Chicago,user1222@example.com
1223,Rider_1223,2023-11-30 00:58:00,Los Angeles,user1223@example.com
1224,Rider_1224,2022-07-07 01:27:00,Los Angeles,user1224@example.com
1225,Rider_1225,2022-01-02 22:21:00,San Francisco,user1225@example.com
1226,Rider_1226,2022-03-05 13:29:00,Calgary,user1226@example.com
1227,Rider_1227,2023-08-31 03:13:00,New York,user1227@example.com
1228,Rider_1228,2022-08-25 10:45:00,San Francisco,user1228@example.com
1229,Rider_1229,2023-05-13 01:38:00,New York,user1229@example.com
1230,Rider_1230,2021-12-17 10:19:00,San Francisco,user1230@example.com
1231,Rider_1231,2022-06-15 22:42:00,Chicago,user1231@example.com
1232,Rider_1232,2023-10-18 12:11:00,Montreal,user1232@example.com
1233,Rider_1233,2021-05-17 09:14:00,Chicago,user1233@example.com
1234,Rider_1234,2023-03-20 21:46:00,Montreal,user1234@example.com
1235,Rider_1235,2023-08-30 17:14:00,Ottawa,user1235@example.com
1236,Rider_1236,2022-10-11 07:18:00,Boston,user1236@example.com
1237,Rider_1237,2023-06-09 23:12:00,Boston,user1237@example.com
1238,Rider_1238,2022-10-25 11:46:00,Chicago,user1238@example.com
1239,Rider_1239,2023-07-30 09:47:00,San Francisco,user1239@example.com
1240,Rider_1240,2022-11-29 18:14:00,Los Angeles,user1240@example.com
1241,Rider_1241,2021-07-24 16:49:00,Calgary,user1241@example.com
1242,Rider_1242,2023-10-11 13:56:00,Boston,user1242@example.com
1243,Rider_1243,2023-06-22 14:23:00,Chicago,user1243@example.com
1244,Rider_1244,2023-11-29 15:10:00,Calgary,user1244@example.com
1245,Rider_1245,2021-08-03 13:06:00,Boston,user1245@example.com
1246,Rider_1246,2023-12-06 14:20:00,San Francisco,user1246@example.com
1247,Rider_1247,2021-07-30 02:34:00,Calgary,user1247@example.com
1248,Rider_1248,2024-04-11 05:32:00,Montreal,user1248@example.com
1249,Rider_1249,2023-10-17 10:05:00,Chicago,user1249@example.com
1250,Rider_1250,2021-09-03 12:27:00,Ottawa,user1250@example.com
1251,Rider_1251,2021-04-16 08:17:00,Los Angeles,user1251@example.com
1252,Rider_1252,2023-04-08 22:14:00,Calgary,user1252@example.com
1253,Rider_1253,2021-10-14 01:03:00,Toronto,user1253@example.com
1254,Rider_1254,2021-08-15 01:29:00,Los Angeles,user1254@example.com
1255,Rider_1255,2024-04-04 01:29:00,New York,user1255@example.com
1256,Rider_1256,2022-10-06 04:32:00,Los Angeles,user1256@example.com
1257,Rider_1257,2022-04-17 05:38:00,Montreal,user1257@example.com
1258,Rider_1258,2024-03-04 06:20:00,Vancouver,user1258@example.com
1259,Rider_1259,2021-08-25 01:22:00,San Francisco,user1259@example.com
1260,Rider_1260,2021-06-15 20:43:00,Boston,user1260@example.com
1261,Rider_1261,2021-10-14 23:50:00,Chicago,user1261@example.com
1262,Rider_1262,2024-03-30 10:06:00,New York,user1262@example.com
1263,Rider_1263,2023-08-17 09:25:00,Ottawa,user1263@example.com
1264,Rider_1264,2023-07-30 18:34:00,San Francisco,user1264@example.com
1265,Rider_1265,2023-08-10 06:30:00,Ottawa,user1265@example.com
1266,Rider_1266,2023-07-16 09:56:00,Boston,user1266@example.com
1267,Rider_1267,2021-12-25 17:02:00,Boston,user1267@example.com
1268,Rider_1268,2022-07-13 02:14:00,New York,user1268@example.com
1269,Rider_1269,2023-12-05 23:45:00,Toronto,user1269@example.com
1270,Rider_1270,2021-07-28 07:06:00,Vancouver,user1270@example.com
1271,Rider_1271,2023-07-29 09:17:00,Calgary,user1271@example.com
1272,Rider_1272,2024-01-12 01:59:00,Vancouver,user1272@example.com
1273,Rider_1273,2021-10-13 19:08:00,Los Angeles,user1273@example.com
1274,Rider_1274,2023-02-03 10:25:00,Montreal,user1274@example.com
1275,Rider_1275,2021-08-02 14:50:00,Vancouver,user1275@example.com
1276,Rider_1276,2021-10-28 05:14:00,Chicago,user1276@example.com
1277,Rider_1277,2021-02-20 01:36:00,Boston,user1277@example.com
1278,Rider_1278,2024-04-02 16:04:00,Montreal,user1278@example.com
1279,Rider_1279,2022-02-24 05:03:00,New York,user1279@example.com
1280,Rider_1280,2021-12-12 17:25:00,Montreal,user1280@example.com
1281,Rider_1281,2024-03-23 03:57:00,Boston,user1281@example.com
1282,Rider_1282,2021-04-13 17:44:00,Boston,user1282@example.com
1283,Rider_1283,2022-11-14 09:44:00,Chicago,user1283@example.com
1284,Rider_1284,2023-02-01 02:23:00,Ottawa,user1284@example.com
1285,Rider_1285,2022-12-12 18:30:00,Los Angeles,user1285@example.com
1286,Rider_1286,2022-10-27 04:25:00,Boston,user1286@example.com
1287,Rider_1287,2024-04-20 19:22:00,Montreal,user1287@example.com
1288,Rider_1288,2023-08-03 09:16:00,New York,user1288@example.com
1289,Rider_1289,2024-01-24 19:02:00,Montreal,user1289@example.com
1290,Rider_1290,2022-09-05 07:00:00,Los Angeles,user1290@example.com
1291,Rider_1291,2024-02-28 09:12:00,Ottawa,user1291@example.com
1292,Rider_1292,2023-07-12 10:41:00,Ottawa,user1292@example.com
1293,Rider_1293,2023-03-27 22:00:00,Calgary,user1293@example.com
1294,Rider_1294,2023-03-20 19:12:00,New York,user1294@example.com
1295,Rider_1295,2022-12-03 13:13:00,Toronto,user1295@example.com
1296,Rider_1296,2021-03-07 21:22:00,Vancouver,user1296@example.com
1297,Rider_1297,2023-03-17 18:38:00,Boston,user1297@example.com
1298,Rider_1298,2022-09-07 13:27:00,Calgary,user1298@example.com
1299,Rider_1299,2023-05-17 08:35:00,New York,user1299@example.com
1300,Rider_1300,2023-03-13 18:35:00,Montreal,user1300@example.com
1301,Rider_1301,2021-10-22 22:08:00,New York,user1301@example.com
1302,Rider_1302,2022-11-14 19:45:00,San Francisco,user1302@example.com
1303,Rider_1303,2022-04-19 02:36:00,Montreal,user1303@example.com
1304,Rider_1304,2022-12-18 16:16:00,San Francisco,user1304@example.com
1305,Rider_1305,2022-10-19 06:31:00,Chicago,user1305@example.com
1306,Rider_1306,2023-08-11 11:18:00,San Francisco,user1306@example.com
1307,Rider_1307,2023-12-08 19:18:00,New York,user1307@example.com
1308,Rider_1308,2021-08-09 23:04:00,Calgary,user1308@example.com
1309,Rider_1309,2023-10-01 16:24:00,Vancouver,user1309@example.com
1310,Rider_1310,2021-05-21 11:52:00,Vancouver,user1310@example.com
1311,Rider_1311,2021-06-25 19:20:00,Calgary,user1311@example.com
1312,Rider_1312,2024-04-24 17:12:00,Chicago,user1312@example.com
1313,Rider_1313,2023-12-18 09:00:00,Ottawa,user1313@example.com
1314,Rider_1314,2021-07-30 04:35:00,Calgary,user1314@example.com
1315,Rider_1315,2022-10-05 10:36:00,Montreal,user1315@example.com
1316,Rider_1316,2022-12-02 10:14:00,Los Angeles,user1316@example.com
1317,Rider_1317,2021-10-05 21:04:00,New York,user1317@example.com
1318,Rider_1318,2023-07-07 00:33:00,Vancouver,user1318@example.com
1319,Rider_1319,2022-12-08 07:49:00,Boston,user1319@example.com
1320,Rider_1320,2022-01-24 11:44:00,Toronto,user1320@example.com
1321,Rider_1321,2023-12-11 13:05:00,Los Angeles,user1321@example.com
1322,Rider_1322,2024-01-21 22:57:00,Chicago,user1322@example.com
1323,Rider_1323,2021-05-22 15:51:00,Toronto,user1323@example.com
1324,Rider_1324,2024-01-03 02:02:00,Toronto,user1324@example.com
1325,Rider_1325,2023-09-12 23:55:00,Vancouver,user1325@example.com
1326,Rider_1326,2021-05-13 12:27:00,Los Angeles,user1326@example.com
1327,Rider_1327,2024-01-04 17:16:00,Calgary,user1327@example.com
1328,Rider_1328,2024-02-04 03:49:00,Montreal,user1328@example.com
1329,Rider_1329,2023-08-09 19:43:00,Calgary,user1329@example.com
1330,Rider_1330,2022-08-12 06:09:00,Chicago,user1330@example.com
1331,Rider_1331,2022-08-15 06:03:00,Calgary,user1331@example.com
1332,Rider_1332,2024-04-08 10:49:00,New York,user1332@example.com
1333,Rider_1333,2022-06-05 16:54:00,Chicago,user1333@example.com
1334,Rider_1334,2023-10-22 13:04:00,Ottawa,user1334@example.com
1335,Rider_1335,2021-09-09 20:25:00,Chicago,user1335@example.com
1336,Rider_1336,2021-10-05 20:38:00,Chicago,user1336@example.com
1337,Rider_1337,2022-10-14 19:08:00,New York,user1337@example.com
1338,Rider_1338,2022-04-26 19:40:00,San Francisco,user1338@example.com
1339,Rider_1339,2022-03-25 14:31:00,Vancouver,user1339@example.com
1340,Rider_1340,2021-07-02 14:43:00,Chicago,user1340@example.com
1341,Rider_1341,2021-11-12 02:51:00,Chicago,user1341@example.com
1342,Rider_1342,2023-08-26 02:43:00,New York,user1342@example.com
1343,Rider_1343,2021-01-19 23:08:00,San Francisco,user1343@example.com
1344,Rider_1344,2023-02-13 00:54:00,Vancouver,user1344@example.com
1345,Rider_1345,2023-04-25 07:11:00,Vancouver,user1345@example.com
1346,Rider_1346,2023-08-03 11:17:00,New York,user1346@example.com
1347,Rider_1347,2022-01-05 12:44:00,Vancouver,user1347@example.com
1348,Rider_1348,2023-07-04 18:22:00,Boston,user1348@example.com
1349,Rider_1349,2022-12-06 20:35:00,Vancouver,user1349@example.com
1350,Rider_1350,2022-11-18 10:18:00,Montreal,user1350@example.com
1351,Rider_1351,2023-07-23 22:58:00,Toronto,user1351@example.com
1352,Rider_1352,2021-01-11 05:03:00,Ottawa,user1352@example.com
1353,Rider_1353,2023-05-01 06:22:00,Boston,user1353@example.com
1354,Rider_1354,2023-08-21 18:33:00,San Francisco,user1354@example.com
1355,Rider_1355,2021-11-19 13:17:00,Calgary,user1355@example.com
1356,Rider_1356,2021-10-15 03:20:00,New York,user1356@example.com
1357,Rider_1357,2021-03-27 12:55:00,Chicago,user1357@example.com
1358,Rider_1358,2021-02-27 01:03:00,Los Angeles,user1358@example.com
1359,Rider_1359,2021-02-20 09:09:00,Chicago,user1359@example.com
1360,Rider_1360,2023-07-27 04:06:00,Ottawa,user1360@example.com
1361,Rider_1361,2022-05-30 08:42:00,San Francisco,user1361@example.com
1362,Rider_1362,2021-03-18 04:01:00,Toronto,user1362@example.com
1363,Rider_1363,2022-10-10 17:16:00,Toronto,user1363@example.com
1364,Rider_1364,2021-09-08 15:00:00,Chicago,user1364@example.com
1365,Rider_1365,2023-08-08 07:04:00,San Francisco,user1365@example.com
1366,Rider_1366,2023-06-09 00:14:00,Ottawa,user1366@example.com
1367,Rider_1367,2021-10-03 14:40:00,Calgary,user1367@example.com
1368,Rider_1368,2024-03-10 01:13:00,Vancouver,user1368@example.com
1369,Rider_1369,2022-07-14 12:48:00,Ottawa,user1369@example.com
1370,Rider_1370,2021-05-25 15:59:00,New York,user1370@example.com
1371,Rider_1371,2022-05-17 11:40:00,San Francisco,user1371@example.com
1372,Rider_1372,2022-08-12 15:52:00,Los Angeles,user1372@example.com
1373,Rider_1373,2024-03-24 04:46:00,Toronto,user1373@example.com
1374,Rider_1374,2023-05-06 03:02:00,Montreal,user1374@example.com
1375,Rider_1375,2022-03-31 21:35:00,Toronto,user1375@example.com
1376,Rider_1376,2021-07-29 00:13:00,Vancouver,user1376@example.com
1377,Rider_1377,2023-12-16 01:17:00,Toronto,user1377@example.com
1378,Rider_1378,2022-05-27 09:47:00,San Francisco,user1378@example.com
1379,Rider_1379,2022-10-05 18:00:00,Calgary,user1379@example.com
1380,Rider_1380,2021-11-22 23:36:00,Calgary,user1380@example.com
1381,Rider_1381,2023-08-09 19:01:00,Boston,user1381@example.com
1382,Rider_1382,2021-06-19 19:04:00,New York,user1382@example.com
1383,Rider_1383,2024-02-08 14:15:00,Ottawa,user1383@example.com
1384,Rider_1384,2021-05-17 04:33:00,Calgary,user1384@example.com
1385,Rider_1385,2024-01-30 19:26:00,Vancouver,user1385@example.com
1386,Rider_1386,2024-05-09 09:39:00,Ottawa,user1386@example.com
1387,Rider_1387,2022-10-26 09:42:00,San Francisco,user1387@example.com
1388,Rider_1388,2022-05-07 15:32:00,Ottawa,user1388@example.com
1389,Rider_1389,2023-03-28 04:00:00,San Francisco,user1389@example.com
1390,Rider_1390,2023-08-27 04:13:00,Ottawa,user1390@example.com
1391,Rider_1391,2021-07-21 12:03:00,Los Angeles,user1391@example.com
1392,Rider_1392,2023-05-25 00:31:00,Ottawa,user1392@example.com
1393,Rider_1393,2023-03-19 08:02:00,Vancouver,user1393@example.com
1394,Rider_1394,2023-02-05 01:53:00,Vancouver,user1394@example.com
1395,Rider_1395,2023-08-05 16:17:00,Chicago,user1395@example.com
1396,Rider_1396,2024-01-06 18:02:00,Boston,user1396@example.com
1397,Rider_1397,2021-10-28 16:16:00,San Francisco,user1397@example.com
1398,Rider_1398,2021-07-03 15:04:00,New York,user1398@example.com
1399,Rider_1399,2022-12-24 04:11:00,New York,user1399@example.com
1400,Rider_1400,2024-02-20 14:48:00,Toronto,user1400@example.com
1401,Rider_1401,2024-05-27 01:55:00,Boston,user1401@example.com
1402,Rider_1402,2022-10-07 02:36:00,Ottawa,user1402@example.com
1403,Rider_1403,2021-03-12 16:04:00,Montreal,user1403@example.com
1404,Rider_1404,2022-06-28 03:53:00,Los Angeles,user1404@example.com
1405,Rider_1405,2024-06-06 03:28:00,Calgary,user1405@example.com
1406,Rider_1406,2021-01-18 13:11:00,Boston,user1406@example.com
1407,Rider_1407,2023-12-08 21:42:00,Boston,user1407@example.com
1408,Rider_1408,2022-01-31 05:22:00,San Francisco,user1408@example.com
1409,Rider_1409,2022-04-24 02:35:00,Toronto,user1409@example.com
1410,Rider_1410,2023-02-27 02:45:00,San Francisco,user1410@example.com
1411,Rider_1411,2022-05-19 04:45:00,Calgary,user1411@example.com
1412,Rider_1412,2021-06-26 20:08:00,New York,user1412@example.com
1413,Rider_1413,2022-06-15 06:52:00,Los Angeles,user1413@example.com
1414,Rider_1414,2024-01-31 07:27:00,Montreal,user1414@example.com
1415,Rider_1415,2023-08-15 21:53:00,Ottawa,user1415@example.com
1416,Rider_1416,2021-09-30 19:55:00,New York,user1416@example.com
1417,Rider_1417,2022-05-29 10:29:00,Boston,user1417@example.com
1418,Rider_1418,2023-11-11 15:36:00,Los Angeles,user1418@example.com
1419,Rider_1419,2023-01-08 02:39:00,Vancouver,user1419@example.com
1420,Rider_1420,2023-09-30 23:39:00,New York,user1420@example.com
1421,Rider_1421,2023-01-18 23:27:00,Chicago,user1421@example.com
1422,Rider_1422,2023-09-02 07:43:00,Chicago,user1422@example.com
1423,Rider_1423,2023-04-15 03:36:00,Vancouver,user1423@example.com
1424,Rider_1424,2022-12-20 10:08:00,Los Angeles,user1424@example.com
1425,Rider_1425,2024-02-28 13:33:00,Montreal,user1425@example.com
1426,Rider_1426,2023-03-21 11:01:00,New York,user1426@example.com
1427,Rider_1427,2023-05-28 14:35:00,San Francisco,user1427@example.com
1428,Rider_1428,2023-05-13 10:30:00,Los Angeles,user1428@example.com
1429,Rider_1429,2021-01-30 01:52:00,Calgary,user1429@example.com
1430,Rider_1430,2023-06-16 22:56:00,Boston,user1430@example.com
1431,Rider_1431,2024-05-27 00:50:00,Los Angeles,user1431@example.com
1432,Rider_1432,2021-04-13 20:36:00,Los Angeles,user1432@example.com
1433,Rider_1433,2022-03-12 16:18:00,Chicago,user1433@example.com
1434,Rider_1434,2022-06-11 20:31:00,New York,user1434@example.com
1435,Rider_1435,2023-09-01 06:01:00,Montreal,user1435@example.com
1436,Rider_1436,2021-09-15 19:47:00,Calgary,user1436@example.com
1437,Rider_1437,2023-07-30 21:43:00,Ottawa,user1437@example.com
1438,Rider_1438,2021-10-19 01:59:00,Montreal,user1438@example.com
1439,Rider_1439,2021-07-01 12:17:00,Ottawa,user1439@example.com
1440,Rider_1440,2024-01-01 14:13:00,San Francisco,user1440@example.com
1441,Rider_1441,2024-01-08 16:45:00,Los Angeles,user1441@example.com
1442,Rider_1442,2022-02-26 18:09:00,New York,user1442@example.com
1443,Rider_1443,2021-05-15 20:03:00,Montreal,user1443@example.com
1444,Rider_1444,2022-01-05 03:56:00,Vancouver,user1444@example.com
1445,Rider_1445,2022-12-04 00:17:00,Los Angeles,user1445@example.com
1446,Rider_1446,2021-12-02 18:16:00,San Francisco,user1446@example.com
1447,Rider_1447,2022-04-15 15:14:00,Calgary,user1447@example.com
1448,Rider_1448,2021-06-24 08:17:00,Chicago,user1448@example.com
1449,Rider_1449,2024-05-04 08:49:00,Los Angeles,user1449@example.com
1450,Rider_1450,2024-04-23 06:07:00,New York,user1450@example.com
1451,Rider_1451,2021-05-24 20:31:00,Boston,user1451@example.com
1452,Rider_1452,2023-02-26 00:50:00,Vancouver,user1452@example.com
1453,Rider_1453,2024-05-26 05:49:00,New York,user1453@example.com
1454,Rider_1454,2023-02-16 19:22:00,Vancouver,user1454@example.com
1455,Rider_1455,2021-10-23 11:36:00,Chicago,user1455@example.com
1456,Rider_1456,2023-01-22 01:08:00,Los Angeles,user1456@example.com
1457,Rider_1457,2022-04-28 03:00:00,Calgary,user1457@example.com
1458,Rider_1458,2021-08-11 14:25:00,Los Angeles,user1458@example.com
1459,Rider_1459,2023-03-13 19:20:00,Toronto,user1459@example.com
1460,Rider_1460,2021-11-15 17:55:00,Chicago,user1460@example.com
1461,Rider_1461,2022-12-15 14:29:00,New York,user1461@example.com
1462,Rider_1462,2024-01-14 15:49:00,Montreal,user1462@example.com
1463,Rider_1463,2021-06-29 22:40:00,Calgary,user1463@example.com
1464,Rider_1464,2022-04-29 02:13:00,New York,user1464@example.com
1465,Rider_1465,2023-12-04 07:10:00,New York,user1465@example.com
1466,Rider_1466,2021-05-16 06:25:00,Ottawa,user1466@example.com
1467,Rider_1467,2022-12-27 06:23:00,Los Angeles,user1467@example.com
1468,Rider_1468,2021-06-10 03:57:00,New York,user1468@example.com
1469,Rider_1469,2024-04-05 05:16:00,Calgary,user1469@example.com
1470,Rider_1470,2021-02-04 22:07:00,San Francisco,user1470@example.com
1471,Rider_1471,2024-03-24 06:41:00,Ottawa,user1471@example.com
1472,Rider_1472,2023-09-20 10:05:00,San Francisco,user1472@example.com
1473,Rider_1473,2022-05-14 11:17:00,Boston,user1473@example.com
1474,Rider_1474,2021-10-27 02:37:00,Boston,user1474@example.com
1475,Rider_1475,2022-03-06 18:14:00,San Francisco,user1475@example.com
1476,Rider_1476,2022-05-11 18:45:00,Calgary,user1476@example.com
1477,Rider_1477,2023-11-09 13:19:00,Vancouver,user1477@example.com
1478,Rider_1478,2022-02-28 13:17:00,Toronto,user1478@example.com
1479,Rider_1479,2021-09-02 15:52:00,Chicago,user1479@example.com
1480,Rider_1480,2021-06-27 19:23:00,San Francisco,user1480@example.com
1481,Rider_1481,2023-08-26 17:04:00,New York,user1481@example.com
1482,Rider_1482,2023-03-10 13:34:00,Calgary,user1482@example.com
1483,Rider_1483,2021-11-17 21:45:00,Toronto,user1483@example.com
1484,Rider_1484,2022-06-29 04:48:00,Calgary,user1484@example.com
1485,Rider_1485,2022-05-10 17:58:00,Calgary,user1485@example.com
1486,Rider_1486,2021-08-08 21:37:00,San Francisco,user1486@example.com
1487,Rider_1487,2023-06-11 19:21:00,San Francisco,user1487@example.com
1488,Rider_1488,2021-09-24 01:35:00,Boston,user1488@example.com
1489,Rider_1489,2022-04-29 16:59:00,Toronto,user1489@example.com
1490,Rider_1490,2022-06-11 05:06:00,Ottawa,user1490@example.com
1491,Rider_1491,2022-11-21 04:22:00,Calgary,user1491@example.com
1492,Rider_1492,2021-07-22 01:30:00,New York,user1492@example.com
1493,Rider_1493,2023-01-02 06:17:00,New York,user1493@example.com
1494,Rider_1494,2021-06-14 13:14:00,New York,user1494@example.com
1495,Rider_1495,2021-03-25 13:48:00,Montreal,user1495@example.com
1496,Rider_1496,2022-10-25 11:47:00,Toronto,user1496@example.com
1497,Rider_1497,2021-10-06 00:58:00,Montreal,user1497@example.com
1498,Rider_1498,2023-07-10 19:33:00,Ottawa,user1498@example.com
1499,Rider_1499,2023-08-16 09:54:00,Vancouver,user1499@example.com
1500,Rider_1500,2022-05-01 08:37:00,Los Angeles,user1500@example.com
1501,Rider_1501,2021-11-04 19:27:00,Los Angeles,user1501@example.com
1502,Rider_1502,2021-05-03 00:23:00,Calgary,user1502@example.com
1503,Rider_1503,2023-06-02 00:43:00,Vancouver,user1503@example.com
1504,Rider_1504,2021-05-25 08:09:00,Chicago,user1504@example.com
1505,Rider_1505,2021-06-01 02:13:00,Vancouver,user1505@example.com
1506,Rider_1506,2022-04-28 04:14:00,Vancouver,user1506@example.com
1507,Rider_1507,2023-01-01 23:13:00,Vancouver,user1507@example.com
1508,Rider_1508,2021-12-14 15:39:00,Boston,user1508@example.com
1509,Rider_1509,2023-08-17 09:16:00,Chicago,user1509@example.com
1510,Rider_1510,2022-07-19 14:22:00,San Francisco,user1510@example.com
1511,Rider_1511,2021-10-12 19:53:00,Montreal,user1511@example.com
1512,Rider_1512,2024-05-10 07:48:00,Los Angeles,user1512@example.com
1513,Rider_1513,2022-12-06 03:37:00,Los Angeles,user1513@example.com
1514,Rider_1514,2021-02-17 00:19:00,Vancouver,user1514@example.com
1515,Rider_1515,2023-01-09 09:44:00,Toronto,user1515@example.com
1516,Rider_1516,2022-06-30 22:39:00,Toronto,user1516@example.com
1517,Rider_1517,2022-12-18 12:20:00,Vancouver,user1517@example.com
1518,Rider_1518,2022-03-15 11:19:00,Chicago,user1518@example.com
1519,Rider_1519,2023-07-28 23:09:00,Los Angeles,user1519@example.com
1520,Rider_1520,2021-07-17 21:35:00,Ottawa,user1520@example.com
1521,Rider_1521,2021-06-09 21:35:00,Calgary,user1521@example.com
1522,Rider_1522,2024-01-15 14:01:00,Montreal,user1522@example.com
1523,Rider_1523,2022-05-22 05:18:00,Toronto,user1523@example.com
1524,Rider_1524,2023-10-06 21:18:00,Calgary,user1524@example.com
1525,Rider_1525,2024-05-15 23:58:00,Toronto,user1525@example.com
1526,Rider_1526,2023-04-08 14:11:00,San Francisco,user1526@example.com
1527,Rider_1527,2022-09-15 15:31:00,Vancouver,user1527@example.com
1528,Rider_1528,2022-10-05 06:13:00,Ottawa,user1528@example.com
1529,Rider_1529,2023-08-23 11:53:00,Boston,user1529@example.com
1530,Rider_1530,2023-05-02 05:01:00,Boston,user1530@example.com
1531,Rider_1531,2023-01-20 08:13:00,Chicago,user1531@example.com
1532,Rider_1532,2021-04-13 14:53:00,Montreal,user1532@example.com
1533,Rider_1533,2021-11-20 11:40:00,Los Angeles,user1533@example.com
1534,Rider_1534,2022-11-01 18:22:00,Ottawa,user1534@example.com
1535,Rider_1535,2023-06-01 03:09:00,Montreal,user1535@example.com
1536,Rider_1536,2023-04-26 21:26:00,Los Angeles,user1536@example.com
1537,Rider_1537,2021-09-26 21:05:00,Boston,user1537@example.com
1538,Rider_1538,2024-02-23 13:36:00,Toronto,user1538@example.com
1539,Rider_1539,2023-01-26 22:53:00,Ottawa,user1539@example.com
1540,Rider_1540,2023-07-09 21:26:00,Toronto,user1540@example.com
1541,Rider_1541,2022-12-21 02:28:00,Ottawa,user1541@example.com
1542,Rider_1542,2023-05-13 07:10:00,Los Angeles,user1542@example.com
1543,Rider_1543,2022-11-23 14:51:00,Toronto,user1543@example.com
1544,Rider_1544,2022-04-24 12:24:00,Chicago,user1544@example.com
1545,Rider_1545,2021-04-19 03:09:00,Montreal,user1545@example.com
1546,Rider_1546,2021-06-18 22:17:00,Ottawa,user1546@example.com
1547,Rider_1547,2024-04-13 05:45:00,Ottawa,user1547@example.com
1548,Rider_1548,2022-05-24 14:39:00,Montreal,user1548@example.com
1549,Rider_1549,2023-09-29 22:56:00,Vancouver,user1549@example.com
1550,Rider_1550,2021-05-21 15:18:00,New York,user1550@example.com
1551,Rider_1551,2021-08-04 19:11:00,Boston,user1551@example.com
1552,Rider_1552,2024-03-18 20:00:00,Ottawa,user1552@example.com
1553,Rider_1553,2024-03-22 01:54:00,New York,user1553@example.com
1554,Rider_1554,2023-10-24 15:26:00,Chicago,user1554@example.com
1555,Rider_1555,2022-12-05 16:06:00,Chicago,user1555@example.com
1556,Rider_1556,2022-03-29 20:01:00,Calgary,user1556@example.com
1557,Rider_1557,2023-08-15 06:11:00,Montreal,user1557@example.com
1558,Rider_1558,2022-11-26 15:19:00,Ottawa,user1558@example.com
1559,Rider_1559,2021-11-16 11:37:00,Boston,user1559@example.com
1560,Rider_1560,2022-04-11 14:56:00,Los Angeles,user1560@example.com
1561,Rider_1561,2024-05-18 23:23:00,Ottawa,user1561@example.com
1562,Rider_1562,2022-11-07 07:47:00,San Francisco,user1562@example.com
1563,Rider_1563,2021-05-19 16:52:00,Los Angeles,user1563@example.com
1564,Rider_1564,2021-01-13 14:42:00,Ottawa,user1564@example.com
1565,Rider_1565,2023-03-04 21:58:00,Ottawa,user1565@example.com
1566,Rider_1566,2021-07-18 03:37:00,Montreal,user1566@example.com
1567,Rider_1567,2021-04-07 22:50:00,San Francisco,user1567@example.com
1568,Rider_1568,2023-05-03 15:55:00,Los Angeles,user1568@example.com
1569,Rider_1569,2021-01-02 07:26:00,New York,user1569@example.com
1570,Rider_1570,2022-07-13 01:36:00,Calgary,user1570@example.com
1571,Rider_1571,2022-03-15 09:31:00,Toronto,user1571@example.com
1572,Rider_1572,2022-01-01 10:25:00,New York,user1572@example.com
1573,Rider_1573,2023-12-27 20:43:00,Montreal,user1573@example.com
1574,Rider_1574,2022-09-05 11:23:00,Ottawa,user1574@example.com
1575,Rider_1575,2024-01-11 16:50:00,Los Angeles,user1575@example.com
1576,Rider_1576,2022-09-23 17:59:00,Montreal,user1576@example.com
1577,Rider_1577,2022-11-08 01:03:00,Montreal,user1577@example.com
1578,Rider_1578,2021-11-25 02:42:00,Calgary,user1578@example.com
1579,Rider_1579,2023-01-08 16:29:00,Chicago,user1579@example.com
1580,Rider_1580,2021-10-20 09:36:00,Chicago,user1580@example.com
1581,Rider_1581,2022-08-21 10:44:00,Calgary,user1581@example.com
1582,Rider_1582,2022-10-11 03:40:00,Los Angeles,user1582@example.com
1583,Rider_1583,2022-03-25 02:58:00,Chicago,user1583@example.com
1584,Rider_1584,2021-07-28 14:13:00,Chicago,user1584@example.com
1585,Rider_1585,2021-04-22 10:53:00,New York,user1585@example.com
1586,Rider_1586,2021-08-12 16:33:00,New York,user1586@example.com
1587,Rider_1587,2023-10-20 01:17:00,Vancouver,user1587@example.com
1588,Rider_1588,2021-07-30 22:05:00,Montreal,user1588@example.com
1589,Rider_1589,2021-08-02 03:56:00,Toronto,user1589@example.com
1590,Rider_1590,2022-12-10 09:58:00,Montreal,user1590@example.com
1591,Rider_1591,2022-10-24 07:24:00,Ottawa,user1591@example.com
1592,Rider_1592,2021-10-07 07:19:00,Ottawa,user1592@example.com
1593,Rider_1593,2023-03-03 08:21:00,Vancouver,user1593@example.com
1594,Rider_1594,2023-05-08 13:55:00,Montreal,user1594@example.com
1595,Rider_1595,2022-08-21 15:12:00,Vancouver,user1595@example.com
1596,Rider_1596,2021-12-17 16:13:00,Los Angeles,user1596@example.com
1597,Rider_1597,2022-10-22 20:38:00,Chicago,user1597@example.com
1598,Rider_1598,2021-01-12 13:00:00,Ottawa,user1598@example.com
1599,Rider_1599,2023-02-13 20:38:00,Ottawa,user1599@example.com
1600,Rider_1600,2024-01-12 06:07:00,Boston,user1600@example.com
1601,Rider_1601,2022-02-23 06:23:00,Calgary,user1601@example.com
1602,Rider_1602,2023-04-29 10:33:00,Montreal,user1602@example.com
1603,Rider_1603,2022-07-25 01:38:00,Ottawa,user1603@example.com
1604,Rider_1604,2021-02-28 19:42:00,New York,user1604@example.com
1605,Rider_1605,2023-01-21 17:32:00,Ottawa,user1605@example.com
1606,Rider_1606,2021-06-25 19:04:00,Los Angeles,user1606@example.com
1607,Rider_1607,2023-01-19 00:50:00,Ottawa,user1607@example.com
1608,Rider_1608,2021-08-09 17:24:00,Toronto,user1608@example.com
1609,Rider_1609,2024-03-11 23:43:00,Calgary,user1609@example.com
1610,Rider_1610,2022-12-24 06:04:00,San Francisco,user1610@example.com
1611,Rider_1611,2021-05-02 12:47:00,Calgary,user1611@example.com
1612,Rider_1612,2023-08-06 17:04:00,Calgary,user1612@example.com
1613,Rider_1613,2022-01-16 22:53:00,Toronto,user1613@example.com
1614,Rider_1614,2023-09-07 16:48:00,Vancouver,user1614@example.com
1615,Rider_1615,2023-11-29 16:07:00,Toronto,user1615@example.com
1616,Rider_1616,2024-05-24 19:15:00,Calgary,user1616@example.com
1617,Rider_1617,2022-05-01 10:50:00,Ottawa,user1617@example.com
1618,Rider_1618,2021-03-23 23:34:00,Ottawa,user1618@example.com
1619,Rider_1619,2023-04-12 03:29:00,Los Angeles,user1619@example.com
1620,Rider_1620,2022-12-30 08:41:00,New York,user1620@example.com
1621,Rider_1621,2023-03-08 09:27:00,Vancouver,user1621@example.com
1622,Rider_1622,2023-06-11 14:58:00,Vancouver,user1622@example.com
1623,Rider_1623,2022-10-17 00:37:00,Los Angeles,user1623@example.com
1624,Rider_1624,2024-05-24 23:55:00,Los Angeles,user1624@example.com
1625,Rider_1625,2022-03-26 06:28:00,San Francisco,user1625@example.com
1626,Rider_1626,2021-02-24 21:03:00,Chicago,user1626@example.com
1627,Rider_1627,2024-03-10 04:35:00,Ottawa,user1627@example.com
1628,Rider_1628,2024-02-04 07:28:00,San Francisco,user1628@example.com
1629,Rider_1629,2022-02-09 14:01:00,Ottawa,user1629@example.com
1630,Rider_1630,2023-09-05 14:00:00,New York,user1630@example.com
1631,Rider_1631,2023-06-18 02:39:00,Vancouver,user1631@example.com
1632,Rider_1632,2023-06-09 21:46:00,Chicago,user1632@example.com
1633,Rider_1633,2023-10-17 13:22:00,New York,user1633@example.com
1634,Rider_1634,2024-06-10 13:49:00,San Francisco,user1634@example.com
1635,Rider_1635,2021-02-12 09:44:00,Ottawa,user1635@example.com
1636,Rider_1636,2023-01-24 01:10:00,San Francisco,user1636@example.com
1637,Rider_1637,2021-07-17 00:14:00,Toronto,user1637@example.com
1638,Rider_1638,2021-04-30 09:37:00,Calgary,user1638@example.com
1639,Rider_1639,2022-01-27 13:08:00,San Francisco,user1639@example.com
1640,Rider_1640,2023-08-15 14:36:00,Chicago,user1640@example.com
1641,Rider_1641,2022-03-04 12:50:00,San Francisco,user1641@example.com
1642,Rider_1642,2021-01-23 01:31:00,San Francisco,user1642@example.com
1643,Rider_1643,2023-07-28 00:05:00,Toronto,user1643@example.com
1644,Rider_1644,2023-07-09 06:47:00,Chicago,user1644@example.com
1645,Rider_1645,2023-10-21 23:06:00,Chicago,user1645@example.com
1646,Rider_1646,2022-07-29 09:54:00,Vancouver,user1646@example.com
1647,Rider_1647,2022-02-10 20:12:00,Chicago,user1647@example.com
1648,Rider_1648,2023-01-24 07:04:00,Boston,user1648@example.com
1649,Rider_1649,2024-05-26 18:44:00,Chicago,user1649@example.com
1650,Rider_1650,2021-02-21 09:42:00,Calgary,user1650@example.com
1651,Rider_1651,2021-05-12 02:42:00,Los Angeles,user1651@example.com
1652,Rider_1652,2023-07-15 03:29:00,Chicago,user1652@example.com
1653,Rider_1653,2023-02-10 10:17:00,Chicago,user1653@example.com
1654,Rider_1654,2024-04-11 17:23:00,Montreal,user1654@example.com
1655,Rider_1655,2022-01-05 15:19:00,Montreal,user1655@example.com
1656,Rider_1656,2024-02-02 19:12:00,Vancouver,user1656@example.com
1657,Rider_1657,2021-11-24 13:18:00,Chicago,user1657@example.com
1658,Rider_1658,2024-02-15 18:57:00,Ottawa,user1658@example.com
1659,Rider_1659,2021-03-26 09:24:00,Los Angeles,user1659@example.com
1660,Rider_1660,2024-03-19 14:28:00,San Francisco,user1660@example.com
1661,Rider_1661,2021-03-23 14:12:00,Toronto,user1661@example.com
1662,Rider_1662,2022-12-22 19:43:00,Chicago,user1662@example.com
1663,Rider_1663,2023-01-10 19:12:00,Montreal,user1663@example.com
1664,Rider_1664,2023-01-10 20:29:00,San Francisco,user1664@example.com
1665,Rider_1665,2021-12-29 23:31:00,Calgary,user1665@example.com
1666,Rider_1666,2023-11-28 19:05:00,Montreal,user1666@example.com
1667,Rider_1667,2023-01-08 05:58:00,Montreal,user1667@example.com
1668,Rider_1668,2021-08-14 11:34:00,San Francisco,user1668@example.com
1669,Rider_1669,2022-11-07 08:04:00,Calgary,user1669@example.com
1670,Rider_1670,2022-03-25 14:57:00,New York,user1670@example.com
1671,Rider_1671,2022-08-17 10:08:00,Vancouver,user1671@example.com
1672,Rider_1672,2023-04-04 17:16:00,Los Angeles,user1672@example.com
1673,Rider_1673,2021-06-01 06:00:00,New York,user1673@example.com
1674,Rider_1674,2023-09-18 04:53:00,Calgary,user1674@example.com
1675,Rider_1675,2022-11-02 18:08:00,Los Angeles,user1675@example.com
1676,Rider_1676,2023-10-10 22:46:00,Ottawa,user1676@example.com
1677,Rider_1677,2022-06-05 08:29:00,San Francisco,user1677@example.com
1678,Rider_1678,2022-02-19 21:45:00,San Francisco,user1678@example.com
1679,Rider_1679,2022-02-01 15:54:00,Toronto,user1679@example.com
1680,Rider_1680,2022-08-31 15:16:00,Ottawa,user1680@example.com
1681,Rider_1681,2024-04-16 01:09:00,Vancouver,user1681@example.com
1682,Rider_1682,2024-02-15 17:11:00,Boston,user1682@example.com
1683,Rider_1683,2024-04-11 22:13:00,Ottawa,user1683@example.com
1684,Rider_1684,2023-03-19 17:13:00,Boston,user1684@example.com
1685,Rider_1685,2023-11-19 19:09:00,Los Angeles,user1685@example.com
1686,Rider_1686,2022-05-02 15:32:00,Chicago,user1686@example.com
1687,Rider_1687,2021-01-17 10:22:00,Calgary,user1687@example.com
1688,Rider_1688,2021-04-16 13:25:00,New York,user1688@example.com
1689,Rider_1689,2022-10-01 20:27:00,New York,user1689@example.com
1690,Rider_1690,2023-03-27 23:16:00,Toronto,user1690@example.com
1691,Rider_1691,2023-12-01 21:16:00,Toronto,user1691@example.com
1692,Rider_1692,2022-07-01 01:28:00,Vancouver,user1692@example.com
1693,Rider_1693,2024-02-01 15:18:00,Boston,user1693@example.com
1694,Rider_1694,2022-01-27 07:22:00,San Francisco,user1694@example.com
1695,Rider_1695,2021-02-22 21:10:00,Boston,user1695@example.com
1696,Rider_1696,2023-08-21 04:48:00,New York,user1696@example.com
1697,Rider_1697,2021-03-30 08:42:00,Toronto,user1697@example.com
1698,Rider_1698,2023-10-18 00:01:00,Ottawa,user1698@example.com
1699,Rider_1699,2023-07-21 02:41:00,Boston,user1699@example.com
1700,Rider_1700,2024-01-05 22:57:00,Toronto,user1700@example.com
1701,Rider_1701,2021-05-15 04:43:00,Toronto,user1701@example.com
1702,Rider_1702,2021-07-21 19:17:00,Ottawa,user1702@example.com
1703,Rider_1703,2023-10-17 16:09:00,Montreal,user1703@example.com
1704,Rider_1704,2024-06-01 17:28:00,Ottawa,user1704@example.com
1705,Rider_1705,2021-06-22 04:36:00,Chicago,user1705@example.com
1706,Rider_1706,2022-01-29 13:02:00,Chicago,user1706@example.com
1707,Rider_1707,2022-12-27 09:21:00,San Francisco,user1707@example.com
1708,Rider_1708,2023-09-20 07:27:00,Toronto,user1708@example.com
1709,Rider_1709,2022-03-06 08:19:00,Vancouver,user1709@example.com
1710,Rider_1710,2023-12-12 07:53:00,Montreal,user1710@example.com
1711,Rider_1711,2022-02-04 18:12:00,Los Angeles,user1711@example.com
1712,Rider_1712,2024-04-27 19:46:00,Chicago,user1712@example.com
1713,Rider_1713,2022-03-07 18:01:00,Toronto,user1713@example.com
1714,Rider_1714,2022-08-18 15:46:00,New York,user1714@example.com
1715,Rider_1715,2022-06-01 18:16:00,Montreal,user1715@example.com
1716,Rider_1716,2022-02-06 03:49:00,New York,user1716@example.com
1717,Rider_1717,2021-10-04 09:41:00,San Francisco,user1717@example.com
1718,Rider_1718,2021-04-18 19:21:00,Vancouver,user1718@example.com
1719,Rider_1719,2021-11-08 17:29:00,Vancouver,user1719@example.com
1720,Rider_1720,2022-09-02 22:28:00,Ottawa,user1720@example.com
1721,Rider_1721,2023-09-30 17:21:00,Chicago,user1721@example.com
1722,Rider_1722,2021-06-18 10:34:00,Vancouver,user1722@example.com
1723,Rider_1723,2023-04-20 20:13:00,Chicago,user1723@example.com
1724,Rider_1724,2021-12-06 06:02:00,Montreal,user1724@example.com
1725,Rider_1725,2023-09-27 09:23:00,Ottawa,user1725@example.com
1726,Rider_1726,2022-11-17 23:21:00,Toronto,user1726@example.com
1727,Rider_1727,2021-06-10 10:49:00,San Francisco,user1727@example.com
1728,Rider_1728,2021-04-24 06:38:00,New York,user1728@example.com
1729,Rider_1729,2023-06-07 13:16:00,Toronto,user1729@example.com
1730,Rider_1730,2024-04-22 09:30:00,San Francisco,user1730@example.com
1731,Rider_1731,2021-01-30 03:36:00,Vancouver,user1731@example.com
1732,Rider_1732,2021-08-20 05:41:00,Vancouver,user1732@example.com
1733,Rider_1733,2021-02-28 18:36:00,New York,user1733@example.com
1734,Rider_1734,2022-02-18 21:28:00,Montreal,user1734@example.com
1735,Rider_1735,2023-12-24 11:56:00,Chicago,user1735@example.com
1736,Rider_1736,2022-08-31 21:51:00,Los Angeles,user1736@example.com
1737,Rider_1737,2021-01-06 18:05:00,Ottawa,user1737@example.com
1738,Rider_1738,2024-01-05 05:27:00,Calgary,user1738@example.com
1739,Rider_1739,2023-01-13 18:19:00,Vancouver,user1739@example.com
1740,Rider_1740,2022-09-20 10:57:00,Montreal,user1740@example.com
1741,Rider_1741,2023-04-20 01:27:00,Toronto,user1741@example.com
1742,Rider_1742,2021-01-06 03:18:00,Boston,user1742@example.com
1743,Rider_1743,2023-12-07 17:31:00,Montreal,user1743@example.com
1744,Rider_1744,2021-07-08 06:47:00,Vancouver,user1744@example.com
1745,Rider_1745,2023-04-12 13:34:00,Ottawa,user1745@example.com
1746,Rider_1746,2022-06-02 23:32:00,Los Angeles,user1746@example.com
1747,Rider_1747,2022-09-15 08:00:00,San Francisco,user1747@example.com
1748,Rider_1748,2023-09-10 04:49:00,New York,user1748@example.com
1749,Rider_1749,2022-07-22 13:26:00,Toronto,user1749@example.com
1750,Rider_1750,2022-06-13 06:27:00,Calgary,user1750@example.com
1751,Rider_1751,2022-12-16 00:35:00,Toronto,user1751@example.com
1752,Rider_1752,2023-10-04 07:27:00,San Francisco,user1752@example.com
1753,Rider_1753,2021-10-02 08:48:00,Boston,user1753@example.com
1754,Rider_1754,2021-03-03 02:22:00,Calgary,user1754@example.com
1755,Rider_1755,2023-10-24 09:57:00,Montreal,user1755@example.com
1756,Rider_1756,2022-04-10 06:41:00,Boston,user1756@example.com
1757,Rider_1757,2021-06-15 20:36:00,Montreal,user1757@example.com
1758,Rider_1758,2023-01-26 18:10:00,Los Angeles,user1758@example.com
1759,Rider_1759,2023-09-11 00:10:00,Toronto,user1759@example.com
1760,Rider_1760,2024-02-17 06:52:00,Vancouver,user1760@example.com
1761,Rider_1761,2021-08-06 09:27:00,Boston,user1761@example.com
1762,Rider_1762,2021-10-27 23:01:00,New York,user1762@example.com
1763,Rider_1763,2024-01-24 01:48:00,New York,user1763@example.com
1764,Rider_1764,2022-01-06 11:22:00,Ottawa,user1764@example.com
1765,Rider_1765,2022-08-27 22:18:00,Vancouver,user1765@example.com
1766,Rider_1766,2024-05-16 11:27:00,Toronto,user1766@example.com
1767,Rider_1767,2023-09-27 11:58:00,Calgary,user1767@example.com
1768,Rider_1768,2023-02-16 05:34:00,San Francisco,user1768@example.com
1769,Rider_1769,2022-11-29 23:23:00,Calgary,user1769@example.com
1770,Rider_1770,2021-02-27 13:03:00,New York,user1770@example.com
1771,Rider_1771,2021-03-29 01:51:00,Los Angeles,user1771@example.com
1772,Rider_1772,2024-05-08 18:30:00,Los Angeles,user1772@example.com
1773,Rider_1773,2022-09-22 22:25:00,New York,user1773@example.com
1774,Rider_1774,2021-11-25 19:56:00,Toronto,user1774@example.com
1775,Rider_1775,2022-12-14 01:17:00,Calgary,user1775@example.com
1776,Rider_1776,2021-08-20 09:23:00,Calgary,user1776@example.com
1777,Rider_1777,2021-12-28 22:20:00,Ottawa,user1777@example.com
1778,Rider_1778,2021-02-27 06:53:00,Toronto,user1778@example.com
1779,Rider_1779,2023-01-30 11:18:00,Chicago,user1779@example.com
1780,Rider_1780,2023-01-03 00:20:00,New York,user1780@example.com
1781,Rider_1781,2021-03-13 03:36:00,Ottawa,user1781@example.com
1782,Rider_1782,2023-12-26 10:14:00,Boston,user1782@example.com
1783,Rider_1783,2021-01-23 07:34:00,Chicago,user1783@example.com
1784,Rider_1784,2023-09-10 19:19:00,Chicago,user1784@example.com
1785,Rider_1785,2022-04-23 10:21:00,New York,user1785@example.com
1786,Rider_1786,2022-12-10 15:47:00,Toronto,user1786@example.com
1787,Rider_1787,2021-09-23 03:45:00,Ottawa,user1787@example.com
1788,Rider_1788,2021-04-10 08:30:00,Ottawa,user1788@example.com
1789,Rider_1789,2021-06-27 08:55:00,Toronto,user1789@example.com
1790,Rider_1790,2023-07-14 06:21:00,Vancouver,user1790@example.com
1791,Rider_1791,2021-12-09 15:32:00,Ottawa,user1791@example.com
1792,Rider_1792,2024-06-03 16:12:00,Toronto,user1792@example.com
1793,Rider_1793,2022-10-25 02:18:00,Boston,user1793@example.com
1794,Rider_1794,2024-06-14 15:41:00,Los Angeles,user1794@example.com
1795,Rider_1795,2022-05-19 16:21:00,Montreal,user1795@example.com
1796,Rider_1796,2023-11-29 16:39:00,Toronto,user1796@example.com
1797,Rider_1797,2023-04-29 00:03:00,Ottawa,user1797@example.com
1798,Rider_1798,2022-05-15 13:44:00,Chicago,user1798@example.com
1799,Rider_1799,2024-04-02 04:28:00,Boston,user1799@example.com
1800,Rider_1800,2023-07-11 07:49:00,New York,user1800@example.com
1801,Rider_1801,2022-06-06 04:29:00,Chicago,user1801@example.com
1802,Rider_1802,2021-07-07 13:43:00,Toronto,user1802@example.com
1803,Rider_1803,2021-08-08 09:41:00,San Francisco,user1803@example.com
1804,Rider_1804,2021-09-19 01:23:00,Montreal,user1804@example.com
1805,Rider_1805,2023-05-10 16:32:00,Los Angeles,user1805@example.com
1806,Rider_1806,2022-11-13 10:28:00,Chicago,user1806@example.com
1807,Rider_1807,2023-06-24 02:00:00,Boston,user1807@example.com
1808,Rider_1808,2021-07-27 04:25:00,New York,user1808@example.com
1809,Rider_1809,2024-05-13 20:34:00,Toronto,user1809@example.com
1810,Rider_1810,2022-08-08 07:10:00,Ottawa,user1810@example.com
1811,Rider_1811,2021-01-25 06:44:00,Chicago,user1811@example.com
1812,Rider_1812,2021-05-06 09:33:00,Vancouver,user1812@example.com
1813,Rider_1813,2021-01-12 05:19:00,New York,user1813@example.com
1814,Rider_1814,2021-05-19 11:25:00,Chicago,user1814@example.com
1815,Rider_1815,2022-03-17 18:16:00,Ottawa,user1815@example.com
1816,Rider_1816,2023-12-14 07:41:00,Montreal,user1816@example.com
1817,Rider_1817,2023-12-12 12:59:00,Vancouver,user1817@example.com
1818,Rider_1818,2021-11-17 06:12:00,Chicago,user1818@example.com
1819,Rider_1819,2023-09-21 22:25:00,Chicago,user1819@example.com
1820,Rider_1820,2023-03-24 14:05:00,San Francisco,user1820@example.com
1821,Rider_1821,2022-10-03 01:38:00,Vancouver,user1821@example.com
1822,Rider_1822,2021-09-29 03:39:00,Boston,user1822@example.com
1823,Rider_1823,2023-12-11 11:27:00,Ottawa,user1823@example.com
1824,Rider_1824,2023-07-16 06:37:00,New York,user1824@example.com
1825,Rider_1825,2024-01-20 03:06:00,Chicago,user1825@example.com
1826,Rider_1826,2023-08-09 18:52:00,Vancouver,user1826@example.com
1827,Rider_1827,2023-09-02 07:23:00,Toronto,user1827@example.com
1828,Rider_1828,2022-06-25 08:55:00,San Francisco,user1828@example.com
1829,Rider_1829,2021-01-08 02:23:00,Montreal,user1829@example.com
1830,Rider_1830,2022-01-02 01:15:00,Calgary,user1830@example.com
1831,Rider_1831,2021-07-02 13:00:00,Boston,user1831@example.com
1832,Rider_1832,2021-05-29 15:21:00,Calgary,user1832@example.com
1833,Rider_1833,2022-07-17 04:39:00,Ottawa,user1833@example.com
1834,Rider_1834,2023-02-28 10:29:00,Calgary,user1834@example.com
1835,Rider_1835,2022-12-23 03:13:00,Boston,user1835@example.com
1836,Rider_1836,2022-03-06 09:55:00,Boston,user1836@example.com
1837,Rider_1837,2021-10-28 22:22:00,New York,user1837@example.com
1838,Rider_1838,2024-05-22 11:53:00,Toronto,user1838@example.com
1839,Rider_1839,2023-12-01 11:44:00,Chicago,user1839@example.com
1840,Rider_1840,2023-02-12 20:41:00,Vancouver,user1840@example.com
1841,Rider_1841,2021-09-06 04:16:00,Chicago,user1841@example.com
1842,Rider_1842,2021-03-25 22:17:00,New York,user1842@example.com
1843,Rider_1843,2022-03-19 19:58:00,Los Angeles,user1843@example.com
1844,Rider_1844,2022-11-07 05:44:00,Boston,user1844@example.com
1845,Rider_1845,2022-06-04 07:24:00,San Francisco,user1845@example.com
1846,Rider_1846,2024-06-04 18:18:00,Ottawa,user1846@example.com
1847,Rider_1847,2021-03-09 06:59:00,Vancouver,user1847@example.com
1848,Rider_1848,2024-02-25 04:44:00,Toronto,user1848@example.com
1849,Rider_1849,2023-04-15 18:15:00,New York,user1849@example.com
1850,Rider_1850,2021-09-03 12:22:00,Chicago,user1850@example.com
1851,Rider_1851,2023-01-24 12:23:00,New York,user1851@example.com
1852,Rider_1852,2021-06-30 07:13:00,Calgary,user1852@example.com
1853,Rider_1853,2022-01-01 12:36:00,Toronto,user1853@example.com
1854,Rider_1854,2023-07-10 17:42:00,Vancouver,user1854@example.com
1855,Rider_1855,2022-05-22 09:07:00,Ottawa,user1855@example.com
1856,Rider_1856,2021-11-05 17:59:00,Montreal,user1856@example.com
1857,Rider_1857,2021-12-24 09:22:00,Los Angeles,user1857@example.com
1858,Rider_1858,2022-05-22 15:05:00,Toronto,user1858@example.com
1859,Rider_1859,2021-06-02 08:05:00,Boston,user1859@example.com
1860,Rider_1860,2024-02-21 01:14:00,Boston,user1860@example.com
1861,Rider_1861,2021-11-07 14:53:00,Montreal,user1861@example.com
1862,Rider_1862,2021-12-09 18:54:00,Montreal,user1862@example.com
1863,Rider_1863,2023-01-02 15:47:00,Toronto,user1863@example.com
1864,Rider_1864,2023-01-23 12:01:00,Ottawa,user1864@example.com
1865,Rider_1865,2022-11-09 02:13:00,New York,user1865@example.com
1866,Rider_1866,2021-12-02 19:13:00,Chicago,user1866@example.com
1867,Rider_1867,2022-12-08 19:17:00,Ottawa,user1867@example.com
1868,Rider_1868,2022-08-25 16:43:00,Chicago,user1868@example.com
1869,Rider_1869,2021-07-31 21:31:00,Los Angeles,user1869@example.com
1870,Rider_1870,2024-01-24 04:52:00,Vancouver,user1870@example.com
1871,Rider_1871,2023-09-09 19:27:00,Boston,user1871@example.com
1872,Rider_1872,2022-02-23 22:56:00,Los Angeles,user1872@example.com
1873,Rider_1873,2022-06-06 18:56:00,Boston,user1873@example.com
1874,Rider_1874,2021-02-19 20:34:00,Chicago,user1874@example.com
1875,Rider_1875,2021-04-03 15:58:00,Ottawa,user1875@example.com
1876,Rider_1876,2021-08-01 01:08:00,San Francisco,user1876@example.com
1877,Rider_1877,2022-12-25 04:22:00,Toronto,user1877@example.com
1878,Rider_1878,2022-10-12 16:30:00,Vancouver,user1878@example.com
1879,Rider_1879,2024-03-27 03:30:00,Chicago,user1879@example.com
1880,Rider_1880,2021-12-08 12:44:00,Los Angeles,user1880@example.com
1881,Rider_1881,2023-07-27 17:10:00,San Francisco,user1881@example.com
1882,Rider_1882,2024-05-11 12:26:00,Chicago,user1882@example.com
1883,Rider_1883,2021-09-21 23:39:00,Ottawa,user1883@example.com
1884,Rider_1884,2023-05-09 16:13:00,Ottawa,user1884@example.com
1885,Rider_1885,2021-05-15 07:59:00,Boston,user1885@example.com
1886,Rider_1886,2023-03-22 12:57:00,Montreal,user1886@example.com
1887,Rider_1887,2021-12-03 05:33:00,Vancouver,user1887@example.com
1888,Rider_1888,2023-01-06 12:56:00,Ottawa,user1888@example.com
1889,Rider_1889,2022-03-10 16:14:00,Vancouver,user1889@example.com
1890,Rider_1890,2024-02-09 01:02:00,New York,user1890@example.com
1891,Rider_1891,2024-02-18 14:44:00,Montreal,user1891@example.com
1892,Rider_1892,2022-01-20 23:49:00,Boston,user1892@example.com
1893,Rider_1893,2022-11-06 13:57:00,Los Angeles,user1893@example.com
1894,Rider_1894,2021-12-12 11:55:00,Ottawa,user1894@example.com
1895,Rider_1895,2021-08-20 09:59:00,Ottawa,user1895@example.com
1896,Rider_1896,2021-01-08 21:18:00,Ottawa,user1896@example.com
1897,Rider_1897,2021-03-10 16:47:00,Montreal,user1897@example.com
1898,Rider_1898,2023-01-02 03:12:00,New York,user1898@example.com
1899,Rider_1899,2021-02-22 05:27:00,Calgary,user1899@example.com
1900,Rider_1900,2023-04-06 01:39:00,Montreal,user1900@example.com
1901,Rider_1901,2023-01-15 12:27:00,Montreal,user1901@example.com
1902,Rider_1902,2022-12-04 20:14:00,Toronto,user1902@example.com
1903,Rider_1903,2022-01-09 14:55:00,Vancouver,user1903@example.com
1904,Rider_1904,2023-05-18 13:54:00,Toronto,user1904@example.com
1905,Rider_1905,2023-12-13 18:52:00,New York,user1905@example.com
1906,Rider_1906,2021-12-05 15:52:00,Montreal,user1906@example.com
1907,Rider_1907,2022-07-11 18:19:00,Chicago,user1907@example.com
1908,Rider_1908,2022-01-07 08:53:00,San Francisco,user1908@example.com
1909,Rider_1909,2021-01-25 17:55:00,Toronto,user1909@example.com
1910,Rider_1910,2023-11-06 07:27:00,Vancouver,user1910@example.com
1911,Rider_1911,2021-09-09 08:26:00,San Francisco,user1911@example.com
1912,Rider_1912,2023-06-06 01:20:00,Vancouver,user1912@example.com
1913,Rider_1913,2021-02-07 22:12:00,Ottawa,user1913@example.com
1914,Rider_1914,2022-12-22 10:14:00,Vancouver,user1914@example.com
1915,Rider_1915,2023-12-29 06:46:00,Chicago,user1915@example.com
1916,Rider_1916,2021-10-15 07:16:00,Montreal,user1916@example.com
1917,Rider_1917,2023-09-01 17:12:00,Los Angeles,user1917@example.com
1918,Rider_1918,2023-12-30 11:22:00,Vancouver,user1918@example.com
1919,Rider_1919,2023-09-02 11:37:00,New York,user1919@example.com
1920,Rider_1920,2022-08-21 21:20:00,Toronto,user1920@example.com
1921,Rider_1921,2023-04-05 18:08:00,Los Angeles,user1921@example.com
1922,Rider_1922,2022-04-06 17:40:00,New York,user1922@example.com
1923,Rider_1923,2024-03-15 13:41:00,Montreal,user1923@example.com
1924,Rider_1924,2023-12-21 09:22:00,San Francisco,user1924@example.com
1925,Rider_1925,2023-04-23 15:26:00,Ottawa,user1925@example.com
1926,Rider_1926,2024-05-19 04:18:00,Ottawa,user1926@example.com
1927,Rider_1927,2024-05-08 15:16:00,Boston,user1927@example.com
1928,Rider_1928,2023-08-22 20:14:00,Toronto,user1928@example.com
1929,Rider_1929,2024-02-17 23:09:00,Los Angeles,user1929@example.com
1930,Rider_1930,2023-03-11 14:46:00,New York,user1930@example.com
1931,Rider_1931,2021-03-22 02:23:00,Los Angeles,user1931@example.com
1932,Rider_1932,2022-08-18 21:35:00,Toronto,user1932@example.com
1933,Rider_1933,2022-12-24 21:36:00,Los Angeles,user1933@example.com
1934,Rider_1934,2021-03-05 11:54:00,Ottawa,user1934@example.com
1935,Rider_1935,2022-07-24 05:36:00,Los Angeles,user1935@example.com
1936,Rider_1936,2023-10-04 21:37:00,Chicago,user1936@example.com
1937,Rider_1937,2023-12-31 23:35:00,Calgary,user1937@example.com
1938,Rider_1938,2023-05-22 02:34:00,Toronto,user1938@example.com
1939,Rider_1939,2021-08-04 00:08:00,Boston,user1939@example.com
1940,Rider_1940,2022-01-06 16:52:00,Los Angeles,user1940@example.com
1941,Rider_1941,2021-06-26 09:44:00,Calgary,user1941@example.com
1942,Rider_1942,2024-02-20 11:31:00,Vancouver,user1942@example.com
1943,Rider_1943,2023-12-28 19:54:00,Ottawa,user1943@example.com
1944,Rider_1944,2024-03-16 00:20:00,Boston,user1944@example.com
1945,Rider_1945,2022-05-13 19:45:00,Boston,user1945@example.com
1946,Rider_1946,2022-02-20 07:49:00,Los Angeles,user1946@example.com
1947,Rider_1947,2023-11-23 16:41:00,Calgary,user1947@example.com
1948,Rider_1948,2022-03-07 12:43:00,Montreal,user1948@example.com
1949,Rider_1949,2021-04-09 10:34:00,New York,user1949@example.com
1950,Rider_1950,2022-06-21 06:58:00,Los Angeles,user1950@example.com
1951,Rider_1951,2023-01-26 07:51:00,Vancouver,user1951@example.com
1952,Rider_1952,2023-03-30 04:09:00,Calgary,user1952@example.com
1953,Rider_1953,2023-01-01 08:58:00,Toronto,user1953@example.com
1954,Rider_1954,2023-11-20 17:09:00,Calgary,user1954@example.com
1955,Rider_1955,2022-03-31 00:24:00,Calgary,user1955@example.com
1956,Rider_1956,2023-08-23 14:44:00,Vancouver,user1956@example.com
1957,Rider_1957,2024-05-27 14:34:00,Los Angeles,user1957@example.com
1958,Rider_1958,2021-10-20 14:19:00,Toronto,user1958@example.com
1959,Rider_1959,2021-05-16 15:06:00,Vancouver,user1959@example.com
1960,Rider_1960,2022-08-30 21:41:00,Toronto,user1960@example.com
1961,Rider_1961,2022-03-24 23:18:00,Chicago,user1961@example.com
1962,Rider_1962,2021-06-19 21:25:00,Toronto,user1962@example.com
1963,Rider_1963,2022-03-05 15:53:00,Chicago,user1963@example.com
1964,Rider_1964,2023-12-19 21:06:00,Toronto,user1964@example.com
1965,Rider_1965,2023-02-11 00:28:00,Chicago,user1965@example.com
1966,Rider_1966,2021-11-14 07:13:00,Chicago,user1966@example.com
1967,Rider_1967,2023-09-02 10:33:00,Calgary,user1967@example.com
1968,Rider_1968,2022-04-01 10:08:00,New York,user1968@example.com
1969,Rider_1969,2023-11-27 01:50:00,Montreal,user1969@example.com
1970,Rider_1970,2021-07-25 02:20:00,Calgary,user1970@example.com
1971,Rider_1971,2022-06-23 13:55:00,Vancouver,user1971@example.com
1972,Rider_1972,2022-11-21 12:18:00,Montreal,user1972@example.com
1973,Rider_1973,2022-03-29 20:32:00,New York,user1973@example.com
1974,Rider_1974,2021-04-08 18:55:00,Boston,user1974@example.com
1975,Rider_1975,2024-05-30 20:19:00,New York,user1975@example.com
1976,Rider_1976,2023-03-19 04:51:00,Boston,user1976@example.com
1977,Rider_1977,2022-10-02 12:58:00,Los Angeles,user1977@example.com
1978,Rider_1978,2022-06-17 12:13:00,Ottawa,user1978@example.com
1979,Rider_1979,2023-01-26 04:55:00,Los Angeles,user1979@example.com
1980,Rider_1980,2023-11-01 08:53:00,Ottawa,user1980@example.com
1981,Rider_1981,2023-05-03 00:23:00,Calgary,user1981@example.com
1982,Rider_1982,2022-12-13 11:44:00,Vancouver,user1982@example.com
1983,Rider_1983,2023-06-01 04:40:00,San Francisco,user1983@example.com
1984,Rider_1984,2024-05-11 05:02:00,Chicago,user1984@example.com
1985,Rider_1985,2021-09-24 18:49:00,San Francisco,user1985@example.com
1986,Rider_1986,2021-12-19 07:02:00,San Francisco,user1986@example.com
1987,Rider_1987,2022-08-01 17:31:00,Vancouver,user1987@example.com
1988,Rider_1988,2024-04-10 18:21:00,San Francisco,user1988@example.com
1989,Rider_1989,2021-08-19 10:27:00,New York,user1989@example.com
1990,Rider_1990,2022-03-18 18:31:00,Los Angeles,user1990@example.com
1991,Rider_1991,2021-09-16 10:27:00,Vancouver,user1991@example.com
1992,Rider_1992,2021-09-07 18:40:00,Ottawa,user1992@example.com
1993,Rider_1993,2022-03-20 02:45:00,Calgary,user1993@example.com
1994,Rider_1994,2021-09-30 09:52:00,Chicago,user1994@example.com
1995,Rider_1995,2021-09-08 12:00:00,Chicago,user1995@example.com
1996,Rider_1996,2021-07-01 14:59:00,Boston,user1996@example.com
1997,Rider_1997,2022-05-07 20:40:00,New York,user1997@example.com
1998,Rider_1998,2021-07-16 11:16:00,Ottawa,user1998@example.com
1999,Rider_1999,2022-02-09 12:41:00,Vancouver,user1999@example.com
2000,Rider_2000,2021-10-14 14:31:00,Los Angeles,user2000@example.com
2001,Rider_2001,2023-05-24 19:02:00,Boston,user2001@example.com
2002,Rider_2002,2023-10-31 21:37:00,New York,user2002@example.com
2003,Rider_2003,2022-06-19 03:32:00,Los Angeles,user2003@example.com
2004,Rider_2004,2022-08-03 07:16:00,Chicago,user2004@example.com
2005,Rider_2005,2023-04-19 15:41:00,Vancouver,user2005@example.com
2006,Rider_2006,2023-04-09 23:39:00,Chicago,user2006@example.com
2007,Rider_2007,2021-07-08 17:28:00,San Francisco,user2007@example.com
2008,Rider_2008,2022-09-21 11:10:00,New York,user2008@example.com
2009,Rider_2009,2024-04-08 20:26:00,Vancouver,user2009@example.com
2010,Rider_2010,2022-12-13 12:59:00,Chicago,user2010@example.com
2011,Rider_2011,2021-08-31 10:05:00,Los Angeles,user2011@example.com
2012,Rider_2012,2024-02-22 05:05:00,New York,user2012@example.com
2013,Rider_2013,2023-02-28 05:34:00,Calgary,user2013@example.com
2014,Rider_2014,2023-10-03 11:00:00,Los Angeles,user2014@example.com
2015,Rider_2015,2023-01-07 04:40:00,San Francisco,user2015@example.com
2016,Rider_2016,2024-03-17 13:11:00,San Francisco,user2016@example.com
2017,Rider_2017,2023-11-02 23:22:00,Ottawa,user2017@example.com
2018,Rider_2018,2024-05-27 02:21:00,Chicago,user2018@example.com
2019,Rider_2019,2024-02-06 18:04:00,Ottawa,user2019@example.com
2020,Rider_2020,2022-06-11 03:04:00,Vancouver,user2020@example.com
2021,Rider_2021,2024-02-11 13:32:00,Toronto,user2021@example.com
2022,Rider_2022,2021-03-04 06:19:00,Vancouver,user2022@example.com
2023,Rider_2023,2023-11-20 05:58:00,Chicago,user2023@example.com
2024,Rider_2024,2021-07-01 13:27:00,Calgary,user2024@example.com
2025,Rider_2025,2021-02-08 12:26:00,San Francisco,user2025@example.com
2026,Rider_2026,2023-08-18 06:53:00,Montreal,user2026@example.com
2027,Rider_2027,2022-11-24 19:04:00,Boston,user2027@example.com
2028,Rider_2028,2021-05-24 15:56:00,Los Angeles,user2028@example.com
2029,Rider_2029,2021-03-27 11:48:00,Los Angeles,user2029@example.com
2030,Rider_2030,2023-09-24 05:52:00,Ottawa,user2030@example.com
2031,Rider_2031,2023-06-26 07:54:00,Boston,user2031@example.com
2032,Rider_2032,2021-12-12 02:07:00,Calgary,user2032@example.com
2033,Rider_2033,2021-11-01 00:48:00,San Francisco,user2033@example.com
2034,Rider_2034,2021-05-10 20:26:00,New York,user2034@example.com
2035,Rider_2035,2022-11-23 23:52:00,Calgary,user2035@example.com
2036,Rider_2036,2023-03-07 00:49:00,Toronto,user2036@example.com
2037,Rider_2037,2021-10-30 01:37:00,Montreal,user2037@example.com
2038,Rider_2038,2022-05-09 14:52:00,Vancouver,user2038@example.com
2039,Rider_2039,2023-07-29 22:56:00,Ottawa,user2039@example.com
2040,Rider_2040,2021-03-29 01:36:00,Calgary,user2040@example.com
2041,Rider_2041,2022-09-10 14:02:00,Los Angeles,user2041@example.com
2042,Rider_2042,2024-01-18 05:03:00,Chicago,user2042@example.com
2043,Rider_2043,2022-07-29 04:48:00,Montreal,user2043@example.com
2044,Rider_2044,2022-08-03 04:09:00,Montreal,user2044@example.com
2045,Rider_2045,2022-03-19 04:32:00,New York,user2045@example.com
2046,Rider_2046,2022-06-30 19:27:00,Los Angeles,user2046@example.com
2047,Rider_2047,2022-11-24 04:16:00,San Francisco,user2047@example.com
2048,Rider_2048,2021-05-17 01:54:00,Calgary,user2048@example.com
2049,Rider_2049,2024-02-05 16:20:00,Boston,user2049@example.com
2050,Rider_2050,2024-02-26 22:09:00,Vancouver,user2050@example.com
2051,Rider_2051,2024-06-02 11:34:00,Montreal,user2051@example.com
2052,Rider_2052,2022-03-25 09:03:00,Vancouver,user2052@example.com
2053,Rider_2053,2024-06-05 13:39:00,Chicago,user2053@example.com
2054,Rider_2054,2024-02-06 20:22:00,Montreal,user2054@example.com
2055,Rider_2055,2021-08-05 19:27:00,Montreal,user2055@example.com
2056,Rider_2056,2023-07-18 20:39:00,Ottawa,user2056@example.com
2057,Rider_2057,2021-08-12 03:15:00,Toronto,user2057@example.com
2058,Rider_2058,2022-04-17 01:16:00,Boston,user2058@example.com
2059,Rider_2059,2023-03-28 00:38:00,Vancouver,user2059@example.com
2060,Rider_2060,2021-04-13 16:58:00,Los Angeles,user2060@example.com
2061,Rider_2061,2024-03-20 13:58:00,Ottawa,user2061@example.com
2062,Rider_2062,2021-05-18 09:35:00,Montreal,user2062@example.com
2063,Rider_2063,2022-09-29 01:47:00,New York,user2063@example.com
2064,Rider_2064,2022-10-06 22:12:00,San Francisco,user2064@example.com
2065,Rider_2065,2023-05-14 10:14:00,Chicago,user2065@example.com
2066,Rider_2066,2024-01-09 07:55:00,Vancouver,user2066@example.com
2067,Rider_2067,2024-03-19 05:31:00,Ottawa,user2067@example.com
2068,Rider_2068,2021-11-06 12:51:00,Chicago,user2068@example.com
2069,Rider_2069,2022-08-17 01:23:00,Chicago,user2069@example.com
2070,Rider_2070,2023-05-11 09:39:00,San Francisco,user2070@example.com
2071,Rider_2071,2021-03-07 14:33:00,Vancouver,user2071@example.com
2072,Rider_2072,2023-06-29 02:08:00,San Francisco,user2072@example.com
2073,Rider_2073,2023-02-07 13:24:00,San Francisco,user2073@example.com
2074,Rider_2074,2024-02-24 07:49:00,Calgary,user2074@example.com
2075,Rider_2075,2021-12-15 18:43:00,Vancouver,user2075@example.com
2076,Rider_2076,2024-05-14 02:48:00,New York,user2076@example.com
2077,Rider_2077,2021-08-28 06:25:00,New York,user2077@example.com
2078,Rider_2078,2022-04-12 07:07:00,San Francisco,user2078@example.com
2079,Rider_2079,2021-07-12 21:39:00,Vancouver,user2079@example.com
2080,Rider_2080,2022-10-11 00:43:00,San Francisco,user2080@example.com
2081,Rider_2081,2023-02-04 02:51:00,Chicago,user2081@example.com
2082,Rider_2082,2021-02-14 04:24:00,Boston,user2082@example.com
2083,Rider_2083,2024-04-02 22:46:00,Toronto,user2083@example.com
2084,Rider_2084,2023-02-05 22:14:00,San Francisco,user2084@example.com
2085,Rider_2085,2023-07-20 08:17:00,Toronto,user2085@example.com
2086,Rider_2086,2023-06-22 15:42:00,Los Angeles,user2086@example.com
2087,Rider_2087,2023-05-29 14:08:00,Vancouver,user2087@example.com
2088,Rider_2088,2022-02-05 15:38:00,Montreal,user2088@example.com
2089,Rider_2089,2023-12-15 11:19:00,Vancouver,user2089@example.com
2090,Rider_2090,2022-08-03 17:59:00,Toronto,user2090@example.com
2091,Rider_2091,2024-02-13 14:37:00,Calgary,user2091@example.com
2092,Rider_2092,2021-01-28 06:07:00,Ottawa,user2092@example.com
2093,Rider_2093,2021-09-10 23:23:00,San Francisco,user2093@example.com
2094,Rider_2094,2021-04-01 21:25:00,Ottawa,user2094@example.com
2095,Rider_2095,2022-05-12 14:34:00,Chicago,user2095@example.com
2096,Rider_2096,2023-12-13 23:27:00,Vancouver,user2096@example.com
2097,Rider_2097,2022-07-10 04:17:00,Chicago,user2097@example.com
2098,Rider_2098,2021-03-24 03:49:00,Chicago,user2098@example.com
2099,Rider_2099,2022-07-16 01:08:00,San Francisco,user2099@example.com
2100,Rider_2100,2023-09-16 09:00:00,Montreal,user2100@example.com
2101,Rider_2101,2021-03-17 16:13:00,Los Angeles,user2101@example.com
2102,Rider_2102,2022-03-30 02:01:00,San Francisco,user2102@example.com
2103,Rider_2103,2023-09-20 13:39:00,Calgary,user2103@example.com
2104,Rider_2104,2023-03-10 06:19:00,Toronto,user2104@example.com
2105,Rider_2105,2024-04-05 15:02:00,Boston,user2105@example.com
2106,Rider_2106,2024-04-02 21:41:00,Chicago,user2106@example.com
2107,Rider_2107,2023-07-20 03:29:00,Toronto,user2107@example.com
2108,Rider_2108,2023-04-25 15:03:00,Chicago,user2108@example.com
2109,Rider_2109,2022-05-07 05:10:00,Los Angeles,user2109@example.com
2110,Rider_2110,2022-02-26 16:43:00,San Francisco,user2110@example.com
2111,Rider_2111,2021-05-29 20:55:00,Los Angeles,user2111@example.com
2112,Rider_2112,2023-06-21 01:42:00,Calgary,user2112@example.com
2113,Rider_2113,2021-08-12 06:10:00,Los Angeles,user2113@example.com
2114,Rider_2114,2021-08-01 17:50:00,New York,user2114@example.com
2115,Rider_2115,2022-03-14 04:00:00,Calgary,user2115@example.com
2116,Rider_2116,2024-04-24 20:03:00,Los Angeles,user2116@example.com
2117,Rider_2117,2022-10-03 00:16:00,Vancouver,user2117@example.com
2118,Rider_2118,2021-09-11 06:10:00,Los Angeles,user2118@example.com
2119,Rider_2119,2021-12-05 11:00:00,Toronto,user2119@example.com
2120,Rider_2120,2023-02-21 23:28:00,Chicago,user2120@example.com
2121,Rider_2121,2021-10-20 16:41:00,Boston,user2121@example.com
2122,Rider_2122,2023-08-11 22:16:00,Calgary,user2122@example.com
2123,Rider_2123,2023-04-07 13:57:00,Calgary,user2123@example.com
2124,Rider_2124,2023-12-27 22:19:00,Calgary,user2124@example.com
2125,Rider_2125,2022-10-11 07:47:00,Toronto,user2125@example.com
2126,Rider_2126,2021-04-29 16:24:00,Vancouver,user2126@example.com
2127,Rider_2127,2021-07-23 20:41:00,Toronto,user2127@example.com
2128,Rider_2128,2023-01-15 21:44:00,New York,user2128@example.com
2129,Rider_2129,2022-04-30 00:18:00,Los Angeles,user2129@example.com
2130,Rider_2130,2021-08-04 22:49:00,Los Angeles,user2130@example.com
2131,Rider_2131,2023-07-18 09:57:00,Vancouver,user2131@example.com
2132,Rider_2132,2024-04-01 04:40:00,Calgary,user2132@example.com
2133,Rider_2133,2021-09-25 12:20:00,Los Angeles,user2133@example.com
2134,Rider_2134,2021-02-14 16:13:00,San Francisco,user2134@example.com
2135,Rider_2135,2021-12-12 10:06:00,Toronto,user2135@example.com
2136,Rider_2136,2023-12-15 11:18:00,Chicago,user2136@example.com
2137,Rider_2137,2023-12-05 20:15:00,Chicago,user2137@example.com
2138,Rider_2138,2022-04-23 13:45:00,Boston,user2138@example.com
2139,Rider_2139,2021-11-22 23:26:00,Chicago,user2139@example.com
2140,Rider_2140,2021-05-03 02:36:00,Chicago,user2140@example.com
2141,Rider_2141,2023-12-10 03:34:00,Montreal,user2141@example.com
2142,Rider_2142,2021-05-01 18:10:00,Toronto,user2142@example.com
2143,Rider_2143,2024-04-18 10:37:00,New York,user2143@example.com
2144,Rider_2144,2024-03-22 11:27:00,Vancouver,user2144@example.com
2145,Rider_2145,2021-03-08 01:08:00,Montreal,user2145@example.com
2146,Rider_2146,2021-06-17 11:43:00,Boston,user2146@example.com
2147,Rider_2147,2024-05-16 23:14:00,New York,user2147@example.com
2148,Rider_2148,2023-07-11 11:12:00,Calgary,user2148@example.com
2149,Rider_2149,2022-12-30 16:39:00,New York,user2149@example.com
2150,Rider_2150,2022-01-29 00:59:00,Toronto,user2150@example.com
2151,Rider_2151,2021-04-13 21:52:00,New York,user2151@example.com
2152,Rider_2152,2023-11-04 01:25:00,San Francisco,user2152@example.com
2153,Rider_2153,2024-03-18 03:40:00,New York,user2153@example.com
2154,Rider_2154,2024-04-30 08:53:00,Toronto,user2154@example.com
2155,Rider_2155,2023-07-24 20:25:00,Toronto,user2155@example.com
2156,Rider_2156,2023-07-02 19:25:00,Boston,user2156@example.com
2157,Rider_2157,2021-10-15 01:09:00,Boston,user2157@example.com
2158,Rider_2158,2021-02-15 10:51:00,Los Angeles,user2158@example.com
2159,Rider_2159,2021-08-15 02:45:00,Toronto,user2159@example.com
2160,Rider_2160,2023-06-20 14:41:00,San Francisco,user2160@example.com
2161,Rider_2161,2022-07-02 03:05:00,Los Angeles,user2161@example.com
2162,Rider_2162,2023-02-17 17:00:00,Chicago,user2162@example.com
2163,Rider_2163,2022-01-11 15:47:00,Ottawa,user2163@example.com
2164,Rider_2164,2023-06-05 19:54:00,Calgary,user2164@example.com
2165,Rider_2165,2021-06-03 22:55:00,Toronto,user2165@example.com
2166,Rider_2166,2024-03-31 15:48:00,Ottawa,user2166@example.com
2167,Rider_2167,2023-04-02 12:32:00,New York,user2167@example.com
2168,Rider_2168,2024-01-17 23:23:00,Boston,user2168@example.com
2169,Rider_2169,2022-03-14 20:22:00,Boston,user2169@example.com
2170,Rider_2170,2024-03-17 07:49:00,Chicago,user2170@example.com
2171,Rider_2171,2021-01-07 17:23:00,Calgary,user2171@example.com
2172,Rider_2172,2021-11-29 11:04:00,Toronto,user2172@example.com
2173,Rider_2173,2024-01-05 11:03:00,Calgary,user2173@example.com
2174,Rider_2174,2022-07-24 06:43:00,Vancouver,user2174@example.com
2175,Rider_2175,2021-10-15 13:59:00,Ottawa,user2175@example.com
2176,Rider_2176,2023-11-13 06:51:00,Vancouver,user2176@example.com
2177,Rider_2177,2021-10-08 22:31:00,Toronto,user2177@example.com
2178,Rider_2178,2022-08-13 17:04:00,Los Angeles,user2178@example.com
2179,Rider_2179,2021-11-29 20:42:00,Montreal,user2179@example.com
2180,Rider_2180,2021-12-20 11:50:00,Calgary,user2180@example.com
2181,Rider_2181,2021-06-25 07:11:00,Montreal,user2181@example.com
2182,Rider_2182,2021-07-12 00:42:00,Los Angeles,user2182@example.com
2183,Rider_2183,2021-06-21 08:53:00,Vancouver,user2183@example.com
2184,Rider_2184,2021-07-31 03:10:00,Calgary,user2184@example.com
2185,Rider_2185,2024-03-30 03:37:00,Vancouver,user2185@example.com
2186,Rider_2186,2023-12-31 18:16:00,Los Angeles,user2186@example.com
2187,Rider_2187,2023-05-16 11:23:00,San Francisco,user2187@example.com
2188,Rider_2188,2021-05-08 18:25:00,New York,user2188@example.com
2189,Rider_2189,2023-02-06 22:56:00,Los Angeles,user2189@example.com
2190,Rider_2190,2022-08-21 17:40:00,Toronto,user2190@example.com
2191,Rider_2191,2022-12-11 20:10:00,San Francisco,user2191@example.com
2192,Rider_2192,2024-02-18 14:34:00,Ottawa,user2192@example.com
2193,Rider_2193,2023-12-04 06:57:00,San Francisco,user2193@example.com
2194,Rider_2194,2021-12-17 21:10:00,Vancouver,user2194@example.com
2195,Rider_2195,2022-09-25 16:34:00,Calgary,user2195@example.com
2196,Rider_2196,2022-10-27 19:34:00,San Francisco,user2196@example.com
2197,Rider_2197,2021-04-19 03:13:00,Boston,user2197@example.com
2198,Rider_2198,2023-11-21 23:50:00,Vancouver,user2198@example.com
2199,Rider_2199,2021-10-06 12:41:00,Los Angeles,user2199@example.com
2200,Rider_2200,2023-11-14 06:27:00,New York,user2200@example.com
2201,Rider_2201,2023-11-11 01:32:00,Vancouver,user2201@example.com
2202,Rider_2202,2022-09-08 17:44:00,Toronto,user2202@example.com
2203,Rider_2203,2023-03-23 22:15:00,Vancouver,user2203@example.com
2204,Rider_2204,2021-07-05 04:45:00,Toronto,user2204@example.com
2205,Rider_2205,2022-09-06 07:38:00,Chicago,user2205@example.com
2206,Rider_2206,2023-12-16 16:51:00,Montreal,user2206@example.com
2207,Rider_2207,2021-06-08 00:28:00,Ottawa,user2207@example.com
2208,Rider_2208,2021-04-11 12:34:00,Chicago,user2208@example.com
2209,Rider_2209,2021-11-06 06:28:00,Los Angeles,user2209@example.com
2210,Rider_2210,2021-11-08 02:21:00,Los Angeles,user2210@example.com
2211,Rider_2211,2022-09-21 00:59:00,Ottawa,user2211@example.com
2212,Rider_2212,2021-12-28 18:00:00,Toronto,user2212@example.com
2213,Rider_2213,2024-02-01 13:26:00,Montreal,user2213@example.com
2214,Rider_2214,2022-03-09 15:54:00,Vancouver,user2214@example.com
2215,Rider_2215,2023-07-12 04:52:00,Ottawa,user2215@example.com
2216,Rider_2216,2024-03-20 21:01:00,San Francisco,user2216@example.com
2217,Rider_2217,2022-07-08 04:16:00,Montreal,user2217@example.com
2218,Rider_2218,2023-11-02 15:31:00,Vancouver,user2218@example.com
2219,Rider_2219,2022-09-21 06:45:00,Ottawa,user2219@example.com
2220,Rider_2220,2023-03-06 10:54:00,Vancouver,user2220@example.com
2221,Rider_2221,2021-08-17 22:30:00,San Francisco,user2221@example.com
2222,Rider_2222,2021-06-17 19:53:00,Vancouver,user2222@example.com
2223,Rider_2223,2022-01-25 10:23:00,Toronto,user2223@example.com
2224,Rider_2224,2023-02-12 11:42:00,Vancouver,user2224@example.com
2225,Rider_2225,2023-09-04 03:22:00,Boston,user2225@example.com
2226,Rider_2226,2021-02-16 04:10:00,Chicago,user2226@example.com
2227,Rider_2227,2024-02-21 03:06:00,Toronto,user2227@example.com
2228,Rider_2228,2021-04-16 23:44:00,New York,user2228@example.com
2229,Rider_2229,2023-11-20 09:40:00,Vancouver,user2229@example.com
2230,Rider_2230,2021-10-06 05:10:00,New York,user2230@example.com
2231,Rider_2231,2023-07-29 04:31:00,Montreal,user2231@example.com
2232,Rider_2232,2021-08-26 06:26:00,Los Angeles,user2232@example.com
2233,Rider_2233,2023-08-25 04:36:00,San Francisco,user2233@example.com
2234,Rider_2234,2021-05-30 15:34:00,Ottawa,user2234@example.com
2235,Rider_2235,2023-10-24 22:52:00,Toronto,user2235@example.com
2236,Rider_2236,2024-04-07 09:09:00,Calgary,user2236@example.com
2237,Rider_2237,2024-05-16 11:10:00,Vancouver,user2237@example.com
2238,Rider_2238,2021-11-10 16:33:00,Vancouver,user2238@example.com
2239,Rider_2239,2023-10-26 12:37:00,San Francisco,user2239@example.com
2240,Rider_2240,2023-02-01 13:51:00,Vancouver,user2240@example.com
2241,Rider_2241,2022-02-11 11:35:00,Calgary,user2241@example.com
2242,Rider_2242,2022-06-18 18:55:00,Calgary,user2242@example.com
2243,Rider_2243,2023-04-30 03:28:00,Calgary,user2243@example.com
2244,Rider_2244,2024-04-01 18:40:00,New York,user2244@example.com
2245,Rider_2245,2022-10-31 14:42:00,New York,user2245@example.com
2246,Rider_2246,2022-08-19 22:45:00,Toronto,user2246@example.com
2247,Rider_2247,2022-05-04 15:37:00,Vancouver,user2247@example.com
2248,Rider_2248,2022-11-19 11:41:00,Montreal,user2248@example.com
2249,Rider_2249,2021-02-25 21:28:00,Vancouver,user2249@example.com
2250,Rider_2250,2021-10-02 18:09:00,New York,user2250@example.com
2251,Rider_2251,2023-10-22 08:37:00,Calgary,user2251@example.com
2252,Rider_2252,2024-01-02 19:47:00,San Francisco,user2252@example.com
2253,Rider_2253,2023-02-03 11:41:00,Chicago,user2253@example.com
2254,Rider_2254,2021-07-28 22:05:00,Montreal,user2254@example.com
2255,Rider_2255,2024-01-17 20:05:00,San Francisco,user2255@example.com
2256,Rider_2256,2023-01-28 05:38:00,Montreal,user2256@example.com
2257,Rider_2257,2023-06-03 16:27:00,Toronto,user2257@example.com
2258,Rider_2258,2023-10-23 09:30:00,Vancouver,user2258@example.com
2259,Rider_2259,2023-12-01 16:36:00,Calgary,user2259@example.com
2260,Rider_2260,2023-06-08 21:32:00,Calgary,user2260@example.com
2261,Rider_2261,2023-01-10 07:15:00,Vancouver,user2261@example.com
2262,Rider_2262,2021-08-31 19:41:00,Calgary,user2262@example.com
2263,Rider_2263,2021-03-28 14:01:00,Calgary,user2263@example.com
2264,Rider_2264,2022-02-14 03:55:00,Montreal,user2264@example.com
2265,Rider_2265,2023-07-08 03:45:00,Vancouver,user2265@example.com
2266,Rider_2266,2023-08-17 09:10:00,Montreal,user2266@example.com
2267,Rider_2267,2024-04-05 16:06:00,Los Angeles,user2267@example.com
2268,Rider_2268,2022-05-13 20:27:00,San Francisco,user2268@example.com
2269,Rider_2269,2021-02-13 17:23:00,New York,user2269@example.com
2270,Rider_2270,2021-03-12 02:08:00,Ottawa,user2270@example.com
2271,Rider_2271,2022-07-24 04:45:00,Chicago,user2271@example.com
2272,Rider_2272,2024-06-11 14:20:00,Los Angeles,user2272@example.com
2273,Rider_2273,2021-02-11 18:53:00,Ottawa,user2273@example.com
2274,Rider_2274,2022-08-15 04:48:00,Los Angeles,user2274@example.com
2275,Rider_2275,2022-10-28 02:31:00,Toronto,user2275@example.com
2276,Rider_2276,2022-07-10 03:34:00,Los Angeles,user2276@example.com
2277,Rider_2277,2022-06-30 16:16:00,Montreal,user2277@example.com
2278,Rider_2278,2023-10-25 04:48:00,New York,user2278@example.com
2279,Rider_2279,2022-01-20 15:42:00,Boston,user2279@example.com
2280,Rider_2280,2023-10-04 18:16:00,Boston,user2280@example.com
2281,Rider_2281,2023-07-10 11:10:00,San Francisco,user2281@example.com
2282,Rider_2282,2023-12-05 18:10:00,Toronto,user2282@example.com
2283,Rider_2283,2022-04-19 15:57:00,Toronto,user2283@example.com
2284,Rider_2284,2022-06-09 10:25:00,Toronto,user2284@example.com
2285,Rider_2285,2021-01-31 14:54:00,Chicago,user2285@example.com
2286,Rider_2286,2022-05-22 14:31:00,Calgary,user2286@example.com
2287,Rider_2287,2022-12-17 23:56:00,New York,user2287@example.com
2288,Rider_2288,2023-06-02 10:25:00,Montreal,user2288@example.com
2289,Rider_2289,2022-10-17 06:27:00,Calgary,user2289@example.com
2290,Rider_2290,2021-02-01 16:39:00,San Francisco,user2290@example.com
2291,Rider_2291,2023-07-03 09:49:00,Vancouver,user2291@example.com
2292,Rider_2292,2022-05-07 16:30:00,New York,user2292@example.com
2293,Rider_2293,2023-06-06 00:19:00,Montreal,user2293@example.com
2294,Rider_2294,2022-05-16 20:44:00,Montreal,user2294@example.com
2295,Rider_2295,2021-06-01 19:28:00,Ottawa,user2295@example.com
2296,Rider_2296,2021-06-05 10:23:00,Vancouver,user2296@example.com
2297,Rider_2297,2022-06-06 21:46:00,Boston,user2297@example.com
2298,Rider_2298,2023-02-21 00:34:00,Vancouver,user2298@example.com
2299,Rider_2299,2021-09-16 20:18:00,Los Angeles,user2299@example.com
2300,Rider_2300,2022-04-11 06:56:00,Ottawa,user2300@example.com
2301,Rider_2301,2022-11-09 06:55:00,Los Angeles,user2301@example.com
2302,Rider_2302,2023-02-11 23:42:00,Boston,user2302@example.com
2303,Rider_2303,2023-04-13 09:20:00,Toronto,user2303@example.com
2304,Rider_2304,2022-03-23 09:23:00,Boston,user2304@example.com
2305,Rider_2305,2021-03-15 20:05:00,San Francisco,user2305@example.com
2306,Rider_2306,2023-06-10 22:24:00,San Francisco,user2306@example.com
2307,Rider_2307,2024-06-03 21:46:00,Montreal,user2307@example.com
2308,Rider_2308,2023-08-29 05:44:00,Boston,user2308@example.com
2309,Rider_2309,2024-01-20 22:03:00,Toronto,user2309@example.com
2310,Rider_2310,2021-05-28 03:55:00,Ottawa,user2310@example.com
2311,Rider_2311,2022-06-08 06:13:00,Ottawa,user2311@example.com
2312,Rider_2312,2021-04-15 11:59:00,San Francisco,user2312@example.com
2313,Rider_2313,2024-05-29 14:22:00,Ottawa,user2313@example.com
2314,Rider_2314,2023-01-09 07:17:00,Calgary,user2314@example.com
2315,Rider_2315,2021-11-22 19:38:00,Montreal,user2315@example.com
2316,Rider_2316,2024-05-21 00:02:00,Los Angeles,user2316@example.com
2317,Rider_2317,2023-10-10 03:03:00,Toronto,user2317@example.com
2318,Rider_2318,2023-02-23 22:19:00,San Francisco,user2318@example.com
2319,Rider_2319,2022-11-04 12:04:00,San Francisco,user2319@example.com
2320,Rider_2320,2022-05-02 18:38:00,Calgary,user2320@example.com
2321,Rider_2321,2022-10-06 14:45:00,Boston,user2321@example.com
2322,Rider_2322,2022-01-26 07:49:00,Montreal,user2322@example.com
2323,Rider_2323,2023-03-12 14:21:00,Ottawa,user2323@example.com
2324,Rider_2324,2023-11-10 05:34:00,Vancouver,user2324@example.com
2325,Rider_2325,2021-10-08 13:17:00,Calgary,user2325@example.com
2326,Rider_2326,2023-09-03 07:43:00,New York,user2326@example.com
2327,Rider_2327,2021-10-17 18:40:00,Calgary,user2327@example.com
2328,Rider_2328,2023-02-15 11:39:00,Ottawa,user2328@example.com
2329,Rider_2329,2023-10-24 12:38:00,Boston,user2329@example.com
2330,Rider_2330,2022-02-21 05:22:00,Vancouver,user2330@example.com
2331,Rider_2331,2024-06-10 15:13:00,Calgary,user2331@example.com
2332,Rider_2332,2024-04-09 18:50:00,Ottawa,user2332@example.com
2333,Rider_2333,2023-05-30 10:21:00,Montreal,user2333@example.com
2334,Rider_2334,2023-03-23 07:37:00,New York,user2334@example.com
2335,Rider_2335,2022-07-20 21:08:00,Boston,user2335@example.com
2336,Rider_2336,2021-08-18 12:17:00,Vancouver,user2336@example.com
2337,Rider_2337,2021-08-22 18:01:00,Boston,user2337@example.com
2338,Rider_2338,2022-11-08 08:28:00,San Francisco,user2338@example.com
2339,Rider_2339,2022-05-11 00:15:00,Montreal,user2339@example.com
2340,Rider_2340,2023-09-12 18:31:00,Toronto,user2340@example.com
2341,Rider_2341,2022-10-03 16:49:00,Boston,user2341@example.com
2342,Rider_2342,2022-03-22 21:47:00,San Francisco,user2342@example.com
2343,Rider_2343,2022-02-03 09:01:00,Chicago,user2343@example.com
2344,Rider_2344,2022-01-02 19:33:00,Ottawa,user2344@example.com
2345,Rider_2345,2022-01-06 11:18:00,Montreal,user2345@example.com
2346,Rider_2346,2021-08-21 22:59:00,Toronto,user2346@example.com
2347,Rider_2347,2021-02-13 00:53:00,Boston,user2347@example.com
2348,Rider_2348,2024-05-23 03:58:00,Boston,user2348@example.com
2349,Rider_2349,2022-12-23 01:07:00,San Francisco,user2349@example.com
2350,Rider_2350,2023-05-20 15:47:00,Vancouver,user2350@example.com
2351,Rider_2351,2022-10-18 14:00:00,Montreal,user2351@example.com
2352,Rider_2352,2021-11-10 18:45:00,New York,user2352@example.com
2353,Rider_2353,2022-02-28 15:26:00,Chicago,user2353@example.com
2354,Rider_2354,2021-02-15 06:29:00,Chicago,user2354@example.com
2355,Rider_2355,2024-05-11 17:01:00,San Francisco,user2355@example.com
2356,Rider_2356,2023-10-21 05:01:00,San Francisco,user2356@example.com
2357,Rider_2357,2021-10-01 09:12:00,Calgary,user2357@example.com
2358,Rider_2358,2024-01-28 07:46:00,New York,user2358@example.com
2359,Rider_2359,2024-04-30 03:47:00,Vancouver,user2359@example.com
2360,Rider_2360,2021-03-27 22:45:00,New York,user2360@example.com
2361,Rider_2361,2022-05-03 15:13:00,Toronto,user2361@example.com
2362,Rider_2362,2022-04-08 21:28:00,Ottawa,user2362@example.com
2363,Rider_2363,2022-09-25 06:18:00,Toronto,user2363@example.com
2364,Rider_2364,2023-11-10 09:44:00,Los Angeles,user2364@example.com
2365,Rider_2365,2022-09-09 13:19:00,Toronto,user2365@example.com
2366,Rider_2366,2022-01-02 16:15:00,Chicago,user2366@example.com
2367,Rider_2367,2023-06-06 23:25:00,Toronto,user2367@example.com
2368,Rider_2368,2021-07-07 09:52:00,Calgary,user2368@example.com
2369,Rider_2369,2023-10-29 19:48:00,Calgary,user2369@example.com
2370,Rider_2370,2024-04-19 02:24:00,Ottawa,user2370@example.com
2371,Rider_2371,2022-01-27 04:05:00,Calgary,user2371@example.com
2372,Rider_2372,2021-05-21 04:43:00,Vancouver,user2372@example.com
2373,Rider_2373,2023-07-21 18:57:00,Boston,user2373@example.com
2374,Rider_2374,2024-04-16 02:38:00,Toronto,user2374@example.com
2375,Rider_2375,2022-05-27 12:40:00,Los Angeles,user2375@example.com
2376,Rider_2376,2024-02-20 06:09:00,Ottawa,user2376@example.com
2377,Rider_2377,2024-06-05 19:57:00,Montreal,user2377@example.com
2378,Rider_2378,2022-10-19 21:41:00,Boston,user2378@example.com
2379,Rider_2379,2021-08-13 03:04:00,Boston,user2379@example.com
2380,Rider_2380,2021-09-30 02:13:00,Toronto,user2380@example.com
2381,Rider_2381,2022-03-03 11:51:00,Boston,user2381@example.com
2382,Rider_2382,2022-09-27 09:20:00,Vancouver,user2382@example.com
2383,Rider_2383,2023-07-05 17:26:00,San Francisco,user2383@example.com
2384,Rider_2384,2023-02-01 17:53:00,New York,user2384@example.com
2385,Rider_2385,2022-08-06 02:00:00,Calgary,user2385@example.com
2386,Rider_2386,2022-05-07 15:36:00,Toronto,user2386@example.com
2387,Rider_2387,2022-10-21 07:42:00,Calgary,user2387@example.com
2388,Rider_2388,2023-11-27 14:20:00,Vancouver,user2388@example.com
2389,Rider_2389,2022-03-08 10:39:00,Boston,user2389@example.com
2390,Rider_2390,2022-07-18 21:32:00,Chicago,user2390@example.com
2391,Rider_2391,2024-01-17 18:09:00,Vancouver,user2391@example.com
2392,Rider_2392,2022-04-24 17:27:00,Los Angeles,user2392@example.com
2393,Rider_2393,2023-09-30 14:09:00,New York,user2393@example.com
2394,Rider_2394,2021-02-24 01:47:00,Ottawa,user2394@example.com
2395,Rider_2395,2023-12-09 22:30:00,New York,user2395@example.com
2396,Rider_2396,2022-01-28 23:53:00,Boston,user2396@example.com
2397,Rider_2397,2022-08-21 14:17:00,Calgary,user2397@example.com
2398,Rider_2398,2023-09-20 13:44:00,San Francisco,user2398@example.com
2399,Rider_2399,2023-12-01 11:54:00,Los Angeles,user2399@example.com
2400,Rider_2400,2023-04-11 22:54:00,Toronto,user2400@example.com
2401,Rider_2401,2022-11-19 05:58:00,Boston,user2401@example.com
2402,Rider_2402,2021-01-13 05:16:00,Montreal,user2402@example.com
2403,Rider_2403,2022-02-01 22:59:00,Montreal,user2403@example.com
2404,Rider_2404,2021-05-21 04:46:00,San Francisco,user2404@example.com
2405,Rider_2405,2022-04-08 00:43:00,Boston,user2405@example.com
2406,Rider_2406,2021-09-06 21:42:00,Boston,user2406@example.com
2407,Rider_2407,2023-09-08 18:32:00,Vancouver,user2407@example.com
2408,Rider_2408,2024-04-06 02:10:00,Los Angeles,user2408@example.com
2409,Rider_2409,2024-05-11 03:53:00,Montreal,user2409@example.com
2410,Rider_2410,2022-03-02 16:49:00,New York,user2410@example.com
2411,Rider_2411,2024-04-25 20:15:00,Toronto,user2411@example.com
2412,Rider_2412,2023-01-02 19:33:00,Vancouver,user2412@example.com
2413,Rider_2413,2022-06-01 20:46:00,Montreal,user2413@example.com
2414,Rider_2414,2021-06-05 23:01:00,Montreal,user2414@example.com
2415,Rider_2415,2023-12-22 01:18:00,Chicago,user2415@example.com
2416,Rider_2416,2023-02-26 13:31:00,San Francisco,user2416@example.com
2417,Rider_2417,2022-07-01 14:09:00,Toronto,user2417@example.com
2418,Rider_2418,2023-07-25 08:30:00,Montreal,user2418@example.com
2419,Rider_2419,2024-02-21 02:38:00,Calgary,user2419@example.com
2420,Rider_2420,2022-12-06 02:49:00,Los Angeles,user2420@example.com
2421,Rider_2421,2024-03-29 16:30:00,New York,user2421@example.com
2422,Rider_2422,2023-09-24 08:06:00,New York,user2422@example.com
2423,Rider_2423,2023-09-06 21:55:00,Chicago,user2423@example.com
2424,Rider_2424,2024-05-13 19:20:00,Vancouver,user2424@example.com
2425,Rider_2425,2021-01-05 18:40:00,Chicago,user2425@example.com
2426,Rider_2426,2021-11-07 19:20:00,Montreal,user2426@example.com
2427,Rider_2427,2022-05-03 08:23:00,San Francisco,user2427@example.com
2428,Rider_2428,2021-05-08 17:49:00,Ottawa,user2428@example.com
2429,Rider_2429,2021-09-03 04:02:00,Toronto,user2429@example.com
2430,Rider_2430,2023-03-14 03:30:00,Boston,user2430@example.com
2431,Rider_2431,2023-07-12 18:31:00,Chicago,user2431@example.com
2432,Rider_2432,2024-05-16 07:50:00,Montreal,user2432@example.com
2433,Rider_2433,2022-12-03 08:45:00,Los Angeles,user2433@example.com
2434,Rider_2434,2024-02-17 01:12:00,Vancouver,user2434@example.com
2435,Rider_2435,2022-02-09 22:51:00,Chicago,user2435@example.com
2436,Rider_2436,2023-12-04 22:37:00,Chicago,user2436@example.com
2437,Rider_2437,2022-05-24 21:05:00,Ottawa,user2437@example.com
2438,Rider_2438,2021-11-05 14:43:00,San Francisco,user2438@example.com
2439,Rider_2439,2022-10-06 21:32:00,Toronto,user2439@example.com
2440,Rider_2440,2021-10-10 13:19:00,Los Angeles,user2440@example.com
2441,Rider_2441,2022-08-10 03:30:00,Montreal,user2441@example.com
2442,Rider_2442,2021-12-15 17:29:00,Ottawa,user2442@example.com
2443,Rider_2443,2021-02-05 16:23:00,New York,user2443@example.com
2444,Rider_2444,2023-10-03 05:53:00,Calgary,user2444@example.com
2445,Rider_2445,2023-09-01 10:21:00,Ottawa,user2445@example.com
2446,Rider_2446,2021-05-19 05:17:00,Boston,user2446@example.com
2447,Rider_2447,2021-11-04 23:53:00,Vancouver,user2447@example.com
2448,Rider_2448,2023-12-26 08:54:00,San Francisco,user2448@example.com
2449,Rider_2449,2021-03-19 08:02:00,Chicago,user2449@example.com
2450,Rider_2450,2023-08-19 00:51:00,Montreal,user2450@example.com
2451,Rider_2451,2023-07-22 16:15:00,Montreal,user2451@example.com
2452,Rider_2452,2021-08-20 20:29:00,San Francisco,user2452@example.com
2453,Rider_2453,2022-07-26 13:03:00,Toronto,user2453@example.com
2454,Rider_2454,2023-06-01 04:20:00,Chicago,user2454@example.com
2455,Rider_2455,2021-01-22 22:14:00,Toronto,user2455@example.com
2456,Rider_2456,2022-11-07 23:53:00,Calgary,user2456@example.com
2457,Rider_2457,2023-11-13 10:00:00,Vancouver,user2457@example.com
2458,Rider_2458,2021-07-04 02:27:00,Vancouver,user2458@example.com
2459,Rider_2459,2024-01-14 11:35:00,Boston,user2459@example.com
2460,Rider_2460,2021-10-24 00:00:00,Boston,user2460@example.com
2461,Rider_2461,2022-03-24 08:00:00,San Francisco,user2461@example.com
2462,Rider_2462,2022-08-17 12:43:00,Vancouver,user2462@example.com
2463,Rider_2463,2022-11-02 00:20:00,Chicago,user2463@example.com
2464,Rider_2464,2023-07-22 04:42:00,Boston,user2464@example.com
2465,Rider_2465,2022-03-16 13:47:00,Boston,user2465@example.com
2466,Rider_2466,2022-10-12 20:30:00,Boston,user2466@example.com
2467,Rider_2467,2022-09-27 14:52:00,Chicago,user2467@example.com
2468,Rider_2468,2021-02-14 16:44:00,Chicago,user2468@example.com
2469,Rider_2469,2022-02-11 16:35:00,San Francisco,user2469@example.com
2470,Rider_2470,2023-08-18 12:47:00,Boston,user2470@example.com
2471,Rider_2471,2022-01-21 17:57:00,Vancouver,user2471@example.com
2472,Rider_2472,2023-06-25 12:12:00,Los Angeles,user2472@example.com
2473,Rider_2473,2021-05-14 04:34:00,Vancouver,user2473@example.com
2474,Rider_2474,2022-12-30 09:10:00,New York,user2474@example.com
2475,Rider_2475,2022-05-18 03:29:00,Chicago,user2475@example.com
2476,Rider_2476,2023-12-03 23:42:00,Montreal,user2476@example.com
2477,Rider_2477,2024-01-14 03:05:00,Boston,user2477@example.com
2478,Rider_2478,2024-01-06 13:02:00,Montreal,user2478@example.com
2479,Rider_2479,2024-02-18 11:57:00,Montreal,user2479@example.com
2480,Rider_2480,2022-02-03 00:46:00,Ottawa,user2480@example.com
2481,Rider_2481,2021-05-29 00:16:00,Toronto,user2481@example.com
2482,Rider_2482,2021-04-02 06:26:00,Calgary,user2482@example.com
2483,Rider_2483,2022-06-02 02:00:00,New York,user2483@example.com
2484,Rider_2484,2023-01-02 13:37:00,Boston,user2484@example.com
2485,Rider_2485,2023-07-31 23:16:00,Los Angeles,user2485@example.com
2486,Rider_2486,2024-01-08 06:32:00,Ottawa,user2486@example.com
2487,Rider_2487,2021-01-09 07:52:00,New York,user2487@example.com
2488,Rider_2488,2023-02-23 18:41:00,San Francisco,user2488@example.com
2489,Rider_2489,2022-08-15 18:23:00,Ottawa,user2489@example.com
2490,Rider_2490,2022-09-06 03:21:00,San Francisco,user2490@example.com
2491,Rider_2491,2021-07-25 10:11:00,Los Angeles,user2491@example.com
2492,Rider_2492,2021-03-05 21:15:00,Calgary,user2492@example.com
2493,Rider_2493,2021-10-06 15:28:00,Ottawa,user2493@example.com
2494,Rider_2494,2021-09-21 21:04:00,San Francisco,user2494@example.com
2495,Rider_2495,2023-02-05 14:24:00,Calgary,user2495@example.com
2496,Rider_2496,2022-12-29 03:28:00,Los Angeles,user2496@example.com
2497,Rider_2497,2021-05-20 06:19:00,Chicago,user2497@example.com
2498,Rider_2498,2024-01-09 08:14:00,Los Angeles,user2498@example.com
2499,Rider_2499,2022-11-04 12:47:00,Calgary,user2499@example.com
2500,Rider_2500,2022-02-09 12:38:00,Chicago,user2500@example.com
2501,Rider_2501,2022-05-02 15:32:00,Toronto,user2501@example.com
2502,Rider_2502,2021-07-18 15:23:00,New York,user2502@example.com
2503,Rider_2503,2022-03-13 12:27:00,Vancouver,user2503@example.com
2504,Rider_2504,2022-10-31 02:46:00,Los Angeles,user2504@example.com
2505,Rider_2505,2022-02-13 21:25:00,San Francisco,user2505@example.com
2506,Rider_2506,2024-03-29 01:09:00,Ottawa,user2506@example.com
2507,Rider_2507,2023-03-15 02:08:00,San Francisco,user2507@example.com
2508,Rider_2508,2022-11-08 22:52:00,Los Angeles,user2508@example.com
2509,Rider_2509,2022-05-06 04:17:00,Chicago,user2509@example.com
2510,Rider_2510,2024-04-01 07:52:00,Vancouver,user2510@example.com
2511,Rider_2511,2023-05-14 05:03:00,Chicago,user2511@example.com
2512,Rider_2512,2021-03-24 16:16:00,Vancouver,user2512@example.com
2513,Rider_2513,2021-08-19 20:59:00,Boston,user2513@example.com
2514,Rider_2514,2021-12-24 01:49:00,New York,user2514@example.com
2515,Rider_2515,2021-02-25 17:02:00,Chicago,user2515@example.com
2516,Rider_2516,2022-02-09 05:51:00,Vancouver,user2516@example.com
2517,Rider_2517,2024-01-02 16:12:00,Chicago,user2517@example.com
2518,Rider_2518,2022-11-09 23:17:00,Vancouver,user2518@example.com
2519,Rider_2519,2023-02-08 19:36:00,Toronto,user2519@example.com
2520,Rider_2520,2022-11-17 21:02:00,New York,user2520@example.com
2521,Rider_2521,2024-01-07 10:31:00,Los Angeles,user2521@example.com
2522,Rider_2522,2023-01-24 17:32:00,Calgary,user2522@example.com
2523,Rider_2523,2023-02-05 19:56:00,Vancouver,user2523@example.com
2524,Rider_2524,2024-01-24 02:44:00,Toronto,user2524@example.com
2525,Rider_2525,2021-07-12 02:09:00,Chicago,user2525@example.com
2526,Rider_2526,2021-05-26 08:50:00,Los Angeles,user2526@example.com
2527,Rider_2527,2022-03-18 08:37:00,Boston,user2527@example.com
2528,Rider_2528,2021-09-19 10:29:00,Chicago,user2528@example.com
2529,Rider_2529,2022-02-28 18:24:00,Calgary,user2529@example.com
2530,Rider_2530,2023-10-28 03:33:00,Ottawa,user2530@example.com
2531,Rider_2531,2021-11-26 22:42:00,Ottawa,user2531@example.com
2532,Rider_2532,2021-01-07 09:49:00,Ottawa,user2532@example.com
2533,Rider_2533,2024-04-06 06:09:00,Calgary,user2533@example.com
2534,Rider_2534,2021-10-08 12:05:00,Ottawa,user2534@example.com
2535,Rider_2535,2021-04-30 08:38:00,Montreal,user2535@example.com
2536,Rider_2536,2024-04-08 10:33:00,Boston,user2536@example.com
2537,Rider_2537,2023-11-18 12:58:00,Vancouver,user2537@example.com
2538,Rider_2538,2022-05-26 13:15:00,Toronto,user2538@example.com
2539,Rider_2539,2022-03-18 14:46:00,New York,user2539@example.com
2540,Rider_2540,2022-09-05 07:42:00,Toronto,user2540@example.com
2541,Rider_2541,2023-07-07 01:24:00,Los Angeles,user2541@example.com
2542,Rider_2542,2022-05-18 14:23:00,Toronto,user2542@example.com
2543,Rider_2543,2021-02-14 20:31:00,Chicago,user2543@example.com
2544,Rider_2544,2022-12-16 22:44:00,Toronto,user2544@example.com
2545,Rider_2545,2022-12-07 08:24:00,Vancouver,user2545@example.com
2546,Rider_2546,2023-07-13 01:32:00,San Francisco,user2546@example.com
2547,Rider_2547,2022-05-27 17:55:00,New York,user2547@example.com
2548,Rider_2548,2023-10-17 07:53:00,New York,user2548@example.com
2549,Rider_2549,2022-12-05 20:52:00,Ottawa,user2549@example.com
2550,Rider_2550,2024-02-11 09:58:00,Los Angeles,user2550@example.com
2551,Rider_2551,2021-07-20 21:24:00,Ottawa,user2551@example.com
2552,Rider_2552,2021-03-17 15:00:00,Boston,user2552@example.com
2553,Rider_2553,2022-05-18 00:40:00,San Francisco,user2553@example.com
2554,Rider_2554,2024-03-01 10:52:00,New York,user2554@example.com
2555,Rider_2555,2023-04-30 23:27:00,Toronto,user2555@example.com
2556,Rider_2556,2022-08-16 11:17:00,Ottawa,user2556@example.com
2557,Rider_2557,2022-09-12 14:31:00,Toronto,user2557@example.com
2558,Rider_2558,2021-10-04 12:43:00,San Francisco,user2558@example.com
2559,Rider_2559,2024-04-12 12:23:00,Boston,user2559@example.com
2560,Rider_2560,2021-05-19 13:10:00,Montreal,user2560@example.com
2561,Rider_2561,2021-11-20 11:06:00,New York,user2561@example.com
2562,Rider_2562,2022-08-27 12:26:00,Chicago,user2562@example.com
2563,Rider_2563,2022-03-19 15:10:00,Montreal,user2563@example.com
2564,Rider_2564,2021-07-07 08:22:00,Chicago,user2564@example.com
2565,Rider_2565,2023-02-02 12:01:00,San Francisco,user2565@example.com
2566,Rider_2566,2024-02-18 03:56:00,Montreal,user2566@example.com
2567,Rider_2567,2023-12-01 01:13:00,San Francisco,user2567@example.com
2568,Rider_2568,2021-07-23 22:43:00,Ottawa,user2568@example.com
2569,Rider_2569,2023-10-31 20:23:00,Los Angeles,user2569@example.com
2570,Rider_2570,2022-07-25 19:47:00,Toronto,user2570@example.com
2571,Rider_2571,2021-11-07 11:44:00,Calgary,user2571@example.com
2572,Rider_2572,2022-11-23 23:17:00,Vancouver,user2572@example.com
2573,Rider_2573,2023-01-11 02:57:00,Montreal,user2573@example.com
2574,Rider_2574,2023-05-25 16:17:00,San Francisco,user2574@example.com
2575,Rider_2575,2022-10-20 05:12:00,Ottawa,user2575@example.com
2576,Rider_2576,2024-03-21 04:00:00,Toronto,user2576@example.com
2577,Rider_2577,2024-06-13 20:03:00,Montreal,user2577@example.com
2578,Rider_2578,2023-08-12 14:38:00,Los Angeles,user2578@example.com
2579,Rider_2579,2022-11-06 08:38:00,Chicago,user2579@example.com
2580,Rider_2580,2021-05-25 09:19:00,Montreal,user2580@example.com
2581,Rider_2581,2023-03-09 10:45:00,New York,user2581@example.com
2582,Rider_2582,2022-12-22 01:27:00,Los Angeles,user2582@example.com
2583,Rider_2583,2023-10-04 00:40:00,Boston,user2583@example.com
2584,Rider_2584,2023-02-09 10:57:00,Chicago,user2584@example.com
2585,Rider_2585,2023-09-05 23:40:00,Calgary,user2585@example.com
2586,Rider_2586,2021-05-11 10:37:00,Calgary,user2586@example.com
2587,Rider_2587,2022-12-29 08:28:00,San Francisco,user2587@example.com
2588,Rider_2588,2021-05-04 00:09:00,Montreal,user2588@example.com
2589,Rider_2589,2022-04-12 15:28:00,Vancouver,user2589@example.com
2590,Rider_2590,2021-07-18 12:20:00,Chicago,user2590@example.com
2591,Rider_2591,2022-01-22 06:28:00,San Francisco,user2591@example.com
2592,Rider_2592,2022-10-27 10:59:00,Calgary,user2592@example.com
2593,Rider_2593,2023-06-03 04:32:00,San Francisco,user2593@example.com
2594,Rider_2594,2023-05-06 22:33:00,New York,user2594@example.com
2595,Rider_2595,2021-03-12 01:15:00,Toronto,user2595@example.com
2596,Rider_2596,2021-06-17 04:49:00,Calgary,user2596@example.com
2597,Rider_2597,2022-10-23 01:55:00,Calgary,user2597@example.com
2598,Rider_2598,2021-05-27 18:37:00,Montreal,user2598@example.com
2599,Rider_2599,2023-10-24 14:28:00,Vancouver,user2599@example.com
2600,Rider_2600,2022-01-29 14:42:00,Ottawa,user2600@example.com
2601,Rider_2601,2022-01-31 21:52:00,Los Angeles,user2601@example.com
2602,Rider_2602,2021-05-08 00:35:00,Ottawa,user2602@example.com
2603,Rider_2603,2021-01-26 06:32:00,Calgary,user2603@example.com
2604,Rider_2604,2024-02-25 08:26:00,Toronto,user2604@example.com
2605,Rider_2605,2021-10-06 22:11:00,Vancouver,user2605@example.com
2606,Rider_2606,2022-09-03 10:30:00,Chicago,user2606@example.com
2607,Rider_2607,2021-05-10 09:17:00,New York,user2607@example.com
2608,Rider_2608,2023-12-31 05:08:00,Montreal,user2608@example.com
2609,Rider_2609,2022-05-03 16:46:00,San Francisco,user2609@example.com
2610,Rider_2610,2024-01-30 20:12:00,Ottawa,user2610@example.com
2611,Rider_2611,2024-03-22 12:12:00,Vancouver,user2611@example.com
2612,Rider_2612,2023-08-28 01:20:00,Vancouver,user2612@example.com
2613,Rider_2613,2022-06-15 05:52:00,San Francisco,user2613@example.com
2614,Rider_2614,2021-11-24 21:11:00,Chicago,user2614@example.com
2615,Rider_2615,2021-05-02 12:16:00,Chicago,user2615@example.com
2616,Rider_2616,2022-02-07 20:03:00,Ottawa,user2616@example.com
2617,Rider_2617,2022-11-05 21:11:00,Toronto,user2617@example.com
2618,Rider_2618,2021-01-28 19:55:00,Calgary,user2618@example.com
2619,Rider_2619,2022-09-06 12:12:00,New York,user2619@example.com
2620,Rider_2620,2021-01-21 16:01:00,Toronto,user2620@example.com
2621,Rider_2621,2023-10-16 18:01:00,Chicago,user2621@example.com
2622,Rider_2622,2022-12-16 20:07:00,Vancouver,user2622@example.com
2623,Rider_2623,2023-10-19 17:28:00,Montreal,user2623@example.com
2624,Rider_2624,2024-02-02 15:56:00,Ottawa,user2624@example.com
2625,Rider_2625,2022-04-16 09:12:00,Vancouver,user2625@example.com
2626,Rider_2626,2023-08-17 01:54:00,Ottawa,user2626@example.com
2627,Rider_2627,2023-12-09 21:45:00,Los Angeles,user2627@example.com
2628,Rider_2628,2024-06-03 23:10:00,Montreal,user2628@example.com
2629,Rider_2629,2021-05-17 03:16:00,San Francisco,user2629@example.com
2630,Rider_2630,2021-07-29 21:24:00,Chicago,user2630@example.com
2631,Rider_2631,2021-10-24 09:37:00,New York,user2631@example.com
2632,Rider_2632,2021-01-25 16:14:00,Toronto,user2632@example.com
2633,Rider_2633,2021-02-11 15:44:00,Boston,user2633@example.com
2634,Rider_2634,2023-01-18 09:20:00,Boston,user2634@example.com
2635,Rider_2635,2023-10-07 08:03:00,Chicago,user2635@example.com
2636,Rider_2636,2022-11-08 23:22:00,Boston,user2636@example.com
2637,Rider_2637,2021-10-24 13:48:00,Calgary,user2637@example.com
2638,Rider_2638,2022-04-13 11:01:00,Toronto,user2638@example.com
2639,Rider_2639,2021-08-19 04:00:00,Vancouver,user2639@example.com
2640,Rider_2640,2022-10-18 08:47:00,Vancouver,user2640@example.com
2641,Rider_2641,2021-06-30 21:53:00,New York,user2641@example.com
2642,Rider_2642,2021-08-25 18:42:00,Chicago,user2642@example.com
2643,Rider_2643,2023-01-24 11:51:00,Vancouver,user2643@example.com
2644,Rider_2644,2021-01-31 11:46:00,Vancouver,user2644@example.com
2645,Rider_2645,2023-06-29 02:49:00,Vancouver,user2645@example.com
2646,Rider_2646,2021-11-09 18:26:00,Boston,user2646@example.com
2647,Rider_2647,2023-06-04 13:54:00,San Francisco,user2647@example.com
2648,Rider_2648,2021-03-21 02:30:00,Montreal,user2648@example.com
2649,Rider_2649,2021-01-13 05:34:00,Los Angeles,user2649@example.com
2650,Rider_2650,2023-09-07 07:23:00,Toronto,user2650@example.com
2651,Rider_2651,2022-10-08 17:53:00,Montreal,user2651@example.com
2652,Rider_2652,2024-02-20 00:16:00,Vancouver,user2652@example.com
2653,Rider_2653,2023-07-15 14:30:00,Ottawa,user2653@example.com
2654,Rider_2654,2022-03-28 16:51:00,Calgary,user2654@example.com
2655,Rider_2655,2023-01-28 07:11:00,New York,user2655@example.com
2656,Rider_2656,2023-01-26 03:09:00,Montreal,user2656@example.com
2657,Rider_2657,2023-07-08 03:32:00,Calgary,user2657@example.com
2658,Rider_2658,2023-11-21 06:34:00,Ottawa,user2658@example.com
2659,Rider_2659,2021-12-27 06:04:00,Vancouver,user2659@example.com
2660,Rider_2660,2023-04-01 16:46:00,New York,user2660@example.com
2661,Rider_2661,2022-10-18 13:28:00,New York,user2661@example.com
2662,Rider_2662,2022-05-06 15:44:00,Ottawa,user2662@example.com
2663,Rider_2663,2021-04-09 15:50:00,Calgary,user2663@example.com
2664,Rider_2664,2023-10-05 02:23:00,San Francisco,user2664@example.com
2665,Rider_2665,2023-01-06 07:19:00,Montreal,user2665@example.com
2666,Rider_2666,2023-02-08 15:03:00,Toronto,user2666@example.com
2667,Rider_2667,2023-10-01 19:19:00,Ottawa,user2667@example.com
2668,Rider_2668,2022-11-28 10:46:00,Los Angeles,user2668@example.com
2669,Rider_2669,2021-02-02 07:44:00,Montreal,user2669@example.com
2670,Rider_2670,2022-03-24 09:49:00,Chicago,user2670@example.com
2671,Rider_2671,2022-12-30 22:33:00,Boston,user2671@example.com
2672,Rider_2672,2022-11-12 13:57:00,Los Angeles,user2672@example.com
2673,Rider_2673,2023-02-28 14:02:00,Boston,user2673@example.com
2674,Rider_2674,2023-07-02 21:30:00,Boston,user2674@example.com
2675,Rider_2675,2023-07-25 07:55:00,Los Angeles,user2675@example.com
2676,Rider_2676,2021-07-23 17:56:00,Vancouver,user2676@example.com
2677,Rider_2677,2024-01-29 03:12:00,San Francisco,user2677@example.com
2678,Rider_2678,2022-10-10 13:42:00,Montreal,user2678@example.com
2679,Rider_2679,2024-05-21 12:00:00,Los Angeles,user2679@example.com
2680,Rider_2680,2024-05-27 09:01:00,Vancouver,user2680@example.com
2681,Rider_2681,2023-08-24 23:57:00,Chicago,user2681@example.com
2682,Rider_2682,2022-03-15 18:46:00,Boston,user2682@example.com
2683,Rider_2683,2023-11-03 05:40:00,Toronto,user2683@example.com
2684,Rider_2684,2021-07-20 13:04:00,Vancouver,user2684@example.com
2685,Rider_2685,2021-11-06 21:18:00,Chicago,user2685@example.com
2686,Rider_2686,2023-07-30 23:57:00,Chicago,user2686@example.com
2687,Rider_2687,2021-06-06 17:57:00,Vancouver,user2687@example.com
2688,Rider_2688,2023-02-06 23:24:00,Montreal,user2688@example.com
2689,Rider_2689,2021-12-31 14:57:00,San Francisco,user2689@example.com
2690,Rider_2690,2023-05-16 00:08:00,Boston,user2690@example.com
2691,Rider_2691,2021-01-29 03:57:00,New York,user2691@example.com
2692,Rider_2692,2022-02-10 03:37:00,Los Angeles,user2692@example.com
2693,Rider_2693,2023-11-18 13:41:00,Los Angeles,user2693@example.com
2694,Rider_2694,2021-09-29 09:50:00,Chicago,user2694@example.com
2695,Rider_2695,2021-02-19 15:55:00,Calgary,user2695@example.com
2696,Rider_2696,2022-06-09 15:39:00,Toronto,user2696@example.com
2697,Rider_2697,2021-06-27 01:04:00,Montreal,user2697@example.com
2698,Rider_2698,2021-12-19 03:37:00,Ottawa,user2698@example.com
2699,Rider_2699,2023-05-24 00:11:00,Toronto,user2699@example.com
2700,Rider_2700,2023-01-26 13:00:00,Boston,user2700@example.com
2701,Rider_2701,2022-06-13 16:12:00,San Francisco,user2701@example.com
2702,Rider_2702,2024-04-10 04:20:00,Los Angeles,user2702@example.com
2703,Rider_2703,2024-04-11 07:13:00,New York,user2703@example.com
2704,Rider_2704,2022-02-20 12:47:00,Calgary,user2704@example.com
2705,Rider_2705,2023-12-09 02:07:00,Chicago,user2705@example.com
2706,Rider_2706,2023-07-28 17:32:00,Calgary,user2706@example.com
2707,Rider_2707,2024-01-03 08:41:00,Toronto,user2707@example.com
2708,Rider_2708,2022-11-12 03:21:00,New York,user2708@example.com
2709,Rider_2709,2024-03-20 00:56:00,Vancouver,user2709@example.com
2710,Rider_2710,2021-06-14 11:56:00,Toronto,user2710@example.com
2711,Rider_2711,2023-08-06 01:37:00,Ottawa,user2711@example.com
2712,Rider_2712,2023-05-24 18:30:00,Toronto,user2712@example.com
2713,Rider_2713,2023-02-28 01:43:00,New York,user2713@example.com
2714,Rider_2714,2021-09-17 11:56:00,Toronto,user2714@example.com
2715,Rider_2715,2021-11-16 01:21:00,Toronto,user2715@example.com
2716,Rider_2716,2021-09-01 22:35:00,Los Angeles,user2716@example.com
2717,Rider_2717,2024-01-06 02:14:00,San Francisco,user2717@example.com
2718,Rider_2718,2024-03-29 16:06:00,Vancouver,user2718@example.com
2719,Rider_2719,2023-02-14 05:21:00,Calgary,user2719@example.com
2720,Rider_2720,2021-08-28 16:33:00,Toronto,user2720@example.com
2721,Rider_2721,2022-06-04 19:04:00,Los Angeles,user2721@example.com
2722,Rider_2722,2021-07-11 01:09:00,Chicago,user2722@example.com
2723,Rider_2723,2022-11-14 03:08:00,Boston,user2723@example.com
2724,Rider_2724,2024-04-09 22:34:00,Montreal,user2724@example.com
2725,Rider_2725,2022-01-17 02:02:00,New York,user2725@example.com
2726,Rider_2726,2022-06-15 05:20:00,Vancouver,user2726@example.com
2727,Rider_2727,2023-02-24 12:36:00,San Francisco,user2727@example.com
2728,Rider_2728,2021-05-13 09:44:00,Chicago,user2728@example.com
2729,Rider_2729,2022-08-02 13:26:00,San Francisco,user2729@example.com
2730,Rider_2730,2022-07-15 05:45:00,Montreal,user2730@example.com
2731,Rider_2731,2021-08-24 12:28:00,Boston,user2731@example.com
2732,Rider_2732,2022-10-18 02:56:00,Calgary,user2732@example.com
2733,Rider_2733,2021-08-03 08:48:00,Boston,user2733@example.com
2734,Rider_2734,2022-10-05 05:01:00,Montreal,user2734@example.com
2735,Rider_2735,2022-12-14 15:33:00,Montreal,user2735@example.com
2736,Rider_2736,2024-05-19 09:06:00,Calgary,user2736@example.com
2737,Rider_2737,2021-02-16 05:38:00,Los Angeles,user2737@example.com
2738,Rider_2738,2021-08-15 03:46:00,Vancouver,user2738@example.com
2739,Rider_2739,2024-01-20 19:01:00,New York,user2739@example.com
2740,Rider_2740,2021-04-19 02:10:00,Calgary,user2740@example.com
2741,Rider_2741,2022-06-10 12:52:00,Toronto,user2741@example.com
2742,Rider_2742,2022-09-16 22:37:00,Los Angeles,user2742@example.com
2743,Rider_2743,2022-11-06 07:23:00,Chicago,user2743@example.com
2744,Rider_2744,2022-09-03 22:01:00,New York,user2744@example.com
2745,Rider_2745,2023-10-23 13:09:00,New York,user2745@example.com
2746,Rider_2746,2023-06-12 13:02:00,Chicago,user2746@example.com
2747,Rider_2747,2023-09-09 04:02:00,New York,user2747@example.com
2748,Rider_2748,2022-04-05 09:24:00,Calgary,user2748@example.com
2749,Rider_2749,2022-09-17 11:45:00,Montreal,user2749@example.com
2750,Rider_2750,2022-04-18 17:59:00,Calgary,user2750@example.com
2751,Rider_2751,2022-06-19 15:06:00,Los Angeles,user2751@example.com
2752,Rider_2752,2022-03-11 14:58:00,New York,user2752@example.com
2753,Rider_2753,2023-08-07 05:24:00,Calgary,user2753@example.com
2754,Rider_2754,2023-12-24 20:53:00,Chicago,user2754@example.com
2755,Rider_2755,2022-11-25 03:08:00,Montreal,user2755@example.com
2756,Rider_2756,2023-04-26 17:38:00,Boston,user2756@example.com
2757,Rider_2757,2024-05-09 15:30:00,Ottawa,user2757@example.com
2758,Rider_2758,2023-10-10 21:42:00,Ottawa,user2758@example.com
2759,Rider_2759,2023-12-20 11:36:00,Vancouver,user2759@example.com
2760,Rider_2760,2024-04-29 02:47:00,Los Angeles,user2760@example.com
2761,Rider_2761,2024-04-19 13:01:00,Montreal,user2761@example.com
2762,Rider_2762,2022-04-14 09:54:00,Boston,user2762@example.com
2763,Rider_2763,2021-02-27 10:20:00,Toronto,user2763@example.com
2764,Rider_2764,2022-06-04 14:48:00,Calgary,user2764@example.com
2765,Rider_2765,2024-02-01 09:38:00,Montreal,user2765@example.com
2766,Rider_2766,2023-03-20 12:31:00,Chicago,user2766@example.com
2767,Rider_2767,2022-03-18 01:35:00,Calgary,user2767@example.com
2768,Rider_2768,2021-05-25 04:33:00,Boston,user2768@example.com
2769,Rider_2769,2023-05-08 04:04:00,Calgary,user2769@example.com
2770,Rider_2770,2023-03-21 20:48:00,San Francisco,user2770@example.com
2771,Rider_2771,2024-03-22 00:43:00,Los Angeles,user2771@example.com
2772,Rider_2772,2021-02-06 09:13:00,Chicago,user2772@example.com
2773,Rider_2773,2024-05-22 11:21:00,New York,user2773@example.com
2774,Rider_2774,2023-07-10 10:08:00,Calgary,user2774@example.com
2775,Rider_2775,2022-01-10 21:47:00,San Francisco,user2775@example.com
2776,Rider_2776,2024-02-03 14:13:00,San Francisco,user2776@example.com
2777,Rider_2777,2023-02-24 22:00:00,Montreal,user2777@example.com
2778,Rider_2778,2024-02-12 02:25:00,Toronto,user2778@example.com
2779,Rider_2779,2022-08-03 09:39:00,New York,user2779@example.com
2780,Rider_2780,2023-09-01 23:51:00,San Francisco,user2780@example.com
2781,Rider_2781,2022-07-05 15:43:00,Calgary,user2781@example.com
2782,Rider_2782,2021-03-16 03:36:00,Toronto,user2782@example.com
2783,Rider_2783,2022-11-29 02:07:00,Toronto,user2783@example.com
2784,Rider_2784,2023-06-09 05:56:00,San Francisco,user2784@example.com
2785,Rider_2785,2022-12-05 22:33:00,New York,user2785@example.com
2786,Rider_2786,2022-01-02 18:20:00,Los Angeles,user2786@example.com
2787,Rider_2787,2023-05-29 14:59:00,Ottawa,user2787@example.com
2788,Rider_2788,2023-07-15 03:40:00,Calgary,user2788@example.com
2789,Rider_2789,2022-06-29 05:30:00,Boston,user2789@example.com
2790,Rider_2790,2022-03-19 00:15:00,San Francisco,user2790@example.com
2791,Rider_2791,2023-11-11 14:08:00,Ottawa,user2791@example.com
2792,Rider_2792,2024-01-15 16:56:00,Chicago,user2792@example.com
2793,Rider_2793,2023-03-19 06:34:00,Montreal,user2793@example.com
2794,Rider_2794,2021-06-13 11:08:00,Boston,user2794@example.com
2795,Rider_2795,2023-03-14 06:43:00,Los Angeles,user2795@example.com
2796,Rider_2796,2021-10-27 02:58:00,Ottawa,user2796@example.com
2797,Rider_2797,2022-12-07 17:53:00,Los Angeles,user2797@example.com
2798,Rider_2798,2021-08-16 15:54:00,Toronto,user2798@example.com
2799,Rider_2799,2022-10-03 02:26:00,Montreal,user2799@example.com
2800,Rider_2800,2021-05-24 07:16:00,Toronto,user2800@example.com
2801,Rider_2801,2022-10-23 00:55:00,New York,user2801@example.com
2802,Rider_2802,2023-01-10 20:00:00,Chicago,user2802@example.com
2803,Rider_2803,2022-11-25 02:12:00,Boston,user2803@example.com
2804,Rider_2804,2022-07-28 16:17:00,Toronto,user2804@example.com
2805,Rider_2805,2022-09-18 15:44:00,Calgary,user2805@example.com
2806,Rider_2806,2023-05-19 07:51:00,Ottawa,user2806@example.com
2807,Rider_2807,2024-04-24 20:41:00,Calgary,user2807@example.com
2808,Rider_2808,2022-02-14 15:12:00,Montreal,user2808@example.com
2809,Rider_2809,2023-02-14 21:37:00,Ottawa,user2809@example.com
2810,Rider_2810,2022-11-15 15:22:00,Montreal,user2810@example.com
2811,Rider_2811,2024-02-11 16:23:00,Vancouver,user2811@example.com
2812,Rider_2812,2021-09-10 23:13:00,Montreal,user2812@example.com
2813,Rider_2813,2023-02-25 17:03:00,Chicago,user2813@example.com
2814,Rider_2814,2023-01-24 01:19:00,Chicago,user2814@example.com
2815,Rider_2815,2021-07-20 23:49:00,Vancouver,user2815@example.com
2816,Rider_2816,2023-04-02 23:48:00,Calgary,user2816@example.com
2817,Rider_2817,2023-12-15 19:44:00,Toronto,user2817@example.com
2818,Rider_2818,2022-12-09 11:44:00,Boston,user2818@example.com
2819,Rider_2819,2021-02-20 15:41:00,Vancouver,user2819@example.com
2820,Rider_2820,2023-05-19 10:01:00,Chicago,user2820@example.com
2821,Rider_2821,2021-07-04 11:55:00,Los Angeles,user2821@example.com
2822,Rider_2822,2022-09-27 18:27:00,Ottawa,user2822@example.com
2823,Rider_2823,2021-07-07 18:13:00,Toronto,user2823@example.com
2824,Rider_2824,2023-06-08 04:56:00,Los Angeles,user2824@example.com
2825,Rider_2825,2021-03-04 13:49:00,San Francisco,user2825@example.com
2826,Rider_2826,2021-08-27 03:36:00,Calgary,user2826@example.com
2827,Rider_2827,2022-08-01 01:18:00,Toronto,user2827@example.com
2828,Rider_2828,2022-08-05 16:52:00,San Francisco,user2828@example.com
2829,Rider_2829,2022-04-02 16:25:00,San Francisco,user2829@example.com
2830,Rider_2830,2021-02-13 11:05:00,Vancouver,user2830@example.com
2831,Rider_2831,2021-08-09 19:21:00,Chicago,user2831@example.com
2832,Rider_2832,2022-10-18 04:14:00,Ottawa,user2832@example.com
2833,Rider_2833,2022-04-20 01:20:00,New York,user2833@example.com
2834,Rider_2834,2021-12-01 21:27:00,San Francisco,user2834@example.com
2835,Rider_2835,2024-02-24 00:32:00,Chicago,user2835@example.com
2836,Rider_2836,2021-01-04 05:45:00,Vancouver,user2836@example.com
2837,Rider_2837,2023-05-01 13:40:00,Toronto,user2837@example.com
2838,Rider_2838,2021-04-15 22:59:00,Los Angeles,user2838@example.com
2839,Rider_2839,2022-10-11 16:19:00,New York,user2839@example.com
2840,Rider_2840,2023-06-10 05:11:00,Vancouver,user2840@example.com
2841,Rider_2841,2023-05-29 21:12:00,San Francisco,user2841@example.com
2842,Rider_2842,2022-06-09 18:57:00,Vancouver,user2842@example.com
2843,Rider_2843,2023-01-09 05:46:00,Montreal,user2843@example.com
2844,Rider_2844,2021-07-26 07:30:00,Ottawa,user2844@example.com
2845,Rider_2845,2023-02-24 02:57:00,Chicago,user2845@example.com
2846,Rider_2846,2024-03-29 05:26:00,Vancouver,user2846@example.com
2847,Rider_2847,2023-11-03 11:47:00,Vancouver,user2847@example.com
2848,Rider_2848,2021-08-20 10:28:00,Vancouver,user2848@example.com
2849,Rider_2849,2021-05-19 17:54:00,Los Angeles,user2849@example.com
2850,Rider_2850,2023-10-30 06:26:00,Ottawa,user2850@example.com
2851,Rider_2851,2022-09-29 08:03:00,Ottawa,user2851@example.com
2852,Rider_2852,2021-12-28 16:14:00,Montreal,user2852@example.com
2853,Rider_2853,2022-06-11 14:45:00,Montreal,user2853@example.com
2854,Rider_2854,2021-03-13 04:16:00,Calgary,user2854@example.com
2855,Rider_2855,2024-02-18 04:49:00,Vancouver,user2855@example.com
2856,Rider_2856,2023-10-01 09:30:00,San Francisco,user2856@example.com
2857,Rider_2857,2021-09-15 06:33:00,Toronto,user2857@example.com
2858,Rider_2858,2023-06-08 13:30:00,New York,user2858@example.com
2859,Rider_2859,2023-05-22 13:14:00,San Francisco,user2859@example.com
2860,Rider_2860,2023-09-28 06:51:00,Toronto,user2860@example.com
2861,Rider_2861,2021-05-13 06:41:00,Calgary,user2861@example.com
2862,Rider_2862,2023-08-20 02:57:00,Boston,user2862@example.com
2863,Rider_2863,2023-06-16 02:44:00,Calgary,user2863@example.com
2864,Rider_2864,2023-06-05 20:15:00,New York,user2864@example.com
2865,Rider_2865,2021-10-22 05:11:00,Calgary,user2865@example.com
2866,Rider_2866,2023-02-20 19:43:00,Vancouver,user2866@example.com
2867,Rider_2867,2021-07-06 20:28:00,New York,user2867@example.com
2868,Rider_2868,2021-10-07 05:19:00,Calgary,user2868@example.com
2869,Rider_2869,2022-03-04 03:20:00,New York,user2869@example.com
2870,Rider_2870,2022-01-17 00:57:00,Boston,user2870@example.com
2871,Rider_2871,2022-11-22 02:04:00,Ottawa,user2871@example.com
2872,Rider_2872,2024-06-07 12:11:00,Toronto,user2872@example.com
2873,Rider_2873,2023-08-01 17:11:00,Calgary,user2873@example.com
2874,Rider_2874,2022-09-17 04:06:00,Los Angeles,user2874@example.com
2875,Rider_2875,2021-03-11 21:06:00,Ottawa,user2875@example.com
2876,Rider_2876,2021-02-06 03:19:00,Vancouver,user2876@example.com
2877,Rider_2877,2022-11-10 21:11:00,Los Angeles,user2877@example.com
2878,Rider_2878,2022-10-07 13:57:00,Chicago,user2878@example.com
2879,Rider_2879,2023-04-01 01:36:00,New York,user2879@example.com
2880,Rider_2880,2022-08-17 10:24:00,Los Angeles,user2880@example.com
2881,Rider_2881,2021-05-22 09:39:00,San Francisco,user2881@example.com
2882,Rider_2882,2021-06-04 07:25:00,Toronto,user2882@example.com
2883,Rider_2883,2021-09-19 05:18:00,Calgary,user2883@example.com
2884,Rider_2884,2021-08-12 17:59:00,San Francisco,user2884@example.com
2885,Rider_2885,2022-02-01 23:45:00,Chicago,user2885@example.com
2886,Rider_2886,2021-08-28 14:00:00,Toronto,user2886@example.com
2887,Rider_2887,2022-09-25 16:21:00,San Francisco,user2887@example.com
2888,Rider_2888,2021-04-02 12:27:00,Chicago,user2888@example.com
2889,Rider_2889,2022-05-21 07:42:00,Ottawa,user2889@example.com
2890,Rider_2890,2021-02-12 05:00:00,Chicago,user2890@example.com
2891,Rider_2891,2022-04-08 23:09:00,New York,user2891@example.com
2892,Rider_2892,2021-06-03 09:27:00,Montreal,user2892@example.com
2893,Rider_2893,2021-08-10 07:18:00,Los Angeles,user2893@example.com
2894,Rider_2894,2022-05-19 15:42:00,Montreal,user2894@example.com
2895,Rider_2895,2022-08-07 08:08:00,San Francisco,user2895@example.com
2896,Rider_2896,2021-03-22 14:09:00,Toronto,user2896@example.com
2897,Rider_2897,2022-01-08 05:47:00,Boston,user2897@example.com
2898,Rider_2898,2023-06-30 08:44:00,Ottawa,user2898@example.com
2899,Rider_2899,2023-02-05 19:36:00,Boston,user2899@example.com
2900,Rider_2900,2024-03-14 19:07:00,Calgary,user2900@example.com
2901,Rider_2901,2022-08-22 03:39:00,Calgary,user2901@example.com
2902,Rider_2902,2022-02-23 07:46:00,Toronto,user2902@example.com
2903,Rider_2903,2022-05-10 12:26:00,New York,user2903@example.com
2904,Rider_2904,2023-05-10 05:50:00,Vancouver,user2904@example.com
2905,Rider_2905,2021-04-12 16:27:00,Montreal,user2905@example.com
2906,Rider_2906,2021-02-14 21:42:00,Vancouver,user2906@example.com
2907,Rider_2907,2023-09-12 04:07:00,Montreal,user2907@example.com
2908,Rider_2908,2021-01-29 22:18:00,Boston,user2908@example.com
2909,Rider_2909,2023-05-11 17:25:00,San Francisco,user2909@example.com
2910,Rider_2910,2023-11-15 17:27:00,Ottawa,user2910@example.com
2911,Rider_2911,2022-01-18 15:19:00,Toronto,user2911@example.com
2912,Rider_2912,2023-10-10 03:34:00,Calgary,user2912@example.com
2913,Rider_2913,2022-04-19 04:47:00,Chicago,user2913@example.com
2914,Rider_2914,2022-09-24 20:35:00,Ottawa,user2914@example.com
2915,Rider_2915,2021-05-11 08:19:00,Vancouver,user2915@example.com
2916,Rider_2916,2021-11-13 01:25:00,Calgary,user2916@example.com
2917,Rider_2917,2022-08-03 21:49:00,Chicago,user2917@example.com
2918,Rider_2918,2021-09-19 06:30:00,Calgary,user2918@example.com
2919,Rider_2919,2023-04-16 00:46:00,Boston,user2919@example.com
2920,Rider_2920,2023-05-13 09:34:00,Montreal,user2920@example.com
2921,Rider_2921,2021-03-06 22:07:00,Vancouver,user2921@example.com
2922,Rider_2922,2022-12-23 19:29:00,New York,user2922@example.com
2923,Rider_2923,2022-03-26 08:00:00,Ottawa,user2923@example.com
2924,Rider_2924,2021-01-01 20:14:00,Chicago,user2924@example.com
2925,Rider_2925,2023-01-20 01:12:00,New York,user2925@example.com
2926,Rider_2926,2023-07-18 18:07:00,San Francisco,user2926@example.com
2927,Rider_2927,2023-11-23 08:09:00,San Francisco,user2927@example.com
2928,Rider_2928,2022-06-30 21:48:00,Montreal,user2928@example.com
2929,Rider_2929,2023-06-29 00:18:00,Boston,user2929@example.com
2930,Rider_2930,2022-03-14 00:02:00,Calgary,user2930@example.com
2931,Rider_2931,2021-09-08 18:02:00,New York,user2931@example.com
2932,Rider_2932,2023-05-25 17:12:00,Calgary,user2932@example.com
2933,Rider_2933,2022-04-13 00:36:00,Toronto,user2933@example.com
2934,Rider_2934,2022-09-07 02:02:00,Toronto,user2934@example.com
2935,Rider_2935,2021-08-05 22:32:00,Toronto,user2935@example.com
2936,Rider_2936,2022-03-11 02:57:00,Calgary,user2936@example.com
2937,Rider_2937,2021-11-24 13:03:00,Montreal,user2937@example.com
2938,Rider_2938,2023-02-24 05:03:00,Ottawa,user2938@example.com
2939,Rider_2939,2023-11-26 14:34:00,Los Angeles,user2939@example.com
2940,Rider_2940,2023-09-14 16:50:00,Los Angeles,user2940@example.com
2941,Rider_2941,2024-03-15 06:27:00,San Francisco,user2941@example.com
2942,Rider_2942,2022-03-01 02:40:00,Vancouver,user2942@example.com
2943,Rider_2943,2023-10-26 19:28:00,Boston,user2943@example.com
2944,Rider_2944,2022-06-15 16:52:00,Los Angeles,user2944@example.com
2945,Rider_2945,2022-12-16 06:33:00,Boston,user2945@example.com
2946,Rider_2946,2022-05-26 05:46:00,Ottawa,user2946@example.com
2947,Rider_2947,2023-12-11 17:51:00,New York,user2947@example.com
2948,Rider_2948,2023-10-02 05:09:00,Chicago,user2948@example.com
2949,Rider_2949,2023-08-04 17:12:00,New York,user2949@example.com
2950,Rider_2950,2021-01-07 15:32:00,Vancouver,user2950@example.com
2951,Rider_2951,2023-11-12 00:18:00,New York,user2951@example.com
2952,Rider_2952,2022-10-04 19:50:00,Chicago,user2952@example.com
2953,Rider_2953,2023-12-18 23:01:00,Calgary,user2953@example.com
2954,Rider_2954,2024-03-30 10:45:00,Vancouver,user2954@example.com
2955,Rider_2955,2023-04-16 22:59:00,Montreal,user2955@example.com
2956,Rider_2956,2024-05-08 00:51:00,Toronto,user2956@example.com
2957,Rider_2957,2023-04-17 18:18:00,Toronto,user2957@example.com
2958,Rider_2958,2023-11-10 07:33:00,New York,user2958@example.com
2959,Rider_2959,2023-11-11 07:08:00,Vancouver,user2959@example.com
2960,Rider_2960,2022-07-03 08:35:00,Toronto,user2960@example.com
2961,Rider_2961,2023-07-24 02:29:00,Montreal,user2961@example.com
2962,Rider_2962,2022-08-24 19:07:00,Los Angeles,user2962@example.com
2963,Rider_2963,2024-04-07 23:50:00,Chicago,user2963@example.com
2964,Rider_2964,2021-07-13 19:32:00,New York,user2964@example.com
2965,Rider_2965,2022-07-30 12:31:00,Vancouver,user2965@example.com
2966,Rider_2966,2022-11-22 15:03:00,Boston,user2966@example.com
2967,Rider_2967,2021-12-11 02:53:00,New York,user2967@example.com
2968,Rider_2968,2024-03-24 03:59:00,New York,user2968@example.com
2969,Rider_2969,2023-11-24 04:54:00,San Francisco,user2969@example.com
2970,Rider_2970,2021-10-25 12:04:00,Los Angeles,user2970@example.com
2971,Rider_2971,2023-08-11 22:48:00,Toronto,user2971@example.com
2972,Rider_2972,2024-06-09 19:52:00,San Francisco,user2972@example.com
2973,Rider_2973,2021-12-30 21:46:00,Boston,user2973@example.com
2974,Rider_2974,2022-07-18 21:35:00,Vancouver,user2974@example.com
2975,Rider_2975,2022-03-13 03:21:00,New York,user2975@example.com
2976,Rider_2976,2023-12-30 16:48:00,Vancouver,user2976@example.com
2977,Rider_2977,2021-11-21 19:18:00,Ottawa,user2977@example.com
2978,Rider_2978,2021-11-01 14:38:00,New York,user2978@example.com
2979,Rider_2979,2021-06-22 08:23:00,Montreal,user2979@example.com
2980,Rider_2980,2023-06-04 01:40:00,San Francisco,user2980@example.com
2981,Rider_2981,2023-02-07 10:04:00,Calgary,user2981@example.com
2982,Rider_2982,2023-05-08 04:02:00,Chicago,user2982@example.com
2983,Rider_2983,2023-10-23 00:33:00,Boston,user2983@example.com
2984,Rider_2984,2023-11-11 04:31:00,Ottawa,user2984@example.com
2985,Rider_2985,2023-05-28 21:57:00,Ottawa,user2985@example.com
2986,Rider_2986,2021-04-12 12:49:00,Chicago,user2986@example.com
2987,Rider_2987,2021-07-19 05:22:00,Ottawa,user2987@example.com
2988,Rider_2988,2021-07-17 22:58:00,Toronto,user2988@example.com
2989,Rider_2989,2023-06-05 07:32:00,San Francisco,user2989@example.com
2990,Rider_2990,2023-03-24 13:50:00,Boston,user2990@example.com
2991,Rider_2991,2021-10-26 00:44:00,San Francisco,user2991@example.com
2992,Rider_2992,2023-12-13 12:23:00,New York,user2992@example.com
2993,Rider_2993,2023-08-13 12:36:00,Calgary,user2993@example.com
2994,Rider_2994,2023-11-24 09:36:00,San Francisco,user2994@example.com
2995,Rider_2995,2022-12-07 03:35:00,Calgary,user2995@example.com
2996,Rider_2996,2022-10-26 11:58:00,New York,user2996@example.com
2997,Rider_2997,2022-05-17 18:17:00,New York,user2997@example.com
2998,Rider_2998,2022-09-25 01:25:00,Montreal,user2998@example.com
2999,Rider_2999,2021-07-09 01:57:00,San Francisco,user2999@example.com
3000,Rider_3000,2022-12-26 19:36:00,Calgary,user3000@example.com
3001,Rider_3001,2022-07-16 12:38:00,Vancouver,user3001@example.com
3002,Rider_3002,2024-03-25 02:22:00,Calgary,user3002@example.com
3003,Rider_3003,2024-01-26 09:02:00,New York,user3003@example.com
3004,Rider_3004,2021-03-14 22:58:00,Boston,user3004@example.com
3005,Rider_3005,2022-10-15 13:02:00,San Francisco,user3005@example.com
3006,Rider_3006,2022-11-29 06:46:00,Calgary,user3006@example.com
3007,Rider_3007,2021-01-09 00:21:00,Los Angeles,user3007@example.com
3008,Rider_3008,2021-10-30 07:31:00,Montreal,user3008@example.com
3009,Rider_3009,2021-05-08 02:03:00,Los Angeles,user3009@example.com
3010,Rider_3010,2024-06-08 16:13:00,Ottawa,user3010@example.com
3011,Rider_3011,2024-02-20 13:54:00,New York,user3011@example.com
3012,Rider_3012,2023-12-08 04:14:00,Boston,user3012@example.com
3013,Rider_3013,2021-04-26 15:20:00,Montreal,user3013@example.com
3014,Rider_3014,2021-11-02 20:05:00,Boston,user3014@example.com
3015,Rider_3015,2022-05-27 10:23:00,Chicago,user3015@example.com
3016,Rider_3016,2021-04-08 14:59:00,San Francisco,user3016@example.com
3017,Rider_3017,2021-02-13 07:10:00,Toronto,user3017@example.com
3018,Rider_3018,2022-11-03 00:13:00,Vancouver,user3018@example.com
3019,Rider_3019,2023-07-10 11:08:00,New York,user3019@example.com
3020,Rider_3020,2022-01-24 23:56:00,Los Angeles,user3020@example.com
3021,Rider_3021,2021-06-17 12:35:00,Boston,user3021@example.com
3022,Rider_3022,2022-01-06 06:40:00,Vancouver,user3022@example.com
3023,Rider_3023,2021-03-26 13:24:00,Los Angeles,user3023@example.com
3024,Rider_3024,2023-03-19 06:53:00,Los Angeles,user3024@example.com
3025,Rider_3025,2021-04-24 06:18:00,Boston,user3025@example.com
3026,Rider_3026,2023-08-21 11:06:00,Ottawa,user3026@example.com
3027,Rider_3027,2024-04-01 23:39:00,Vancouver,user3027@example.com
3028,Rider_3028,2023-08-30 10:41:00,Toronto,user3028@example.com
3029,Rider_3029,2023-06-19 08:14:00,Vancouver,user3029@example.com
3030,Rider_3030,2021-05-13 20:57:00,Toronto,user3030@example.com
3031,Rider_3031,2021-02-21 19:08:00,New York,user3031@example.com
3032,Rider_3032,2022-05-02 15:54:00,Montreal,user3032@example.com
3033,Rider_3033,2024-04-30 19:10:00,Toronto,user3033@example.com
3034,Rider_3034,2021-04-07 07:36:00,Chicago,user3034@example.com
3035,Rider_3035,2021-03-27 02:40:00,Vancouver,user3035@example.com
3036,Rider_3036,2023-08-07 17:59:00,San Francisco,user3036@example.com
3037,Rider_3037,2021-04-13 04:50:00,Montreal,user3037@example.com
3038,Rider_3038,2023-11-19 13:26:00,Toronto,user3038@example.com
3039,Rider_3039,2023-05-19 18:39:00,New York,user3039@example.com
3040,Rider_3040,2022-04-04 03:17:00,New York,user3040@example.com
3041,Rider_3041,2022-09-16 23:49:00,Montreal,user3041@example.com
3042,Rider_3042,2023-08-17 22:41:00,Toronto,user3042@example.com
3043,Rider_3043,2021-12-29 03:02:00,Montreal,user3043@example.com
3044,Rider_3044,2024-05-08 07:11:00,Ottawa,user3044@example.com
3045,Rider_3045,2021-01-17 11:26:00,Ottawa,user3045@example.com
3046,Rider_3046,2022-08-20 09:34:00,Vancouver,user3046@example.com
3047,Rider_3047,2024-05-20 05:53:00,Vancouver,user3047@example.com
3048,Rider_3048,2023-08-22 11:07:00,Montreal,user3048@example.com
3049,Rider_3049,2021-06-07 07:54:00,Ottawa,user3049@example.com
3050,Rider_3050,2023-10-09 04:06:00,Los Angeles,user3050@example.com
3051,Rider_3051,2022-12-07 09:12:00,New York,user3051@example.com
3052,Rider_3052,2022-05-25 19:56:00,Calgary,user3052@example.com
3053,Rider_3053,2021-10-27 00:13:00,Ottawa,user3053@example.com
3054,Rider_3054,2021-06-09 12:32:00,Toronto,user3054@example.com
3055,Rider_3055,2023-07-14 13:44:00,New York,user3055@example.com
3056,Rider_3056,2023-07-11 00:24:00,Toronto,user3056@example.com
3057,Rider_3057,2023-06-10 10:53:00,Boston,user3057@example.com
3058,Rider_3058,2023-09-18 02:38:00,Chicago,user3058@example.com
3059,Rider_3059,2022-02-03 03:02:00,Calgary,user3059@example.com
3060,Rider_3060,2022-10-17 00:16:00,Los Angeles,user3060@example.com
3061,Rider_3061,2024-01-31 15:54:00,Vancouver,user3061@example.com
3062,Rider_3062,2022-11-22 16:47:00,Ottawa,user3062@example.com
3063,Rider_3063,2022-01-13 17:22:00,Chicago,user3063@example.com
3064,Rider_3064,2024-05-23 03:16:00,Chicago,user3064@example.com
3065,Rider_3065,2021-04-04 23:16:00,New York,user3065@example.com
3066,Rider_3066,2022-04-30 03:46:00,Chicago,user3066@example.com
3067,Rider_3067,2022-11-09 01:35:00,Ottawa,user3067@example.com
3068,Rider_3068,2023-10-10 09:19:00,Calgary,user3068@example.com
3069,Rider_3069,2022-04-29 09:56:00,Los Angeles,user3069@example.com
3070,Rider_3070,2023-04-21 15:17:00,Ottawa,user3070@example.com
3071,Rider_3071,2021-08-17 23:48:00,Chicago,user3071@example.com
3072,Rider_3072,2022-04-25 12:12:00,Vancouver,user3072@example.com
3073,Rider_3073,2022-06-17 16:15:00,Ottawa,user3073@example.com
3074,Rider_3074,2022-07-27 22:58:00,San Francisco,user3074@example.com
3075,Rider_3075,2023-03-16 04:31:00,New York,user3075@example.com
3076,Rider_3076,2023-10-19 15:58:00,Ottawa,user3076@example.com
3077,Rider_3077,2021-03-31 00:57:00,Chicago,user3077@example.com
3078,Rider_3078,2023-02-27 18:21:00,Boston,user3078@example.com
3079,Rider_3079,2021-03-26 19:54:00,Calgary,user3079@example.com
3080,Rider_3080,2022-06-19 02:23:00,Montreal,user3080@example.com
3081,Rider_3081,2021-11-08 06:24:00,Boston,user3081@example.com
3082,Rider_3082,2024-05-04 20:45:00,Boston,user3082@example.com
3083,Rider_3083,2022-06-15 13:58:00,Toronto,user3083@example.com
3084,Rider_3084,2023-11-04 11:37:00,Boston,user3084@example.com
3085,Rider_3085,2023-12-16 07:20:00,Vancouver,user3085@example.com
3086,Rider_3086,2023-07-21 16:45:00,Vancouver,user3086@example.com
3087,Rider_3087,2023-06-18 12:42:00,Los Angeles,user3087@example.com
3088,Rider_3088,2022-06-06 10:19:00,Ottawa,user3088@example.com
3089,Rider_3089,2022-04-11 11:04:00,Ottawa,user3089@example.com
3090,Rider_3090,2022-05-26 11:48:00,Montreal,user3090@example.com
3091,Rider_3091,2021-06-12 21:00:00,Chicago,user3091@example.com
3092,Rider_3092,2024-05-10 23:11:00,Vancouver,user3092@example.com
3093,Rider_3093,2023-02-10 09:38:00,New York,user3093@example.com
3094,Rider_3094,2021-01-06 17:50:00,Boston,user3094@example.com
3095,Rider_3095,2023-12-13 21:08:00,Boston,user3095@example.com
3096,Rider_3096,2022-12-26 17:45:00,Boston,user3096@example.com
3097,Rider_3097,2021-11-28 02:22:00,Ottawa,user3097@example.com
3098,Rider_3098,2023-01-17 19:31:00,Boston,user3098@example.com
3099,Rider_3099,2024-06-08 01:15:00,Los Angeles,user3099@example.com
3100,Rider_3100,2021-11-15 22:44:00,Montreal,user3100@example.com
3101,Rider_3101,2021-10-14 05:07:00,Montreal,user3101@example.com
3102,Rider_3102,2022-07-18 14:48:00,New York,user3102@example.com
3103,Rider_3103,2021-04-25 12:53:00,New York,user3103@example.com
3104,Rider_3104,2021-02-16 15:08:00,Los Angeles,user3104@example.com
3105,Rider_3105,2021-06-28 22:34:00,Calgary,user3105@example.com
3106,Rider_3106,2022-03-28 09:27:00,Chicago,user3106@example.com
3107,Rider_3107,2021-10-29 23:53:00,Vancouver,user3107@example.com
3108,Rider_3108,2024-04-04 05:07:00,Ottawa,user3108@example.com
3109,Rider_3109,2021-03-10 04:53:00,Los Angeles,user3109@example.com
3110,Rider_3110,2021-11-06 07:50:00,New York,user3110@example.com
3111,Rider_3111,2022-03-18 08:02:00,Boston,user3111@example.com
3112,Rider_3112,2021-12-07 02:51:00,Chicago,user3112@example.com
3113,Rider_3113,2024-01-22 16:10:00,San Francisco,user3113@example.com
3114,Rider_3114,2022-06-12 21:18:00,Chicago,user3114@example.com
3115,Rider_3115,2022-01-18 02:12:00,Calgary,user3115@example.com
3116,Rider_3116,2021-11-01 10:56:00,Chicago,user3116@example.com
3117,Rider_3117,2021-10-01 12:38:00,New York,user3117@example.com
3118,Rider_3118,2021-06-07 04:38:00,San Francisco,user3118@example.com
3119,Rider_3119,2023-11-19 09:15:00,New York,user3119@example.com
3120,Rider_3120,2022-08-12 15:15:00,Chicago,user3120@example.com
3121,Rider_3121,2022-06-10 15:50:00,Toronto,user3121@example.com
3122,Rider_3122,2022-04-19 21:55:00,Boston,user3122@example.com
3123,Rider_3123,2022-01-09 01:26:00,Vancouver,user3123@example.com
3124,Rider_3124,2024-06-11 11:53:00,Los Angeles,user3124@example.com
3125,Rider_3125,2023-10-24 16:27:00,Los Angeles,user3125@example.com
3126,Rider_3126,2023-03-30 13:15:00,Chicago,user3126@example.com
3127,Rider_3127,2022-11-05 18:10:00,Ottawa,user3127@example.com
3128,Rider_3128,2021-07-04 01:45:00,Toronto,user3128@example.com
3129,Rider_3129,2021-07-23 04:22:00,Chicago,user3129@example.com
3130,Rider_3130,2021-10-25 18:23:00,Boston,user3130@example.com
3131,Rider_3131,2022-08-11 12:09:00,Calgary,user3131@example.com
3132,Rider_3132,2022-05-09 22:05:00,Los Angeles,user3132@example.com
3133,Rider_3133,2022-10-30 06:25:00,Ottawa,user3133@example.com
3134,Rider_3134,2021-03-13 18:16:00,Boston,user3134@example.com
3135,Rider_3135,2023-07-02 09:05:00,Ottawa,user3135@example.com
3136,Rider_3136,2023-04-12 19:42:00,Boston,user3136@example.com
3137,Rider_3137,2024-05-11 13:57:00,San Francisco,user3137@example.com
3138,Rider_3138,2022-05-25 00:49:00,Chicago,user3138@example.com
3139,Rider_3139,2021-03-24 17:38:00,Boston,user3139@example.com
3140,Rider_3140,2021-07-16 10:42:00,San Francisco,user3140@example.com
3141,Rider_3141,2023-06-27 08:09:00,Calgary,user3141@example.com
3142,Rider_3142,2021-11-22 00:56:00,Vancouver,user3142@example.com
3143,Rider_3143,2024-05-03 22:26:00,Toronto,user3143@example.com
3144,Rider_3144,2024-05-13 18:30:00,Vancouver,user3144@example.com
3145,Rider_3145,2021-04-11 18:38:00,Ottawa,user3145@example.com
3146,Rider_3146,2023-03-02 02:29:00,Chicago,user3146@example.com
3147,Rider_3147,2024-03-13 02:47:00,Montreal,user3147@example.com
3148,Rider_3148,2022-08-05 09:39:00,Calgary,user3148@example.com
3149,Rider_3149,2023-03-18 01:42:00,Vancouver,user3149@example.com
3150,Rider_3150,2021-10-06 01:32:00,Vancouver,user3150@example.com
3151,Rider_3151,2024-01-12 19:26:00,Los Angeles,user3151@example.com
3152,Rider_3152,2023-03-28 07:09:00,Los Angeles,user3152@example.com
3153,Rider_3153,2024-01-17 17:21:00,Vancouver,user3153@example.com
3154,Rider_3154,2023-01-06 22:59:00,Vancouver,user3154@example.com
3155,Rider_3155,2023-06-22 20:12:00,San Francisco,user3155@example.com
3156,Rider_3156,2023-09-19 06:18:00,Montreal,user3156@example.com
3157,Rider_3157,2023-10-07 07:57:00,Ottawa,user3157@example.com
3158,Rider_3158,2021-11-18 20:57:00,New York,user3158@example.com
3159,Rider_3159,2021-11-12 08:24:00,Boston,user3159@example.com
3160,Rider_3160,2021-12-31 02:29:00,Vancouver,user3160@example.com
3161,Rider_3161,2021-12-06 13:45:00,Montreal,user3161@example.com
3162,Rider_3162,2022-10-23 06:00:00,San Francisco,user3162@example.com
3163,Rider_3163,2023-06-07 14:13:00,Montreal,user3163@example.com
3164,Rider_3164,2022-08-05 03:43:00,Chicago,user3164@example.com
3165,Rider_3165,2023-05-06 06:03:00,San Francisco,user3165@example.com
3166,Rider_3166,2021-07-28 16:11:00,Toronto,user3166@example.com
3167,Rider_3167,2022-04-04 08:11:00,Toronto,user3167@example.com
3168,Rider_3168,2023-03-17 23:02:00,Vancouver,user3168@example.com
3169,Rider_3169,2021-12-24 13:38:00,Los Angeles,user3169@example.com
3170,Rider_3170,2021-03-05 21:55:00,Ottawa,user3170@example.com
3171,Rider_3171,2023-03-07 18:30:00,Vancouver,user3171@example.com
3172,Rider_3172,2022-06-07 12:55:00,Ottawa,user3172@example.com
3173,Rider_3173,2022-12-02 20:08:00,Montreal,user3173@example.com
3174,Rider_3174,2022-11-03 20:58:00,Vancouver,user3174@example.com
3175,Rider_3175,2022-07-25 21:50:00,Montreal,user3175@example.com
3176,Rider_3176,2022-05-08 11:22:00,Vancouver,user3176@example.com
3177,Rider_3177,2022-08-17 23:49:00,San Francisco,user3177@example.com
3178,Rider_3178,2021-10-06 22:41:00,New York,user3178@example.com
3179,Rider_3179,2021-12-30 04:20:00,Vancouver,user3179@example.com
3180,Rider_3180,2023-09-30 12:34:00,San Francisco,user3180@example.com
3181,Rider_3181,2022-07-12 19:57:00,Toronto,user3181@example.com
3182,Rider_3182,2022-04-03 12:25:00,Toronto,user3182@example.com
3183,Rider_3183,2023-03-08 14:14:00,Calgary,user3183@example.com
3184,Rider_3184,2023-09-27 21:10:00,Calgary,user3184@example.com
3185,Rider_3185,2024-05-05 19:28:00,Toronto,user3185@example.com
3186,Rider_3186,2021-12-20 18:49:00,San Francisco,user3186@example.com
3187,Rider_3187,2021-07-04 05:16:00,Toronto,user3187@example.com
3188,Rider_3188,2022-07-14 14:36:00,Toronto,user3188@example.com
3189,Rider_3189,2023-04-29 05:19:00,New York,user3189@example.com
3190,Rider_3190,2022-06-03 11:23:00,Boston,user3190@example.com
3191,Rider_3191,2023-11-15 17:49:00,Boston,user3191@example.com
3192,Rider_3192,2022-01-24 09:33:00,Los Angeles,user3192@example.com
3193,Rider_3193,2024-03-03 15:29:00,San Francisco,user3193@example.com
3194,Rider_3194,2021-10-24 03:39:00,San Francisco,user3194@example.com
3195,Rider_3195,2021-08-03 03:59:00,Ottawa,user3195@example.com
3196,Rider_3196,2022-02-10 15:50:00,Calgary,user3196@example.com
3197,Rider_3197,2024-04-11 06:31:00,New York,user3197@example.com
3198,Rider_3198,2022-03-14 19:57:00,San Francisco,user3198@example.com
3199,Rider_3199,2024-05-01 13:08:00,Los Angeles,user3199@example.com
3200,Rider_3200,2022-09-23 07:46:00,Montreal,user3200@example.com
3201,Rider_3201,2024-03-23 05:03:00,Ottawa,user3201@example.com
3202,Rider_3202,2023-01-04 05:35:00,New York,user3202@example.com
3203,Rider_3203,2024-03-28 10:07:00,Calgary,user3203@example.com
3204,Rider_3204,2022-09-10 12:04:00,Chicago,user3204@example.com
3205,Rider_3205,2021-12-19 12:25:00,Boston,user3205@example.com
3206,Rider_3206,2023-01-08 00:20:00,Boston,user3206@example.com
3207,Rider_3207,2023-03-13 07:21:00,Boston,user3207@example.com
3208,Rider_3208,2024-05-05 23:15:00,Ottawa,user3208@example.com
3209,Rider_3209,2024-03-22 22:10:00,Calgary,user3209@example.com
3210,Rider_3210,2024-01-28 09:08:00,Vancouver,user3210@example.com
3211,Rider_3211,2022-06-14 04:42:00,Vancouver,user3211@example.com
3212,Rider_3212,2022-05-02 08:16:00,Toronto,user3212@example.com
3213,Rider_3213,2022-10-29 02:33:00,Boston,user3213@example.com
3214,Rider_3214,2021-11-22 13:53:00,Montreal,user3214@example.com
3215,Rider_3215,2022-12-01 00:10:00,Vancouver,user3215@example.com
3216,Rider_3216,2021-02-16 18:21:00,Calgary,user3216@example.com
3217,Rider_3217,2021-08-04 20:26:00,Los Angeles,user3217@example.com
3218,Rider_3218,2021-07-19 09:04:00,Ottawa,user3218@example.com
3219,Rider_3219,2024-02-21 03:21:00,San Francisco,user3219@example.com
3220,Rider_3220,2023-02-16 09:54:00,New York,user3220@example.com
3221,Rider_3221,2022-06-12 21:29:00,Los Angeles,user3221@example.com
3222,Rider_3222,2022-10-14 02:56:00,Boston,user3222@example.com
3223,Rider_3223,2023-12-02 07:05:00,Montreal,user3223@example.com
3224,Rider_3224,2024-03-31 00:47:00,Montreal,user3224@example.com
3225,Rider_3225,2022-04-11 11:17:00,Calgary,user3225@example.com
3226,Rider_3226,2023-07-01 19:16:00,Los Angeles,user3226@example.com
3227,Rider_3227,2023-06-01 16:49:00,New York,user3227@example.com
3228,Rider_3228,2021-08-05 03:19:00,New York,user3228@example.com
3229,Rider_3229,2022-05-29 00:37:00,Chicago,user3229@example.com
3230,Rider_3230,2023-09-06 10:06:00,Ottawa,user3230@example.com
3231,Rider_3231,2023-08-03 05:48:00,Ottawa,user3231@example.com
3232,Rider_3232,2022-08-31 05:16:00,Ottawa,user3232@example.com
3233,Rider_3233,2021-11-14 05:17:00,Montreal,user3233@example.com
3234,Rider_3234,2021-04-09 23:15:00,Montreal,user3234@example.com
3235,Rider_3235,2022-08-24 07:17:00,Calgary,user3235@example.com
3236,Rider_3236,2023-01-08 12:59:00,Boston,user3236@example.com
3237,Rider_3237,2022-05-26 20:05:00,Toronto,user3237@example.com
3238,Rider_3238,2022-12-03 10:27:00,Ottawa,user3238@example.com
3239,Rider_3239,2021-05-25 20:17:00,San Francisco,user3239@example.com
3240,Rider_3240,2021-06-12 01:04:00,Chicago,user3240@example.com
3241,Rider_3241,2021-10-03 22:45:00,Calgary,user3241@example.com
3242,Rider_3242,2023-12-07 08:41:00,New York,user3242@example.com
3243,Rider_3243,2023-01-30 00:49:00,Ottawa,user3243@example.com
3244,Rider_3244,2021-10-18 00:23:00,New York,user3244@example.com
3245,Rider_3245,2021-04-18 22:48:00,Boston,user3245@example.com
3246,Rider_3246,2022-03-17 21:29:00,Montreal,user3246@example.com
3247,Rider_3247,2021-12-29 00:20:00,Boston,user3247@example.com
3248,Rider_3248,2023-10-22 14:32:00,San Francisco,user3248@example.com
3249,Rider_3249,2021-04-19 17:01:00,Calgary,user3249@example.com
3250,Rider_3250,2021-03-31 06:00:00,Vancouver,user3250@example.com
3251,Rider_3251,2023-03-17 12:15:00,Los Angeles,user3251@example.com
3252,Rider_3252,2021-09-24 22:07:00,New York,user3252@example.com
3253,Rider_3253,2022-10-01 06:01:00,Los Angeles,user3253@example.com
3254,Rider_3254,2021-09-01 22:42:00,Montreal,user3254@example.com
3255,Rider_3255,2021-07-20 14:36:00,Toronto,user3255@example.com
3256,Rider_3256,2022-10-12 23:34:00,Calgary,user3256@example.com
3257,Rider_3257,2024-02-29 10:22:00,Vancouver,user3257@example.com
3258,Rider_3258,2022-08-28 06:42:00,Toronto,user3258@example.com
3259,Rider_3259,2021-07-21 20:13:00,Boston,user3259@example.com
3260,Rider_3260,2022-04-27 04:35:00,Boston,user3260@example.com
3261,Rider_3261,2024-01-08 10:28:00,Montreal,user3261@example.com
3262,Rider_3262,2021-09-04 15:47:00,Vancouver,user3262@example.com
3263,Rider_3263,2023-06-13 08:57:00,Ottawa,user3263@example.com
3264,Rider_3264,2023-07-02 15:17:00,San Francisco,user3264@example.com
3265,Rider_3265,2023-02-20 13:37:00,Boston,user3265@example.com
3266,Rider_3266,2022-03-04 21:11:00,Vancouver,user3266@example.com
3267,Rider_3267,2021-01-12 13:30:00,Boston,user3267@example.com
3268,Rider_3268,2022-11-24 10:04:00,Chicago,user3268@example.com
3269,Rider_3269,2022-09-13 04:37:00,Toronto,user3269@example.com
3270,Rider_3270,2024-06-08 12:14:00,Ottawa,user3270@example.com
3271,Rider_3271,2023-03-28 21:21:00,Boston,user3271@example.com
3272,Rider_3272,2023-06-04 06:23:00,Los Angeles,user3272@example.com
3273,Rider_3273,2022-12-16 21:40:00,Vancouver,user3273@example.com
3274,Rider_3274,2023-06-14 23:47:00,Vancouver,user3274@example.com
3275,Rider_3275,2024-02-20 08:11:00,New York,user3275@example.com
3276,Rider_3276,2022-03-24 06:07:00,Toronto,user3276@example.com
3277,Rider_3277,2022-06-23 16:57:00,Vancouver,user3277@example.com
3278,Rider_3278,2022-08-31 12:54:00,San Francisco,user3278@example.com
3279,Rider_3279,2024-06-12 06:25:00,Ottawa,user3279@example.com
3280,Rider_3280,2022-10-07 18:17:00,Chicago,user3280@example.com
3281,Rider_3281,2021-10-06 23:09:00,Boston,user3281@example.com
3282,Rider_3282,2024-02-14 01:18:00,Ottawa,user3282@example.com
3283,Rider_3283,2022-12-13 05:04:00,Montreal,user3283@example.com
3284,Rider_3284,2023-10-21 20:17:00,Montreal,user3284@example.com
3285,Rider_3285,2023-12-22 02:47:00,Chicago,user3285@example.com
3286,Rider_3286,2021-05-29 09:46:00,Ottawa,user3286@example.com
3287,Rider_3287,2023-12-22 07:21:00,Montreal,user3287@example.com
3288,Rider_3288,2022-01-08 08:29:00,New York,user3288@example.com
3289,Rider_3289,2022-03-02 07:07:00,Chicago,user3289@example.com
3290,Rider_3290,2022-03-30 10:25:00,Calgary,user3290@example.com
3291,Rider_3291,2023-12-21 08:57:00,Toronto,user3291@example.com
3292,Rider_3292,2023-02-06 14:33:00,Boston,user3292@example.com
3293,Rider_3293,2024-03-29 12:13:00,Montreal,user3293@example.com
3294,Rider_3294,2021-07-08 07:48:00,Calgary,user3294@example.com
3295,Rider_3295,2021-04-29 21:22:00,Los Angeles,user3295@example.com
3296,Rider_3296,2023-02-23 13:12:00,Toronto,user3296@example.com
3297,Rider_3297,2022-09-30 01:29:00,Los Angeles,user3297@example.com
3298,Rider_3298,2021-09-14 01:38:00,Vancouver,user3298@example.com
3299,Rider_3299,2021-11-19 03:23:00,San Francisco,user3299@example.com
3300,Rider_3300,2021-03-11 08:07:00,Calgary,user3300@example.com
3301,Rider_3301,2021-02-11 12:06:00,Vancouver,user3301@example.com
3302,Rider_3302,2023-09-20 10:40:00,Toronto,user3302@example.com
3303,Rider_3303,2022-08-16 02:30:00,Vancouver,user3303@example.com
3304,Rider_3304,2024-03-04 19:18:00,Los Angeles,user3304@example.com
3305,Rider_3305,2021-10-29 23:53:00,Montreal,user3305@example.com
3306,Rider_3306,2021-02-28 16:20:00,Montreal,user3306@example.com
3307,Rider_3307,2022-01-25 07:15:00,New York,user3307@example.com
3308,Rider_3308,2024-01-07 13:08:00,Toronto,user3308@example.com
3309,Rider_3309,2022-05-24 03:33:00,Chicago,user3309@example.com
3310,Rider_3310,2023-01-24 01:08:00,Vancouver,user3310@example.com
3311,Rider_3311,2021-04-17 00:03:00,Vancouver,user3311@example.com
3312,Rider_3312,2023-05-02 22:53:00,Toronto,user3312@example.com
3313,Rider_3313,2024-01-14 12:14:00,Boston,user3313@example.com
3314,Rider_3314,2021-08-06 21:06:00,Vancouver,user3314@example.com
3315,Rider_3315,2022-03-10 15:09:00,Vancouver,user3315@example.com
3316,Rider_3316,2021-09-23 00:01:00,Chicago,user3316@example.com
3317,Rider_3317,2023-08-01 22:10:00,New York,user3317@example.com
3318,Rider_3318,2021-10-03 07:51:00,Toronto,user3318@example.com
3319,Rider_3319,2021-07-12 20:41:00,San Francisco,user3319@example.com
3320,Rider_3320,2024-02-26 19:07:00,Calgary,user3320@example.com
3321,Rider_3321,2021-09-19 16:23:00,Montreal,user3321@example.com
3322,Rider_3322,2023-11-09 23:18:00,Toronto,user3322@example.com
3323,Rider_3323,2023-11-19 06:40:00,New York,user3323@example.com
3324,Rider_3324,2021-08-27 10:45:00,San Francisco,user3324@example.com
3325,Rider_3325,2022-07-11 06:27:00,Vancouver,user3325@example.com
3326,Rider_3326,2021-12-03 14:08:00,Chicago,user3326@example.com
3327,Rider_3327,2023-11-15 15:28:00,New York,user3327@example.com
3328,Rider_3328,2021-12-02 19:16:00,Calgary,user3328@example.com
3329,Rider_3329,2023-12-19 08:26:00,Vancouver,user3329@example.com
3330,Rider_3330,2023-09-14 02:42:00,New York,user3330@example.com
3331,Rider_3331,2023-09-23 18:39:00,Calgary,user3331@example.com
3332,Rider_3332,2022-08-30 19:18:00,Toronto,user3332@example.com
3333,Rider_3333,2022-11-21 17:01:00,San Francisco,user3333@example.com
3334,Rider_3334,2023-07-19 06:42:00,New York,user3334@example.com
3335,Rider_3335,2021-03-17 14:21:00,New York,user3335@example.com
3336,Rider_3336,2024-04-06 16:05:00,Montreal,user3336@example.com
3337,Rider_3337,2022-01-23 21:28:00,Boston,user3337@example.com
3338,Rider_3338,2022-01-06 13:25:00,Los Angeles,user3338@example.com
3339,Rider_3339,2021-05-22 23:07:00,Boston,user3339@example.com
3340,Rider_3340,2022-10-18 01:28:00,New York,user3340@example.com
3341,Rider_3341,2021-01-23 14:50:00,New York,user3341@example.com
3342,Rider_3342,2021-10-26 11:56:00,Los Angeles,user3342@example.com
3343,Rider_3343,2021-12-09 15:21:00,Toronto,user3343@example.com
3344,Rider_3344,2024-05-22 23:29:00,Toronto,user3344@example.com
3345,Rider_3345,2024-01-30 17:06:00,Chicago,user3345@example.com
3346,Rider_3346,2021-03-10 08:54:00,Chicago,user3346@example.com
3347,Rider_3347,2023-03-08 03:23:00,Montreal,user3347@example.com
3348,Rider_3348,2022-05-24 04:43:00,Toronto,user3348@example.com
3349,Rider_3349,2023-05-24 02:53:00,Los Angeles,user3349@example.com
3350,Rider_3350,2023-08-29 09:30:00,Boston,user3350@example.com
3351,Rider_3351,2023-04-22 12:08:00,Boston,user3351@example.com
3352,Rider_3352,2022-10-27 16:32:00,Montreal,user3352@example.com
3353,Rider_3353,2021-12-28 00:48:00,Toronto,user3353@example.com
3354,Rider_3354,2021-06-14 11:41:00,Boston,user3354@example.com
3355,Rider_3355,2022-05-18 08:01:00,Los Angeles,user3355@example.com
3356,Rider_3356,2021-01-24 07:02:00,Chicago,user3356@example.com
3357,Rider_3357,2023-10-13 22:37:00,Montreal,user3357@example.com
3358,Rider_3358,2021-01-19 14:41:00,Los Angeles,user3358@example.com
3359,Rider_3359,2021-11-27 12:33:00,Montreal,user3359@example.com
3360,Rider_3360,2021-12-08 21:46:00,Vancouver,user3360@example.com
3361,Rider_3361,2023-10-20 02:35:00,Toronto,user3361@example.com
3362,Rider_3362,2023-10-07 15:42:00,San Francisco,user3362@example.com
3363,Rider_3363,2022-07-28 04:34:00,Ottawa,user3363@example.com
3364,Rider_3364,2021-04-15 14:17:00,New York,user3364@example.com
3365,Rider_3365,2022-10-01 14:48:00,Boston,user3365@example.com
3366,Rider_3366,2024-04-07 08:09:00,San Francisco,user3366@example.com
3367,Rider_3367,2023-02-16 01:32:00,Ottawa,user3367@example.com
3368,Rider_3368,2024-01-12 21:05:00,Toronto,user3368@example.com
3369,Rider_3369,2024-05-14 04:18:00,Calgary,user3369@example.com
3370,Rider_3370,2021-09-24 08:27:00,Ottawa,user3370@example.com
3371,Rider_3371,2021-05-28 04:20:00,San Francisco,user3371@example.com
3372,Rider_3372,2022-05-19 20:48:00,Ottawa,user3372@example.com
3373,Rider_3373,2023-11-20 01:57:00,Montreal,user3373@example.com
3374,Rider_3374,2022-05-31 19:35:00,Chicago,user3374@example.com
3375,Rider_3375,2023-09-14 23:41:00,Chicago,user3375@example.com
3376,Rider_3376,2023-11-02 04:05:00,Los Angeles,user3376@example.com
3377,Rider_3377,2021-04-15 21:05:00,Vancouver,user3377@example.com
3378,Rider_3378,2021-01-28 09:59:00,Los Angeles,user3378@example.com
3379,Rider_3379,2023-06-28 19:45:00,Ottawa,user3379@example.com
3380,Rider_3380,2022-08-17 23:50:00,Vancouver,user3380@example.com
3381,Rider_3381,2023-09-23 02:59:00,Calgary,user3381@example.com
3382,Rider_3382,2023-02-22 00:51:00,Boston,user3382@example.com
3383,Rider_3383,2023-12-31 14:28:00,Ottawa,user3383@example.com
3384,Rider_3384,2021-12-28 08:10:00,New York,user3384@example.com
3385,Rider_3385,2023-08-16 11:08:00,New York,user3385@example.com
3386,Rider_3386,2022-04-25 18:42:00,Toronto,user3386@example.com
3387,Rider_3387,2024-02-21 07:24:00,Boston,user3387@example.com
3388,Rider_3388,2024-03-22 08:10:00,Montreal,user3388@example.com
3389,Rider_3389,2023-08-21 18:33:00,Boston,user3389@example.com
3390,Rider_3390,2021-04-04 02:05:00,Toronto,user3390@example.com
3391,Rider_3391,2022-08-05 19:15:00,Chicago,user3391@example.com
3392,Rider_3392,2022-04-06 18:35:00,Vancouver,user3392@example.com
3393,Rider_3393,2021-08-24 14:41:00,Boston,user3393@example.com
3394,Rider_3394,2021-11-14 12:02:00,Montreal,user3394@example.com
3395,Rider_3395,2022-01-05 19:40:00,New York,user3395@example.com
3396,Rider_3396,2022-11-21 07:18:00,Ottawa,user3396@example.com
3397,Rider_3397,2021-07-28 13:50:00,Los Angeles,user3397@example.com
3398,Rider_3398,2022-05-09 06:41:00,San Francisco,user3398@example.com
3399,Rider_3399,2023-03-21 03:32:00,New York,user3399@example.com
3400,Rider_3400,2023-10-04 16:55:00,Montreal,user3400@example.com
3401,Rider_3401,2024-03-11 22:33:00,San Francisco,user3401@example.com
3402,Rider_3402,2021-12-22 18:06:00,New York,user3402@example.com
3403,Rider_3403,2022-06-17 09:50:00,Los Angeles,user3403@example.com
3404,Rider_3404,2021-11-16 17:25:00,Boston,user3404@example.com
3405,Rider_3405,2021-03-26 00:01:00,Calgary,user3405@example.com
3406,Rider_3406,2024-05-30 00:17:00,Boston,user3406@example.com
3407,Rider_3407,2023-08-03 14:14:00,Boston,user3407@example.com
3408,Rider_3408,2023-03-22 01:52:00,Montreal,user3408@example.com
3409,Rider_3409,2021-10-13 03:04:00,Los Angeles,user3409@example.com
3410,Rider_3410,2023-09-06 07:59:00,Vancouver,user3410@example.com
3411,Rider_3411,2021-04-11 09:05:00,New York,user3411@example.com
3412,Rider_3412,2021-04-19 17:13:00,Vancouver,user3412@example.com
3413,Rider_3413,2021-03-22 22:41:00,Boston,user3413@example.com
3414,Rider_3414,2021-11-14 05:52:00,Chicago,user3414@example.com
3415,Rider_3415,2021-05-23 13:02:00,Chicago,user3415@example.com
3416,Rider_3416,2023-07-10 14:52:00,Chicago,user3416@example.com
3417,Rider_3417,2024-05-20 08:26:00,Calgary,user3417@example.com
3418,Rider_3418,2022-01-03 02:16:00,Boston,user3418@example.com
3419,Rider_3419,2021-05-02 10:11:00,Calgary,user3419@example.com
3420,Rider_3420,2024-02-01 05:33:00,Montreal,user3420@example.com
3421,Rider_3421,2022-04-29 20:10:00,Vancouver,user3421@example.com
3422,Rider_3422,2024-01-27 01:56:00,Chicago,user3422@example.com
3423,Rider_3423,2022-01-16 11:27:00,Boston,user3423@example.com
3424,Rider_3424,2021-10-02 01:59:00,Montreal,user3424@example.com
3425,Rider_3425,2022-01-22 18:15:00,Ottawa,user3425@example.com
3426,Rider_3426,2022-03-20 06:43:00,San Francisco,user3426@example.com
3427,Rider_3427,2022-11-28 08:45:00,Ottawa,user3427@example.com
3428,Rider_3428,2022-02-27 07:42:00,Boston,user3428@example.com
3429,Rider_3429,2021-05-05 07:12:00,Vancouver,user3429@example.com
3430,Rider_3430,2022-09-11 15:37:00,Los Angeles,user3430@example.com
3431,Rider_3431,2021-09-18 14:46:00,Montreal,user3431@example.com
3432,Rider_3432,2022-11-17 15:41:00,Vancouver,user3432@example.com
3433,Rider_3433,2023-02-24 22:40:00,Montreal,user3433@example.com
3434,Rider_3434,2024-02-16 16:06:00,Ottawa,user3434@example.com
3435,Rider_3435,2024-03-27 02:57:00,Montreal,user3435@example.com
3436,Rider_3436,2024-05-17 18:00:00,Chicago,user3436@example.com
3437,Rider_3437,2021-01-31 18:36:00,Vancouver,user3437@example.com
3438,Rider_3438,2022-10-26 22:31:00,Montreal,user3438@example.com
3439,Rider_3439,2024-03-24 20:17:00,Toronto,user3439@example.com
3440,Rider_3440,2023-07-14 14:02:00,San Francisco,user3440@example.com
3441,Rider_3441,2021-08-26 08:44:00,Calgary,user3441@example.com
3442,Rider_3442,2024-02-03 19:24:00,Calgary,user3442@example.com
3443,Rider_3443,2022-02-04 16:31:00,Chicago,user3443@example.com
3444,Rider_3444,2022-12-22 06:10:00,Montreal,user3444@example.com
3445,Rider_3445,2022-12-06 15:32:00,San Francisco,user3445@example.com
3446,Rider_3446,2022-08-06 18:29:00,San Francisco,user3446@example.com
3447,Rider_3447,2023-07-31 10:15:00,Calgary,user3447@example.com
3448,Rider_3448,2021-04-22 18:06:00,Vancouver,user3448@example.com
3449,Rider_3449,2021-08-01 06:55:00,Los Angeles,user3449@example.com
3450,Rider_3450,2021-11-01 00:48:00,Vancouver,user3450@example.com
3451,Rider_3451,2021-10-22 13:45:00,Chicago,user3451@example.com
3452,Rider_3452,2021-01-20 22:29:00,New York,user3452@example.com
3453,Rider_3453,2024-02-09 14:06:00,Calgary,user3453@example.com
3454,Rider_3454,2023-02-03 10:43:00,Los Angeles,user3454@example.com
3455,Rider_3455,2022-10-08 22:53:00,Montreal,user3455@example.com
3456,Rider_3456,2024-02-27 22:59:00,Montreal,user3456@example.com
3457,Rider_3457,2022-08-20 13:57:00,Los Angeles,user3457@example.com
3458,Rider_3458,2022-04-24 04:01:00,Vancouver,user3458@example.com
3459,Rider_3459,2021-04-21 15:48:00,Ottawa,user3459@example.com
3460,Rider_3460,2021-03-02 07:34:00,Montreal,user3460@example.com
3461,Rider_3461,2022-08-21 19:21:00,Toronto,user3461@example.com
3462,Rider_3462,2021-09-10 05:18:00,Ottawa,user3462@example.com
3463,Rider_3463,2024-03-31 04:52:00,Boston,user3463@example.com
3464,Rider_3464,2022-02-01 12:43:00,Montreal,user3464@example.com
3465,Rider_3465,2023-03-03 15:34:00,Los Angeles,user3465@example.com
3466,Rider_3466,2023-09-14 09:45:00,Vancouver,user3466@example.com
3467,Rider_3467,2023-12-18 21:44:00,Los Angeles,user3467@example.com
3468,Rider_3468,2023-10-09 03:32:00,New York,user3468@example.com
3469,Rider_3469,2022-10-21 17:22:00,Montreal,user3469@example.com
3470,Rider_3470,2022-01-12 11:34:00,Boston,user3470@example.com
3471,Rider_3471,2021-02-23 14:32:00,Vancouver,user3471@example.com
3472,Rider_3472,2023-09-08 03:37:00,Los Angeles,user3472@example.com
3473,Rider_3473,2023-12-20 11:37:00,New York,user3473@example.com
3474,Rider_3474,2022-02-10 23:06:00,Chicago,user3474@example.com
3475,Rider_3475,2022-12-09 13:10:00,Ottawa,user3475@example.com
3476,Rider_3476,2022-01-31 00:32:00,Chicago,user3476@example.com
3477,Rider_3477,2023-07-25 09:45:00,Boston,user3477@example.com
3478,Rider_3478,2023-10-27 07:41:00,Ottawa,user3478@example.com
3479,Rider_3479,2021-01-20 03:58:00,Chicago,user3479@example.com
3480,Rider_3480,2024-04-12 15:55:00,Toronto,user3480@example.com
3481,Rider_3481,2023-09-29 00:52:00,Toronto,user3481@example.com
3482,Rider_3482,2022-09-10 18:05:00,Montreal,user3482@example.com
3483,Rider_3483,2021-05-05 19:36:00,Ottawa,user3483@example.com
3484,Rider_3484,2021-10-21 07:50:00,Calgary,user3484@example.com
3485,Rider_3485,2021-09-15 14:21:00,Montreal,user3485@example.com
3486,Rider_3486,2022-01-28 19:43:00,Montreal,user3486@example.com
3487,Rider_3487,2023-02-17 17:27:00,San Francisco,user3487@example.com
3488,Rider_3488,2023-10-20 22:08:00,Calgary,user3488@example.com
3489,Rider_3489,2023-06-30 10:38:00,Montreal,user3489@example.com
3490,Rider_3490,2024-02-15 03:01:00,San Francisco,user3490@example.com
3491,Rider_3491,2024-03-14 21:49:00,Montreal,user3491@example.com
3492,Rider_3492,2021-06-19 18:01:00,Toronto,user3492@example.com
3493,Rider_3493,2024-04-21 13:08:00,Ottawa,user3493@example.com
3494,Rider_3494,2021-08-10 16:44:00,Los Angeles,user3494@example.com
3495,Rider_3495,2024-03-09 02:40:00,San Francisco,user3495@example.com
3496,Rider_3496,2024-03-08 10:16:00,Boston,user3496@example.com
3497,Rider_3497,2023-12-22 20:56:00,Montreal,user3497@example.com
3498,Rider_3498,2021-01-10 23:21:00,San Francisco,user3498@example.com
3499,Rider_3499,2023-02-03 20:46:00,Chicago,user3499@example.com
3500,Rider_3500,2021-05-31 11:36:00,New York,user3500@example.com
3501,Rider_3501,2024-04-16 23:15:00,Toronto,user3501@example.com
3502,Rider_3502,2023-03-27 12:00:00,Montreal,user3502@example.com
3503,Rider_3503,2023-10-14 18:19:00,Montreal,user3503@example.com
3504,Rider_3504,2024-02-13 17:47:00,San Francisco,user3504@example.com
3505,Rider_3505,2021-09-23 01:42:00,Montreal,user3505@example.com
3506,Rider_3506,2022-08-06 00:00:00,Chicago,user3506@example.com
3507,Rider_3507,2023-12-30 16:46:00,Chicago,user3507@example.com
3508,Rider_3508,2021-11-04 14:44:00,Chicago,user3508@example.com
3509,Rider_3509,2021-10-10 16:52:00,Vancouver,user3509@example.com
3510,Rider_3510,2021-06-21 05:58:00,Calgary,user3510@example.com
3511,Rider_3511,2023-05-31 22:43:00,Vancouver,user3511@example.com
3512,Rider_3512,2021-10-16 09:05:00,Boston,user3512@example.com
3513,Rider_3513,2021-04-02 15:00:00,Boston,user3513@example.com
3514,Rider_3514,2024-06-11 00:21:00,Chicago,user3514@example.com
3515,Rider_3515,2022-02-07 21:20:00,Boston,user3515@example.com
3516,Rider_3516,2022-11-16 15:37:00,Montreal,user3516@example.com
3517,Rider_3517,2021-06-19 15:06:00,Ottawa,user3517@example.com
3518,Rider_3518,2021-05-04 23:31:00,Chicago,user3518@example.com
3519,Rider_3519,2021-05-14 03:23:00,San Francisco,user3519@example.com
3520,Rider_3520,2021-07-13 16:27:00,Montreal,user3520@example.com
3521,Rider_3521,2021-04-10 19:52:00,San Francisco,user3521@example.com
3522,Rider_3522,2021-02-16 02:03:00,Los Angeles,user3522@example.com
3523,Rider_3523,2021-12-31 17:14:00,Ottawa,user3523@example.com
3524,Rider_3524,2023-01-24 17:21:00,Vancouver,user3524@example.com
3525,Rider_3525,2021-01-15 18:25:00,Toronto,user3525@example.com
3526,Rider_3526,2022-02-18 08:12:00,New York,user3526@example.com
3527,Rider_3527,2023-10-31 13:00:00,New York,user3527@example.com
3528,Rider_3528,2024-05-10 23:46:00,Ottawa,user3528@example.com
3529,Rider_3529,2021-05-31 10:31:00,New York,user3529@example.com
3530,Rider_3530,2023-03-23 10:02:00,Boston,user3530@example.com
3531,Rider_3531,2022-08-07 13:50:00,New York,user3531@example.com
3532,Rider_3532,2023-03-19 21:46:00,Ottawa,user3532@example.com
3533,Rider_3533,2023-01-25 20:38:00,San Francisco,user3533@example.com
3534,Rider_3534,2024-03-21 19:42:00,Vancouver,user3534@example.com
3535,Rider_3535,2023-07-28 20:36:00,Los Angeles,user3535@example.com
3536,Rider_3536,2022-06-07 19:30:00,Montreal,user3536@example.com
3537,Rider_3537,2023-11-26 05:34:00,Los Angeles,user3537@example.com
3538,Rider_3538,2022-05-05 16:23:00,Los Angeles,user3538@example.com
3539,Rider_3539,2022-07-16 02:54:00,Boston,user3539@example.com
3540,Rider_3540,2022-08-11 21:06:00,Montreal,user3540@example.com
3541,Rider_3541,2021-03-30 22:07:00,Ottawa,user3541@example.com
3542,Rider_3542,2022-05-29 00:48:00,Los Angeles,user3542@example.com
3543,Rider_3543,2021-01-05 19:00:00,Toronto,user3543@example.com
3544,Rider_3544,2023-12-21 18:49:00,Vancouver,user3544@example.com
3545,Rider_3545,2024-02-01 14:10:00,Montreal,user3545@example.com
3546,Rider_3546,2021-02-09 21:26:00,Chicago,user3546@example.com
3547,Rider_3547,2021-07-10 21:50:00,Ottawa,user3547@example.com
3548,Rider_3548,2022-03-11 03:18:00,Calgary,user3548@example.com
3549,Rider_3549,2022-07-27 08:03:00,Boston,user3549@example.com
3550,Rider_3550,2023-08-19 13:49:00,Vancouver,user3550@example.com
3551,Rider_3551,2023-03-11 21:23:00,Vancouver,user3551@example.com
3552,Rider_3552,2023-10-23 15:05:00,Montreal,user3552@example.com
3553,Rider_3553,2021-01-05 20:39:00,Boston,user3553@example.com
3554,Rider_3554,2021-01-26 20:01:00,Los Angeles,user3554@example.com
3555,Rider_3555,2021-03-13 01:50:00,Los Angeles,user3555@example.com
3556,Rider_3556,2023-11-20 03:02:00,Los Angeles,user3556@example.com
3557,Rider_3557,2021-12-29 19:41:00,Vancouver,user3557@example.com
3558,Rider_3558,2023-01-23 16:49:00,Ottawa,user3558@example.com
3559,Rider_3559,2024-02-23 07:32:00,Montreal,user3559@example.com
3560,Rider_3560,2024-05-18 08:59:00,Ottawa,user3560@example.com
3561,Rider_3561,2022-06-26 02:49:00,Toronto,user3561@example.com
3562,Rider_3562,2023-01-10 15:06:00,Montreal,user3562@example.com
3563,Rider_3563,2024-02-15 15:51:00,Toronto,user3563@example.com
3564,Rider_3564,2022-04-02 12:00:00,Montreal,user3564@example.com
3565,Rider_3565,2021-10-31 00:59:00,Ottawa,user3565@example.com
3566,Rider_3566,2023-03-19 21:02:00,Chicago,user3566@example.com
3567,Rider_3567,2024-05-04 05:46:00,Ottawa,user3567@example.com
3568,Rider_3568,2021-02-19 07:34:00,Calgary,user3568@example.com
3569,Rider_3569,2023-02-13 11:59:00,Chicago,user3569@example.com
3570,Rider_3570,2022-04-14 03:04:00,Toronto,user3570@example.com
3571,Rider_3571,2022-12-27 03:40:00,Calgary,user3571@example.com
3572,Rider_3572,2022-11-25 06:46:00,Chicago,user3572@example.com
3573,Rider_3573,2023-01-20 00:32:00,Toronto,user3573@example.com
3574,Rider_3574,2022-01-10 05:27:00,Calgary,user3574@example.com
3575,Rider_3575,2021-11-25 18:32:00,Boston,user3575@example.com
3576,Rider_3576,2024-03-16 03:17:00,Chicago,user3576@example.com
3577,Rider_3577,2021-06-13 20:11:00,Toronto,user3577@example.com
3578,Rider_3578,2024-01-17 21:39:00,Montreal,user3578@example.com
3579,Rider_3579,2021-09-06 22:00:00,New York,user3579@example.com
3580,Rider_3580,2022-08-19 17:32:00,Los Angeles,user3580@example.com
3581,Rider_3581,2021-12-09 08:12:00,San Francisco,user3581@example.com
3582,Rider_3582,2023-11-01 11:46:00,San Francisco,user3582@example.com
3583,Rider_3583,2023-11-08 17:49:00,Vancouver,user3583@example.com
3584,Rider_3584,2023-10-31 18:45:00,Toronto,user3584@example.com
3585,Rider_3585,2023-04-11 09:13:00,Chicago,user3585@example.com
3586,Rider_3586,2021-05-21 11:54:00,Vancouver,user3586@example.com
3587,Rider_3587,2021-12-14 16:06:00,Los Angeles,user3587@example.com
3588,Rider_3588,2024-04-05 11:07:00,Ottawa,user3588@example.com
3589,Rider_3589,2021-04-11 10:57:00,Ottawa,user3589@example.com
3590,Rider_3590,2022-08-09 15:57:00,Los Angeles,user3590@example.com
3591,Rider_3591,2023-10-13 19:53:00,Montreal,user3591@example.com
3592,Rider_3592,2022-11-10 19:08:00,Calgary,user3592@example.com
3593,Rider_3593,2021-12-14 06:34:00,Boston,user3593@example.com
3594,Rider_3594,2021-06-29 17:14:00,San Francisco,user3594@example.com
3595,Rider_3595,2021-05-17 04:57:00,San Francisco,user3595@example.com
3596,Rider_3596,2021-05-19 11:21:00,Toronto,user3596@example.com
3597,Rider_3597,2024-02-25 10:52:00,Los Angeles,user3597@example.com
3598,Rider_3598,2021-10-20 06:58:00,Ottawa,user3598@example.com
3599,Rider_3599,2023-06-09 20:59:00,Toronto,user3599@example.com
3600,Rider_3600,2021-07-17 22:28:00,Los Angeles,user3600@example.com
3601,Rider_3601,2022-08-14 14:42:00,Los Angeles,user3601@example.com
3602,Rider_3602,2024-02-19 18:17:00,Ottawa,user3602@example.com
3603,Rider_3603,2022-04-28 19:25:00,New York,user3603@example.com
3604,Rider_3604,2023-07-06 15:01:00,New York,user3604@example.com
3605,Rider_3605,2021-10-22 22:24:00,Calgary,user3605@example.com
3606,Rider_3606,2022-10-21 04:37:00,Montreal,user3606@example.com
3607,Rider_3607,2024-04-13 03:26:00,Los Angeles,user3607@example.com
3608,Rider_3608,2024-05-23 21:37:00,Los Angeles,user3608@example.com
3609,Rider_3609,2023-03-19 09:44:00,Chicago,user3609@example.com
3610,Rider_3610,2023-07-07 17:43:00,Ottawa,user3610@example.com
3611,Rider_3611,2021-06-15 13:48:00,Boston,user3611@example.com
3612,Rider_3612,2021-01-15 06:34:00,Montreal,user3612@example.com
3613,Rider_3613,2022-12-17 12:30:00,Calgary,user3613@example.com
3614,Rider_3614,2021-08-13 18:50:00,Los Angeles,user3614@example.com
3615,Rider_3615,2021-12-07 01:20:00,San Francisco,user3615@example.com
3616,Rider_3616,2023-11-23 07:31:00,Vancouver,user3616@example.com
3617,Rider_3617,2021-08-18 00:24:00,Vancouver,user3617@example.com
3618,Rider_3618,2022-03-17 05:39:00,Ottawa,user3618@example.com
3619,Rider_3619,2024-03-06 12:24:00,Chicago,user3619@example.com
3620,Rider_3620,2023-07-20 07:52:00,New York,user3620@example.com
3621,Rider_3621,2022-04-25 20:18:00,Los Angeles,user3621@example.com
3622,Rider_3622,2023-12-06 16:52:00,Calgary,user3622@example.com
3623,Rider_3623,2022-03-01 19:02:00,Toronto,user3623@example.com
3624,Rider_3624,2023-01-13 23:40:00,Ottawa,user3624@example.com
3625,Rider_3625,2023-02-08 23:53:00,Boston,user3625@example.com
3626,Rider_3626,2023-12-30 20:15:00,San Francisco,user3626@example.com
3627,Rider_3627,2021-04-02 08:41:00,Montreal,user3627@example.com
3628,Rider_3628,2021-08-26 05:09:00,Los Angeles,user3628@example.com
3629,Rider_3629,2024-02-13 03:28:00,Boston,user3629@example.com
3630,Rider_3630,2023-12-25 01:04:00,Boston,user3630@example.com
3631,Rider_3631,2024-04-20 12:49:00,New York,user3631@example.com
3632,Rider_3632,2023-01-28 07:29:00,Chicago,user3632@example.com
3633,Rider_3633,2022-04-10 15:19:00,Montreal,user3633@example.com
3634,Rider_3634,2021-02-03 12:01:00,Chicago,user3634@example.com
3635,Rider_3635,2022-09-02 09:27:00,Calgary,user3635@example.com
3636,Rider_3636,2022-10-19 05:36:00,Los Angeles,user3636@example.com
3637,Rider_3637,2022-06-26 01:49:00,Vancouver,user3637@example.com
3638,Rider_3638,2022-08-31 11:53:00,Montreal,user3638@example.com
3639,Rider_3639,2023-03-31 23:28:00,Toronto,user3639@example.com
3640,Rider_3640,2022-03-15 15:17:00,San Francisco,user3640@example.com
3641,Rider_3641,2023-12-26 03:13:00,Boston,user3641@example.com
3642,Rider_3642,2022-09-04 16:54:00,Calgary,user3642@example.com
3643,Rider_3643,2021-07-23 08:19:00,Toronto,user3643@example.com
3644,Rider_3644,2024-03-14 14:31:00,Los Angeles,user3644@example.com
3645,Rider_3645,2024-06-04 15:15:00,Ottawa,user3645@example.com
3646,Rider_3646,2024-01-08 07:20:00,New York,user3646@example.com
3647,Rider_3647,2022-12-12 18:02:00,San Francisco,user3647@example.com
3648,Rider_3648,2023-06-16 13:59:00,Chicago,user3648@example.com
3649,Rider_3649,2022-11-18 10:37:00,Chicago,user3649@example.com
3650,Rider_3650,2022-03-29 04:18:00,Vancouver,user3650@example.com
3651,Rider_3651,2021-11-22 20:39:00,Chicago,user3651@example.com
3652,Rider_3652,2024-06-03 12:39:00,Boston,user3652@example.com
3653,Rider_3653,2024-02-17 06:40:00,Boston,user3653@example.com
3654,Rider_3654,2022-07-17 16:45:00,New York,user3654@example.com
3655,Rider_3655,2021-06-08 08:53:00,Ottawa,user3655@example.com
3656,Rider_3656,2022-08-08 23:01:00,Chicago,user3656@example.com
3657,Rider_3657,2023-11-22 11:33:00,Montreal,user3657@example.com
3658,Rider_3658,2021-03-29 12:11:00,Chicago,user3658@example.com
3659,Rider_3659,2022-07-07 09:07:00,Toronto,user3659@example.com
3660,Rider_3660,2021-10-07 01:11:00,Vancouver,user3660@example.com
3661,Rider_3661,2021-07-02 07:00:00,New York,user3661@example.com
3662,Rider_3662,2023-10-07 21:24:00,Calgary,user3662@example.com
3663,Rider_3663,2023-07-11 19:16:00,Los Angeles,user3663@example.com
3664,Rider_3664,2021-08-19 19:01:00,Montreal,user3664@example.com
3665,Rider_3665,2022-01-16 14:17:00,Montreal,user3665@example.com
3666,Rider_3666,2021-07-04 13:16:00,New York,user3666@example.com
3667,Rider_3667,2022-09-09 03:59:00,Boston,user3667@example.com
3668,Rider_3668,2022-04-16 05:05:00,Vancouver,user3668@example.com
3669,Rider_3669,2021-09-25 22:46:00,Ottawa,user3669@example.com
3670,Rider_3670,2024-04-20 05:46:00,Montreal,user3670@example.com
3671,Rider_3671,2024-04-23 03:54:00,Toronto,user3671@example.com
3672,Rider_3672,2023-10-08 05:20:00,Vancouver,user3672@example.com
3673,Rider_3673,2022-03-04 12:47:00,Montreal,user3673@example.com
3674,Rider_3674,2022-07-25 14:47:00,Vancouver,user3674@example.com
3675,Rider_3675,2021-07-06 09:56:00,New York,user3675@example.com
3676,Rider_3676,2021-05-09 08:55:00,Toronto,user3676@example.com
3677,Rider_3677,2023-01-30 23:23:00,Toronto,user3677@example.com
3678,Rider_3678,2021-12-16 10:11:00,Calgary,user3678@example.com
3679,Rider_3679,2023-07-01 15:22:00,New York,user3679@example.com
3680,Rider_3680,2023-06-09 13:12:00,Ottawa,user3680@example.com
3681,Rider_3681,2022-03-02 05:12:00,Vancouver,user3681@example.com
3682,Rider_3682,2024-05-18 23:16:00,Toronto,user3682@example.com
3683,Rider_3683,2021-10-09 07:46:00,Ottawa,user3683@example.com
3684,Rider_3684,2023-01-23 03:57:00,Montreal,user3684@example.com
3685,Rider_3685,2022-04-09 11:47:00,Montreal,user3685@example.com
3686,Rider_3686,2021-07-14 13:09:00,Ottawa,user3686@example.com
3687,Rider_3687,2022-05-21 05:24:00,Toronto,user3687@example.com
3688,Rider_3688,2024-01-14 19:12:00,Toronto,user3688@example.com
3689,Rider_3689,2021-10-15 05:11:00,Calgary,user3689@example.com
3690,Rider_3690,2023-12-25 13:33:00,Montreal,user3690@example.com
3691,Rider_3691,2022-09-04 17:47:00,New York,user3691@example.com
3692,Rider_3692,2023-04-14 07:04:00,Calgary,user3692@example.com
3693,Rider_3693,2023-01-29 22:57:00,Calgary,user3693@example.com
3694,Rider_3694,2023-03-18 02:02:00,Toronto,user3694@example.com
3695,Rider_3695,2023-04-18 06:41:00,Ottawa,user3695@example.com
3696,Rider_3696,2024-03-16 12:49:00,Toronto,user3696@example.com
3697,Rider_3697,2023-10-21 01:43:00,Boston,user3697@example.com
3698,Rider_3698,2021-10-08 15:38:00,Toronto,user3698@example.com
3699,Rider_3699,2023-12-16 23:31:00,Ottawa,user3699@example.com
3700,Rider_3700,2021-01-09 06:29:00,Chicago,user3700@example.com
3701,Rider_3701,2022-11-26 18:03:00,Calgary,user3701@example.com
3702,Rider_3702,2021-07-11 03:27:00,Los Angeles,user3702@example.com
3703,Rider_3703,2021-07-20 02:36:00,New York,user3703@example.com
3704,Rider_3704,2021-11-17 08:48:00,Ottawa,user3704@example.com
3705,Rider_3705,2021-05-17 10:12:00,Chicago,user3705@example.com
3706,Rider_3706,2022-02-03 20:43:00,Calgary,user3706@example.com
3707,Rider_3707,2021-05-12 10:30:00,New York,user3707@example.com
3708,Rider_3708,2023-02-26 06:34:00,Toronto,user3708@example.com
3709,Rider_3709,2022-07-19 18:29:00,San Francisco,user3709@example.com
3710,Rider_3710,2021-09-24 13:49:00,Calgary,user3710@example.com
3711,Rider_3711,2023-10-20 09:57:00,Montreal,user3711@example.com
3712,Rider_3712,2022-01-21 18:40:00,New York,user3712@example.com
3713,Rider_3713,2021-03-13 17:12:00,San Francisco,user3713@example.com
3714,Rider_3714,2024-05-01 00:58:00,Calgary,user3714@example.com
3715,Rider_3715,2023-10-21 23:10:00,San Francisco,user3715@example.com
3716,Rider_3716,2022-11-23 03:49:00,Calgary,user3716@example.com
3717,Rider_3717,2023-06-16 10:47:00,Chicago,user3717@example.com
3718,Rider_3718,2023-12-16 19:15:00,Vancouver,user3718@example.com
3719,Rider_3719,2023-03-23 22:24:00,Los Angeles,user3719@example.com
3720,Rider_3720,2023-07-31 15:44:00,Los Angeles,user3720@example.com
3721,Rider_3721,2023-03-05 04:11:00,Calgary,user3721@example.com
3722,Rider_3722,2023-12-05 15:54:00,Boston,user3722@example.com
3723,Rider_3723,2023-10-27 08:09:00,Toronto,user3723@example.com
3724,Rider_3724,2022-01-04 07:44:00,New York,user3724@example.com
3725,Rider_3725,2021-10-20 03:53:00,New York,user3725@example.com
3726,Rider_3726,2022-04-11 13:58:00,Chicago,user3726@example.com
3727,Rider_3727,2021-07-28 11:38:00,Boston,user3727@example.com
3728,Rider_3728,2023-05-08 14:41:00,Ottawa,user3728@example.com
3729,Rider_3729,2023-07-09 07:16:00,Boston,user3729@example.com
3730,Rider_3730,2022-03-07 22:03:00,Los Angeles,user3730@example.com
3731,Rider_3731,2024-02-07 14:58:00,Chicago,user3731@example.com
3732,Rider_3732,2022-10-18 13:51:00,Ottawa,user3732@example.com
3733,Rider_3733,2023-05-05 03:50:00,Toronto,user3733@example.com
3734,Rider_3734,2022-02-09 22:38:00,San Francisco,user3734@example.com
3735,Rider_3735,2023-10-07 09:08:00,Montreal,user3735@example.com
3736,Rider_3736,2022-09-14 11:17:00,Chicago,user3736@example.com
3737,Rider_3737,2021-05-10 07:56:00,Vancouver,user3737@example.com
3738,Rider_3738,2023-11-17 22:42:00,San Francisco,user3738@example.com
3739,Rider_3739,2023-12-15 21:24:00,Montreal,user3739@example.com
3740,Rider_3740,2023-04-13 11:57:00,Chicago,user3740@example.com
3741,Rider_3741,2021-04-20 14:35:00,Boston,user3741@example.com
3742,Rider_3742,2023-09-11 12:25:00,San Francisco,user3742@example.com
3743,Rider_3743,2024-01-15 20:26:00,Boston,user3743@example.com
3744,Rider_3744,2023-05-26 14:06:00,Los Angeles,user3744@example.com
3745,Rider_3745,2023-07-29 17:58:00,Calgary,user3745@example.com
3746,Rider_3746,2022-10-14 23:02:00,Chicago,user3746@example.com
3747,Rider_3747,2022-05-07 10:46:00,Chicago,user3747@example.com
3748,Rider_3748,2022-08-12 15:58:00,Montreal,user3748@example.com
3749,Rider_3749,2023-07-27 16:06:00,New York,user3749@example.com
3750,Rider_3750,2021-05-01 10:19:00,Boston,user3750@example.com
3751,Rider_3751,2021-07-13 14:12:00,San Francisco,user3751@example.com
3752,Rider_3752,2021-06-20 20:43:00,Calgary,user3752@example.com
3753,Rider_3753,2022-09-24 21:54:00,Calgary,user3753@example.com
3754,Rider_3754,2022-05-27 15:20:00,Toronto,user3754@example.com
3755,Rider_3755,2022-07-18 14:53:00,Toronto,user3755@example.com
3756,Rider_3756,2024-04-23 16:35:00,Los Angeles,user3756@example.com
3757,Rider_3757,2021-08-16 07:33:00,San Francisco,user3757@example.com
3758,Rider_3758,2022-03-02 02:17:00,Boston,user3758@example.com
3759,Rider_3759,2021-06-02 03:43:00,New York,user3759@example.com
3760,Rider_3760,2021-12-12 05:10:00,Montreal,user3760@example.com
3761,Rider_3761,2021-06-13 02:47:00,Montreal,user3761@example.com
3762,Rider_3762,2021-09-30 23:44:00,Toronto,user3762@example.com
3763,Rider_3763,2024-02-06 10:00:00,Calgary,user3763@example.com
3764,Rider_3764,2023-07-04 17:03:00,San Francisco,user3764@example.com
3765,Rider_3765,2021-05-29 10:00:00,Vancouver,user3765@example.com
3766,Rider_3766,2022-06-26 23:56:00,Calgary,user3766@example.com
3767,Rider_3767,2022-03-15 01:35:00,Ottawa,user3767@example.com
3768,Rider_3768,2022-02-26 01:37:00,Calgary,user3768@example.com
3769,Rider_3769,2021-06-03 21:27:00,Ottawa,user3769@example.com
3770,Rider_3770,2021-09-23 05:55:00,New York,user3770@example.com
3771,Rider_3771,2024-03-13 23:51:00,Los Angeles,user3771@example.com
3772,Rider_3772,2021-10-08 15:57:00,Montreal,user3772@example.com
3773,Rider_3773,2024-06-06 05:01:00,Los Angeles,user3773@example.com
3774,Rider_3774,2023-05-07 23:48:00,Calgary,user3774@example.com
3775,Rider_3775,2022-09-18 11:55:00,Ottawa,user3775@example.com
3776,Rider_3776,2023-07-10 02:55:00,Vancouver,user3776@example.com
3777,Rider_3777,2022-02-07 10:29:00,Chicago,user3777@example.com
3778,Rider_3778,2023-12-03 16:28:00,New York,user3778@example.com
3779,Rider_3779,2024-01-13 22:52:00,Calgary,user3779@example.com
3780,Rider_3780,2023-10-19 11:43:00,Chicago,user3780@example.com
3781,Rider_3781,2021-08-10 15:07:00,Chicago,user3781@example.com
3782,Rider_3782,2023-06-01 16:11:00,Montreal,user3782@example.com
3783,Rider_3783,2021-03-24 02:56:00,San Francisco,user3783@example.com
3784,Rider_3784,2024-01-05 01:36:00,Los Angeles,user3784@example.com
3785,Rider_3785,2023-11-20 13:41:00,Boston,user3785@example.com
3786,Rider_3786,2022-10-12 17:15:00,Ottawa,user3786@example.com
3787,Rider_3787,2021-10-12 10:37:00,Vancouver,user3787@example.com
3788,Rider_3788,2022-07-04 22:07:00,Vancouver,user3788@example.com
3789,Rider_3789,2023-02-20 04:27:00,Vancouver,user3789@example.com
3790,Rider_3790,2022-03-05 11:25:00,San Francisco,user3790@example.com
3791,Rider_3791,2023-03-20 17:10:00,Montreal,user3791@example.com
3792,Rider_3792,2022-04-20 02:12:00,Boston,user3792@example.com
3793,Rider_3793,2022-04-20 19:53:00,Toronto,user3793@example.com
3794,Rider_3794,2024-04-12 01:14:00,Montreal,user3794@example.com
3795,Rider_3795,2021-05-21 00:41:00,Los Angeles,user3795@example.com
3796,Rider_3796,2021-04-30 03:19:00,Toronto,user3796@example.com
3797,Rider_3797,2021-05-26 10:54:00,Boston,user3797@example.com
3798,Rider_3798,2023-06-13 17:21:00,Chicago,user3798@example.com
3799,Rider_3799,2021-05-12 09:33:00,New York,user3799@example.com
3800,Rider_3800,2023-05-11 20:34:00,San Francisco,user3800@example.com
3801,Rider_3801,2024-06-09 17:21:00,Vancouver,user3801@example.com
3802,Rider_3802,2022-10-21 15:15:00,New York,user3802@example.com
3803,Rider_3803,2024-02-10 06:06:00,Calgary,user3803@example.com
3804,Rider_3804,2023-01-16 02:52:00,Chicago,user3804@example.com
3805,Rider_3805,2023-03-12 01:01:00,Vancouver,user3805@example.com
3806,Rider_3806,2023-12-21 02:55:00,Calgary,user3806@example.com
3807,Rider_3807,2022-09-22 21:04:00,Toronto,user3807@example.com
3808,Rider_3808,2023-08-16 08:49:00,New York,user3808@example.com
3809,Rider_3809,2024-03-04 17:48:00,Boston,user3809@example.com
3810,Rider_3810,2024-01-15 09:49:00,New York,user3810@example.com
3811,Rider_3811,2023-12-28 10:31:00,Montreal,user3811@example.com
3812,Rider_3812,2024-03-10 13:38:00,Calgary,user3812@example.com
3813,Rider_3813,2022-01-15 09:24:00,Los Angeles,user3813@example.com
3814,Rider_3814,2023-11-29 16:16:00,Calgary,user3814@example.com
3815,Rider_3815,2021-03-07 19:08:00,Ottawa,user3815@example.com
3816,Rider_3816,2022-11-28 22:57:00,Ottawa,user3816@example.com
3817,Rider_3817,2023-11-14 20:00:00,Chicago,user3817@example.com
3818,Rider_3818,2021-12-16 15:09:00,Calgary,user3818@example.com
3819,Rider_3819,2021-04-27 16:45:00,Chicago,user3819@example.com
3820,Rider_3820,2021-07-27 02:29:00,Los Angeles,user3820@example.com
3821,Rider_3821,2022-07-03 19:39:00,Calgary,user3821@example.com
3822,Rider_3822,2022-10-19 16:13:00,New York,user3822@example.com
3823,Rider_3823,2022-08-12 21:40:00,Vancouver,user3823@example.com
3824,Rider_3824,2022-08-03 21:01:00,Chicago,user3824@example.com
3825,Rider_3825,2022-06-10 00:00:00,Toronto,user3825@example.com
3826,Rider_3826,2023-04-18 11:50:00,Boston,user3826@example.com
3827,Rider_3827,2022-03-27 14:23:00,Toronto,user3827@example.com
3828,Rider_3828,2023-01-21 12:11:00,San Francisco,user3828@example.com
3829,Rider_3829,2022-02-16 06:37:00,San Francisco,user3829@example.com
3830,Rider_3830,2021-01-04 11:18:00,Boston,user3830@example.com
3831,Rider_3831,2022-09-04 11:16:00,Ottawa,user3831@example.com
3832,Rider_3832,2022-04-19 12:30:00,Boston,user3832@example.com
3833,Rider_3833,2021-02-25 00:53:00,Calgary,user3833@example.com
3834,Rider_3834,2023-08-18 15:20:00,Vancouver,user3834@example.com
3835,Rider_3835,2021-03-31 07:38:00,Vancouver,user3835@example.com
3836,Rider_3836,2021-01-10 03:38:00,Los Angeles,user3836@example.com
3837,Rider_3837,2022-12-17 03:14:00,Ottawa,user3837@example.com
3838,Rider_3838,2022-04-09 11:19:00,Los Angeles,user3838@example.com
3839,Rider_3839,2021-06-16 11:21:00,Los Angeles,user3839@example.com
3840,Rider_3840,2022-06-28 06:34:00,New York,user3840@example.com
3841,Rider_3841,2022-09-17 14:11:00,Chicago,user3841@example.com
3842,Rider_3842,2021-01-14 18:27:00,Los Angeles,user3842@example.com
3843,Rider_3843,2022-11-01 05:31:00,Toronto,user3843@example.com
3844,Rider_3844,2021-11-03 20:59:00,Vancouver,user3844@example.com
3845,Rider_3845,2023-04-02 22:08:00,Toronto,user3845@example.com
3846,Rider_3846,2021-08-27 18:44:00,Calgary,user3846@example.com
3847,Rider_3847,2021-07-12 09:11:00,Montreal,user3847@example.com
3848,Rider_3848,2021-01-11 17:38:00,Vancouver,user3848@example.com
3849,Rider_3849,2024-04-10 07:05:00,Chicago,user3849@example.com
3850,Rider_3850,2021-12-18 05:26:00,San Francisco,user3850@example.com
3851,Rider_3851,2022-09-07 04:02:00,Vancouver,user3851@example.com
3852,Rider_3852,2022-04-10 22:09:00,Los Angeles,user3852@example.com
3853,Rider_3853,2022-10-28 09:43:00,Los Angeles,user3853@example.com
3854,Rider_3854,2023-04-14 07:27:00,Chicago,user3854@example.com
3855,Rider_3855,2021-06-18 20:26:00,San Francisco,user3855@example.com
3856,Rider_3856,2023-10-17 11:52:00,Vancouver,user3856@example.com
3857,Rider_3857,2021-09-09 09:37:00,Vancouver,user3857@example.com
3858,Rider_3858,2022-07-04 12:18:00,Chicago,user3858@example.com
3859,Rider_3859,2021-01-10 00:37:00,Montreal,user3859@example.com
3860,Rider_3860,2024-01-07 17:37:00,Los Angeles,user3860@example.com
3861,Rider_3861,2021-06-21 21:54:00,Boston,user3861@example.com
3862,Rider_3862,2022-03-19 13:49:00,Boston,user3862@example.com
3863,Rider_3863,2021-07-27 15:57:00,New York,user3863@example.com
3864,Rider_3864,2022-10-17 02:05:00,Montreal,user3864@example.com
3865,Rider_3865,2021-02-19 02:22:00,Los Angeles,user3865@example.com
3866,Rider_3866,2023-11-01 21:54:00,Chicago,user3866@example.com
3867,Rider_3867,2023-01-15 13:24:00,Boston,user3867@example.com
3868,Rider_3868,2021-07-04 12:53:00,San Francisco,user3868@example.com
3869,Rider_3869,2023-01-30 17:46:00,Montreal,user3869@example.com
3870,Rider_3870,2023-02-09 20:05:00,Calgary,user3870@example.com
3871,Rider_3871,2022-05-20 16:41:00,Chicago,user3871@example.com
3872,Rider_3872,2023-02-19 14:38:00,Montreal,user3872@example.com
3873,Rider_3873,2021-07-24 03:36:00,Montreal,user3873@example.com
3874,Rider_3874,2021-06-17 14:02:00,Toronto,user3874@example.com
3875,Rider_3875,2021-07-15 22:13:00,New York,user3875@example.com
3876,Rider_3876,2022-06-19 13:44:00,Chicago,user3876@example.com
3877,Rider_3877,2021-01-22 04:52:00,Calgary,user3877@example.com
3878,Rider_3878,2021-03-22 20:11:00,Boston,user3878@example.com
3879,Rider_3879,2022-10-30 11:04:00,Los Angeles,user3879@example.com
3880,Rider_3880,2024-02-20 13:26:00,Ottawa,user3880@example.com
3881,Rider_3881,2022-11-06 16:56:00,New York,user3881@example.com
3882,Rider_3882,2022-03-26 16:05:00,Vancouver,user3882@example.com
3883,Rider_3883,2023-01-25 20:45:00,San Francisco,user3883@example.com
3884,Rider_3884,2024-03-28 00:24:00,Toronto,user3884@example.com
3885,Rider_3885,2022-01-20 20:41:00,Montreal,user3885@example.com
3886,Rider_3886,2021-08-25 21:27:00,Ottawa,user3886@example.com
3887,Rider_3887,2021-10-18 06:39:00,Calgary,user3887@example.com
3888,Rider_3888,2022-03-13 17:36:00,Boston,user3888@example.com
3889,Rider_3889,2022-02-14 09:08:00,Toronto,user3889@example.com
3890,Rider_3890,2023-11-02 02:35:00,Boston,user3890@example.com
3891,Rider_3891,2021-11-05 05:21:00,Montreal,user3891@example.com
3892,Rider_3892,2024-01-03 10:46:00,Vancouver,user3892@example.com
3893,Rider_3893,2023-12-26 04:34:00,Toronto,user3893@example.com
3894,Rider_3894,2023-08-08 07:28:00,Calgary,user3894@example.com
3895,Rider_3895,2021-10-21 02:05:00,Chicago,user3895@example.com
3896,Rider_3896,2023-09-04 23:23:00,Ottawa,user3896@example.com
3897,Rider_3897,2021-12-23 08:03:00,Chicago,user3897@example.com
3898,Rider_3898,2021-07-25 12:20:00,Toronto,user3898@example.com
3899,Rider_3899,2021-03-01 14:24:00,Montreal,user3899@example.com
3900,Rider_3900,2021-10-26 12:53:00,San Francisco,user3900@example.com
3901,Rider_3901,2022-10-25 05:43:00,Chicago,user3901@example.com
3902,Rider_3902,2023-08-16 15:34:00,New York,user3902@example.com
3903,Rider_3903,2021-05-22 06:19:00,Boston,user3903@example.com
3904,Rider_3904,2022-08-14 20:34:00,New York,user3904@example.com
3905,Rider_3905,2023-03-27 12:20:00,Montreal,user3905@example.com
3906,Rider_3906,2023-12-24 15:48:00,San Francisco,user3906@example.com
3907,Rider_3907,2021-12-11 12:22:00,Boston,user3907@example.com
3908,Rider_3908,2022-10-24 21:15:00,Los Angeles,user3908@example.com
3909,Rider_3909,2021-04-06 07:17:00,Vancouver,user3909@example.com
3910,Rider_3910,2022-10-26 10:25:00,Calgary,user3910@example.com
3911,Rider_3911,2022-04-18 16:45:00,New York,user3911@example.com
3912,Rider_3912,2022-02-23 06:13:00,Toronto,user3912@example.com
3913,Rider_3913,2022-03-12 19:53:00,Los Angeles,user3913@example.com
3914,Rider_3914,2024-01-11 09:50:00,Los Angeles,user3914@example.com
3915,Rider_3915,2022-01-19 15:39:00,Montreal,user3915@example.com
3916,Rider_3916,2021-03-15 21:01:00,Los Angeles,user3916@example.com
3917,Rider_3917,2021-03-05 12:27:00,Chicago,user3917@example.com
3918,Rider_3918,2021-03-22 23:34:00,New York,user3918@example.com
3919,Rider_3919,2021-11-26 07:05:00,Los Angeles,user3919@example.com
3920,Rider_3920,2023-01-04 07:36:00,San Francisco,user3920@example.com
3921,Rider_3921,2023-08-01 04:46:00,San Francisco,user3921@example.com
3922,Rider_3922,2022-11-01 09:23:00,Toronto,user3922@example.com
3923,Rider_3923,2022-01-27 21:02:00,Chicago,user3923@example.com
3924,Rider_3924,2022-07-19 19:17:00,Vancouver,user3924@example.com
3925,Rider_3925,2022-04-18 19:14:00,Los Angeles,user3925@example.com
3926,Rider_3926,2021-05-31 12:13:00,Toronto,user3926@example.com
3927,Rider_3927,2023-11-27 22:39:00,New York,user3927@example.com
3928,Rider_3928,2024-04-11 20:57:00,Calgary,user3928@example.com
3929,Rider_3929,2022-05-30 12:28:00,Chicago,user3929@example.com
3930,Rider_3930,2024-02-26 13:22:00,Los Angeles,user3930@example.com
3931,Rider_3931,2024-02-29 02:30:00,Los Angeles,user3931@example.com
3932,Rider_3932,2023-04-02 13:24:00,Ottawa,user3932@example.com
3933,Rider_3933,2022-08-01 05:57:00,Ottawa,user3933@example.com
3934,Rider_3934,2023-10-08 03:00:00,Boston,user3934@example.com
3935,Rider_3935,2021-11-23 06:36:00,San Francisco,user3935@example.com
3936,Rider_3936,2022-08-20 14:23:00,Ottawa,user3936@example.com
3937,Rider_3937,2021-06-15 05:35:00,Toronto,user3937@example.com
3938,Rider_3938,2023-09-05 23:38:00,Chicago,user3938@example.com
3939,Rider_3939,2021-07-06 23:08:00,Ottawa,user3939@example.com
3940,Rider_3940,2023-07-01 04:35:00,New York,user3940@example.com
3941,Rider_3941,2021-10-27 16:51:00,Boston,user3941@example.com
3942,Rider_3942,2021-06-03 05:28:00,Vancouver,user3942@example.com
3943,Rider_3943,2023-04-30 01:56:00,Toronto,user3943@example.com
3944,Rider_3944,2022-06-17 16:09:00,Ottawa,user3944@example.com
3945,Rider_3945,2024-02-01 19:01:00,San Francisco,user3945@example.com
3946,Rider_3946,2024-03-28 03:41:00,Vancouver,user3946@example.com
3947,Rider_3947,2023-04-09 20:28:00,Boston,user3947@example.com
3948,Rider_3948,2021-03-10 01:23:00,Chicago,user3948@example.com
3949,Rider_3949,2021-10-25 19:20:00,Chicago,user3949@example.com
3950,Rider_3950,2023-05-06 03:57:00,Montreal,user3950@example.com
3951,Rider_3951,2024-03-25 14:48:00,San Francisco,user3951@example.com
3952,Rider_3952,2022-06-24 13:45:00,Calgary,user3952@example.com
3953,Rider_3953,2022-11-28 16:37:00,Los Angeles,user3953@example.com
3954,Rider_3954,2022-11-09 11:56:00,Toronto,user3954@example.com
3955,Rider_3955,2023-01-21 00:51:00,Toronto,user3955@example.com
3956,Rider_3956,2023-03-25 15:17:00,Montreal,user3956@example.com
3957,Rider_3957,2024-05-13 14:20:00,Calgary,user3957@example.com
3958,Rider_3958,2021-09-17 07:47:00,New York,user3958@example.com
3959,Rider_3959,2022-03-02 21:00:00,Ottawa,user3959@example.com
3960,Rider_3960,2022-03-26 23:10:00,Chicago,user3960@example.com
3961,Rider_3961,2023-05-30 12:31:00,New York,user3961@example.com
3962,Rider_3962,2024-05-19 01:01:00,New York,user3962@example.com
3963,Rider_3963,2024-02-25 15:51:00,Boston,user3963@example.com
3964,Rider_3964,2023-02-08 23:54:00,Montreal,user3964@example.com
3965,Rider_3965,2023-03-09 16:12:00,Calgary,user3965@example.com
3966,Rider_3966,2021-09-15 02:57:00,Toronto,user3966@example.com
3967,Rider_3967,2024-03-12 05:09:00,Vancouver,user3967@example.com
3968,Rider_3968,2022-08-20 18:09:00,Calgary,user3968@example.com
3969,Rider_3969,2024-04-25 17:06:00,Calgary,user3969@example.com
3970,Rider_3970,2022-09-15 16:43:00,Montreal,user3970@example.com
3971,Rider_3971,2022-02-26 18:02:00,Ottawa,user3971@example.com
3972,Rider_3972,2021-10-13 22:29:00,Boston,user3972@example.com
3973,Rider_3973,2021-09-06 13:20:00,New York,user3973@example.com
3974,Rider_3974,2021-12-05 08:27:00,Ottawa,user3974@example.com
3975,Rider_3975,2023-12-19 07:40:00,Ottawa,user3975@example.com
3976,Rider_3976,2024-05-13 05:27:00,New York,user3976@example.com
3977,Rider_3977,2022-12-09 12:04:00,Calgary,user3977@example.com
3978,Rider_3978,2024-01-05 10:58:00,Calgary,user3978@example.com
3979,Rider_3979,2022-02-07 02:03:00,Calgary,user3979@example.com
3980,Rider_3980,2021-12-09 06:44:00,San Francisco,user3980@example.com
3981,Rider_3981,2024-01-06 05:38:00,San Francisco,user3981@example.com
3982,Rider_3982,2023-05-08 17:40:00,San Francisco,user3982@example.com
3983,Rider_3983,2021-09-23 19:24:00,Toronto,user3983@example.com
3984,Rider_3984,2021-03-12 20:33:00,Boston,user3984@example.com
3985,Rider_3985,2022-01-06 01:21:00,Calgary,user3985@example.com
3986,Rider_3986,2021-03-02 17:24:00,San Francisco,user3986@example.com
3987,Rider_3987,2022-03-08 11:30:00,Chicago,user3987@example.com
3988,Rider_3988,2022-02-25 02:32:00,Chicago,user3988@example.com
3989,Rider_3989,2023-09-25 22:53:00,New York,user3989@example.com
3990,Rider_3990,2021-11-23 04:20:00,Boston,user3990@example.com
3991,Rider_3991,2021-06-30 11:41:00,Calgary,user3991@example.com
3992,Rider_3992,2023-10-05 15:15:00,New York,user3992@example.com
3993,Rider_3993,2023-09-10 20:07:00,Los Angeles,user3993@example.com
3994,Rider_3994,2022-07-28 09:25:00,Ottawa,user3994@example.com
3995,Rider_3995,2021-05-10 07:38:00,Los Angeles,user3995@example.com
3996,Rider_3996,2022-02-15 04:03:00,Calgary,user3996@example.com
3997,Rider_3997,2022-09-27 08:07:00,Chicago,user3997@example.com
3998,Rider_3998,2022-04-04 02:29:00,Ottawa,user3998@example.com
3999,Rider_3999,2021-03-30 22:56:00,Los Angeles,user3999@example.com
4000,Rider_4000,2022-07-07 05:22:00,New York,user4000@example.com
4001,Rider_4001,2024-02-09 18:08:00,Boston,user4001@example.com
4002,Rider_4002,2021-10-02 13:10:00,San Francisco,user4002@example.com
4003,Rider_4003,2021-01-25 07:02:00,San Francisco,user4003@example.com
4004,Rider_4004,2023-10-19 02:34:00,Calgary,user4004@example.com
4005,Rider_4005,2021-06-15 08:28:00,Ottawa,user4005@example.com
4006,Rider_4006,2023-10-13 16:21:00,Montreal,user4006@example.com
4007,Rider_4007,2023-08-31 19:31:00,San Francisco,user4007@example.com
4008,Rider_4008,2023-05-06 18:12:00,Ottawa,user4008@example.com
4009,Rider_4009,2022-11-18 21:50:00,Boston,user4009@example.com
4010,Rider_4010,2022-05-19 17:24:00,Boston,user4010@example.com
4011,Rider_4011,2021-11-13 18:38:00,San Francisco,user4011@example.com
4012,Rider_4012,2023-09-06 08:40:00,Ottawa,user4012@example.com
4013,Rider_4013,2021-08-30 18:44:00,Montreal,user4013@example.com
4014,Rider_4014,2021-12-26 23:15:00,Vancouver,user4014@example.com
4015,Rider_4015,2022-07-27 15:53:00,Montreal,user4015@example.com
4016,Rider_4016,2023-01-15 02:40:00,Chicago,user4016@example.com
4017,Rider_4017,2023-02-10 10:46:00,Toronto,user4017@example.com
4018,Rider_4018,2022-12-15 15:18:00,Chicago,user4018@example.com
4019,Rider_4019,2021-10-01 13:52:00,Chicago,user4019@example.com
4020,Rider_4020,2023-06-04 22:23:00,Boston,user4020@example.com
4021,Rider_4021,2024-02-08 04:59:00,Vancouver,user4021@example.com
4022,Rider_4022,2023-10-03 22:56:00,Chicago,user4022@example.com
4023,Rider_4023,2021-02-02 16:42:00,San Francisco,user4023@example.com
4024,Rider_4024,2021-09-11 02:02:00,San Francisco,user4024@example.com
4025,Rider_4025,2022-09-05 08:44:00,Chicago,user4025@example.com
4026,Rider_4026,2021-10-19 19:28:00,Ottawa,user4026@example.com
4027,Rider_4027,2021-08-11 22:54:00,Toronto,user4027@example.com
4028,Rider_4028,2022-10-25 09:09:00,Toronto,user4028@example.com
4029,Rider_4029,2022-12-08 20:31:00,Boston,user4029@example.com
4030,Rider_4030,2021-06-05 16:59:00,Montreal,user4030@example.com
4031,Rider_4031,2021-08-02 06:35:00,Calgary,user4031@example.com
4032,Rider_4032,2023-07-27 04:24:00,New York,user4032@example.com
4033,Rider_4033,2022-08-11 00:12:00,Toronto,user4033@example.com
4034,Rider_4034,2021-02-02 04:20:00,Montreal,user4034@example.com
4035,Rider_4035,2021-01-22 01:15:00,Toronto,user4035@example.com
4036,Rider_4036,2021-07-25 07:59:00,New York,user4036@example.com
4037,Rider_4037,2024-04-11 08:03:00,Boston,user4037@example.com
4038,Rider_4038,2022-02-20 18:57:00,Toronto,user4038@example.com
4039,Rider_4039,2023-09-02 14:35:00,Chicago,user4039@example.com
4040,Rider_4040,2021-01-21 23:12:00,Ottawa,user4040@example.com
4041,Rider_4041,2024-05-14 19:15:00,New York,user4041@example.com
4042,Rider_4042,2023-04-23 13:01:00,Toronto,user4042@example.com
4043,Rider_4043,2024-01-04 23:51:00,Los Angeles,user4043@example.com
4044,Rider_4044,2021-11-11 07:05:00,Toronto,user4044@example.com
4045,Rider_4045,2023-01-17 07:33:00,Chicago,user4045@example.com
4046,Rider_4046,2022-11-22 05:40:00,Ottawa,user4046@example.com
4047,Rider_4047,2022-04-23 12:08:00,Chicago,user4047@example.com
4048,Rider_4048,2023-01-14 22:59:00,Los Angeles,user4048@example.com
4049,Rider_4049,2022-01-14 17:51:00,Chicago,user4049@example.com
4050,Rider_4050,2023-04-25 08:08:00,New York,user4050@example.com
4051,Rider_4051,2023-09-02 18:22:00,San Francisco,user4051@example.com
4052,Rider_4052,2021-07-11 04:35:00,Calgary,user4052@example.com
4053,Rider_4053,2021-03-11 04:02:00,New York,user4053@example.com
4054,Rider_4054,2023-04-27 01:43:00,Toronto,user4054@example.com
4055,Rider_4055,2021-06-09 07:56:00,San Francisco,user4055@example.com
4056,Rider_4056,2022-10-08 02:56:00,Calgary,user4056@example.com
4057,Rider_4057,2021-01-02 21:07:00,Chicago,user4057@example.com
4058,Rider_4058,2021-02-07 06:49:00,Boston,user4058@example.com
4059,Rider_4059,2022-10-26 12:45:00,Boston,user4059@example.com
4060,Rider_4060,2021-08-17 22:35:00,Montreal,user4060@example.com
4061,Rider_4061,2023-10-16 01:45:00,Los Angeles,user4061@example.com
4062,Rider_4062,2021-12-17 21:34:00,San Francisco,user4062@example.com
4063,Rider_4063,2023-12-03 20:30:00,Montreal,user4063@example.com
4064,Rider_4064,2023-02-04 00:24:00,Toronto,user4064@example.com
4065,Rider_4065,2021-06-21 02:09:00,Chicago,user4065@example.com
4066,Rider_4066,2021-06-08 01:00:00,Boston,user4066@example.com
4067,Rider_4067,2022-07-10 01:24:00,San Francisco,user4067@example.com
4068,Rider_4068,2023-08-15 10:50:00,Toronto,user4068@example.com
4069,Rider_4069,2021-07-03 20:26:00,Los Angeles,user4069@example.com
4070,Rider_4070,2021-05-12 17:44:00,Los Angeles,user4070@example.com
4071,Rider_4071,2023-07-29 01:37:00,New York,user4071@example.com
4072,Rider_4072,2021-10-04 14:50:00,Chicago,user4072@example.com
4073,Rider_4073,2023-04-05 01:45:00,Montreal,user4073@example.com
4074,Rider_4074,2023-07-21 11:08:00,Los Angeles,user4074@example.com
4075,Rider_4075,2023-11-22 11:06:00,Chicago,user4075@example.com
4076,Rider_4076,2021-08-22 08:36:00,Montreal,user4076@example.com
4077,Rider_4077,2023-08-29 12:40:00,San Francisco,user4077@example.com
4078,Rider_4078,2022-06-26 04:45:00,San Francisco,user4078@example.com
4079,Rider_4079,2022-02-26 03:05:00,Toronto,user4079@example.com
4080,Rider_4080,2023-10-25 23:08:00,Vancouver,user4080@example.com
4081,Rider_4081,2022-02-17 06:51:00,Los Angeles,user4081@example.com
4082,Rider_4082,2024-05-10 10:41:00,Toronto,user4082@example.com
4083,Rider_4083,2021-08-19 21:48:00,New York,user4083@example.com
4084,Rider_4084,2022-05-13 12:00:00,Chicago,user4084@example.com
4085,Rider_4085,2022-08-30 18:36:00,Chicago,user4085@example.com
4086,Rider_4086,2024-01-26 13:38:00,Vancouver,user4086@example.com
4087,Rider_4087,2021-04-15 13:38:00,Vancouver,user4087@example.com
4088,Rider_4088,2023-06-17 15:32:00,Toronto,user4088@example.com
4089,Rider_4089,2024-02-03 21:37:00,Montreal,user4089@example.com
4090,Rider_4090,2021-08-13 17:36:00,San Francisco,user4090@example.com
4091,Rider_4091,2022-05-17 20:18:00,Toronto,user4091@example.com
4092,Rider_4092,2021-10-10 12:41:00,Chicago,user4092@example.com
4093,Rider_4093,2022-07-02 18:12:00,Montreal,user4093@example.com
4094,Rider_4094,2023-02-07 17:21:00,Los Angeles,user4094@example.com
4095,Rider_4095,2023-01-18 15:44:00,Montreal,user4095@example.com
4096,Rider_4096,2023-07-24 18:36:00,Montreal,user4096@example.com
4097,Rider_4097,2021-08-03 17:15:00,Los Angeles,user4097@example.com
4098,Rider_4098,2022-08-19 06:10:00,Boston,user4098@example.com
4099,Rider_4099,2023-05-04 08:51:00,Montreal,user4099@example.com
4100,Rider_4100,2023-04-17 21:57:00,Vancouver,user4100@example.com
4101,Rider_4101,2023-02-05 05:30:00,Calgary,user4101@example.com
4102,Rider_4102,2023-04-13 23:27:00,Calgary,user4102@example.com
4103,Rider_4103,2022-08-21 11:56:00,Boston,user4103@example.com
4104,Rider_4104,2023-06-22 11:54:00,Toronto,user4104@example.com
4105,Rider_4105,2023-03-30 13:58:00,Montreal,user4105@example.com
4106,Rider_4106,2024-04-21 09:28:00,Ottawa,user4106@example.com
4107,Rider_4107,2023-12-29 05:13:00,Boston,user4107@example.com
4108,Rider_4108,2022-01-01 08:37:00,Toronto,user4108@example.com
4109,Rider_4109,2021-01-05 10:51:00,Los Angeles,user4109@example.com
4110,Rider_4110,2021-01-27 15:34:00,Boston,user4110@example.com
4111,Rider_4111,2023-05-18 09:42:00,Los Angeles,user4111@example.com
4112,Rider_4112,2021-07-27 12:41:00,Vancouver,user4112@example.com
4113,Rider_4113,2021-04-03 13:12:00,Toronto,user4113@example.com
4114,Rider_4114,2022-07-15 13:46:00,Los Angeles,user4114@example.com
4115,Rider_4115,2022-04-03 19:06:00,Chicago,user4115@example.com
4116,Rider_4116,2021-08-12 21:56:00,Vancouver,user4116@example.com
4117,Rider_4117,2022-10-17 02:53:00,Calgary,user4117@example.com
4118,Rider_4118,2021-11-24 08:51:00,Boston,user4118@example.com
4119,Rider_4119,2021-03-28 18:49:00,Boston,user4119@example.com
4120,Rider_4120,2021-07-02 02:52:00,Chicago,user4120@example.com
4121,Rider_4121,2022-08-10 08:45:00,Chicago,user4121@example.com
4122,Rider_4122,2023-12-18 09:19:00,New York,user4122@example.com
4123,Rider_4123,2022-08-01 09:23:00,Montreal,user4123@example.com
4124,Rider_4124,2023-12-26 14:09:00,New York,user4124@example.com
4125,Rider_4125,2023-10-27 13:00:00,Toronto,user4125@example.com
4126,Rider_4126,2021-04-25 14:21:00,Ottawa,user4126@example.com
4127,Rider_4127,2023-07-12 15:09:00,Vancouver,user4127@example.com
4128,Rider_4128,2021-02-16 21:24:00,Chicago,user4128@example.com
4129,Rider_4129,2022-07-22 09:17:00,Chicago,user4129@example.com
4130,Rider_4130,2021-05-03 17:05:00,Chicago,user4130@example.com
4131,Rider_4131,2021-04-30 17:12:00,Boston,user4131@example.com
4132,Rider_4132,2023-06-04 04:41:00,New York,user4132@example.com
4133,Rider_4133,2021-08-21 13:51:00,Montreal,user4133@example.com
4134,Rider_4134,2022-12-31 18:05:00,Chicago,user4134@example.com
4135,Rider_4135,2024-03-08 03:27:00,Chicago,user4135@example.com
4136,Rider_4136,2023-12-22 04:21:00,Calgary,user4136@example.com
4137,Rider_4137,2023-01-01 09:44:00,San Francisco,user4137@example.com
4138,Rider_4138,2024-01-28 10:53:00,Montreal,user4138@example.com
4139,Rider_4139,2022-11-21 16:32:00,Los Angeles,user4139@example.com
4140,Rider_4140,2022-03-22 11:31:00,New York,user4140@example.com
4141,Rider_4141,2021-08-31 03:54:00,Toronto,user4141@example.com
4142,Rider_4142,2023-09-26 00:25:00,New York,user4142@example.com
4143,Rider_4143,2023-07-28 13:13:00,New York,user4143@example.com
4144,Rider_4144,2023-02-21 20:12:00,Chicago,user4144@example.com
4145,Rider_4145,2021-01-17 21:10:00,Chicago,user4145@example.com
4146,Rider_4146,2022-10-21 01:43:00,Montreal,user4146@example.com
4147,Rider_4147,2023-05-11 20:25:00,Vancouver,user4147@example.com
4148,Rider_4148,2023-06-08 16:08:00,San Francisco,user4148@example.com
4149,Rider_4149,2022-04-21 09:46:00,Calgary,user4149@example.com
4150,Rider_4150,2022-10-21 03:34:00,Boston,user4150@example.com
4151,Rider_4151,2022-02-27 06:28:00,Chicago,user4151@example.com
4152,Rider_4152,2023-03-22 02:58:00,Toronto,user4152@example.com
4153,Rider_4153,2021-07-14 09:18:00,Montreal,user4153@example.com
4154,Rider_4154,2022-09-15 00:05:00,Boston,user4154@example.com
4155,Rider_4155,2021-03-28 23:42:00,Ottawa,user4155@example.com
4156,Rider_4156,2022-09-02 09:40:00,Boston,user4156@example.com
4157,Rider_4157,2024-03-04 20:44:00,Chicago,user4157@example.com
4158,Rider_4158,2023-07-29 23:08:00,Calgary,user4158@example.com
4159,Rider_4159,2023-12-12 15:32:00,Toronto,user4159@example.com
4160,Rider_4160,2023-01-12 15:22:00,Vancouver,user4160@example.com
4161,Rider_4161,2023-10-11 22:25:00,Los Angeles,user4161@example.com
4162,Rider_4162,2022-08-15 00:57:00,Montreal,user4162@example.com
4163,Rider_4163,2021-03-26 22:18:00,Chicago,user4163@example.com
4164,Rider_4164,2023-10-02 12:45:00,Los Angeles,user4164@example.com
4165,Rider_4165,2021-10-30 12:04:00,Montreal,user4165@example.com
4166,Rider_4166,2021-06-18 09:28:00,San Francisco,user4166@example.com
4167,Rider_4167,2021-05-01 20:54:00,Toronto,user4167@example.com
4168,Rider_4168,2023-07-27 00:33:00,Los Angeles,user4168@example.com
4169,Rider_4169,2021-02-13 13:44:00,Los Angeles,user4169@example.com
4170,Rider_4170,2022-03-15 09:26:00,Boston,user4170@example.com
4171,Rider_4171,2023-04-22 07:06:00,Chicago,user4171@example.com
4172,Rider_4172,2021-04-12 11:16:00,Toronto,user4172@example.com
4173,Rider_4173,2023-07-17 13:54:00,Boston,user4173@example.com
4174,Rider_4174,2024-03-21 05:09:00,New York,user4174@example.com
4175,Rider_4175,2021-10-19 15:35:00,San Francisco,user4175@example.com
4176,Rider_4176,2021-11-10 08:53:00,Calgary,user4176@example.com
4177,Rider_4177,2022-01-09 08:20:00,New York,user4177@example.com
4178,Rider_4178,2021-05-13 02:29:00,San Francisco,user4178@example.com
4179,Rider_4179,2023-05-28 09:09:00,Ottawa,user4179@example.com
4180,Rider_4180,2023-05-26 17:43:00,New York,user4180@example.com
4181,Rider_4181,2021-03-12 23:05:00,Vancouver,user4181@example.com
4182,Rider_4182,2022-05-04 16:24:00,New York,user4182@example.com
4183,Rider_4183,2022-04-25 09:37:00,Toronto,user4183@example.com
4184,Rider_4184,2022-07-09 00:50:00,New York,user4184@example.com
4185,Rider_4185,2022-09-11 11:36:00,San Francisco,user4185@example.com
4186,Rider_4186,2021-10-30 17:47:00,Calgary,user4186@example.com
4187,Rider_4187,2024-03-13 22:42:00,Los Angeles,user4187@example.com
4188,Rider_4188,2024-02-02 07:36:00,Montreal,user4188@example.com
4189,Rider_4189,2021-07-21 04:44:00,Los Angeles,user4189@example.com
4190,Rider_4190,2022-05-30 16:26:00,Toronto,user4190@example.com
4191,Rider_4191,2024-02-26 19:18:00,Montreal,user4191@example.com
4192,Rider_4192,2021-06-06 21:39:00,Calgary,user4192@example.com
4193,Rider_4193,2024-06-08 09:34:00,Calgary,user4193@example.com
4194,Rider_4194,2021-02-06 19:03:00,Chicago,user4194@example.com
4195,Rider_4195,2024-05-21 15:36:00,Ottawa,user4195@example.com
4196,Rider_4196,2023-01-11 22:05:00,Montreal,user4196@example.com
4197,Rider_4197,2021-02-28 02:40:00,Ottawa,user4197@example.com
4198,Rider_4198,2021-09-08 10:49:00,San Francisco,user4198@example.com
4199,Rider_4199,2023-11-27 00:44:00,Chicago,user4199@example.com
4200,Rider_4200,2021-05-03 08:07:00,Vancouver,user4200@example.com
4201,Rider_4201,2024-01-22 02:13:00,Toronto,user4201@example.com
4202,Rider_4202,2021-12-01 23:54:00,Boston,user4202@example.com
4203,Rider_4203,2024-04-09 07:54:00,Chicago,user4203@example.com
4204,Rider_4204,2023-02-19 05:44:00,Chicago,user4204@example.com
4205,Rider_4205,2024-02-07 00:40:00,Calgary,user4205@example.com
4206,Rider_4206,2023-10-09 21:45:00,Ottawa,user4206@example.com
4207,Rider_4207,2024-04-09 00:50:00,Calgary,user4207@example.com
4208,Rider_4208,2022-11-27 03:16:00,Los Angeles,user4208@example.com
4209,Rider_4209,2022-06-11 15:36:00,Chicago,user4209@example.com
4210,Rider_4210,2022-07-14 17:34:00,San Francisco,user4210@example.com
4211,Rider_4211,2022-11-01 09:10:00,Ottawa,user4211@example.com
4212,Rider_4212,2024-01-13 05:42:00,New York,user4212@example.com
4213,Rider_4213,2022-01-07 10:41:00,Montreal,user4213@example.com
4214,Rider_4214,2023-08-07 04:53:00,Boston,user4214@example.com
4215,Rider_4215,2021-04-27 12:08:00,Ottawa,user4215@example.com
4216,Rider_4216,2023-05-31 15:35:00,Chicago,user4216@example.com
4217,Rider_4217,2021-06-01 07:33:00,Vancouver,user4217@example.com
4218,Rider_4218,2021-08-10 13:21:00,New York,user4218@example.com
4219,Rider_4219,2023-04-30 22:42:00,San Francisco,user4219@example.com
4220,Rider_4220,2023-02-15 00:47:00,Toronto,user4220@example.com
4221,Rider_4221,2022-12-08 12:27:00,Toronto,user4221@example.com
4222,Rider_4222,2021-09-21 15:31:00,Los Angeles,user4222@example.com
4223,Rider_4223,2021-09-08 20:07:00,San Francisco,user4223@example.com
4224,Rider_4224,2022-03-12 03:31:00,Toronto,user4224@example.com
4225,Rider_4225,2022-07-19 09:51:00,Ottawa,user4225@example.com
4226,Rider_4226,2021-05-19 14:42:00,Los Angeles,user4226@example.com
4227,Rider_4227,2021-10-06 08:32:00,Toronto,user4227@example.com
4228,Rider_4228,2022-02-05 16:51:00,Vancouver,user4228@example.com
4229,Rider_4229,2022-02-02 17:21:00,Vancouver,user4229@example.com
4230,Rider_4230,2023-10-08 04:38:00,Vancouver,user4230@example.com
4231,Rider_4231,2021-07-12 13:47:00,Chicago,user4231@example.com
4232,Rider_4232,2023-01-29 11:36:00,Ottawa,user4232@example.com
4233,Rider_4233,2022-07-19 15:13:00,New York,user4233@example.com
4234,Rider_4234,2022-09-15 20:05:00,San Francisco,user4234@example.com
4235,Rider_4235,2023-08-21 15:28:00,Montreal,user4235@example.com
4236,Rider_4236,2022-11-16 19:14:00,Chicago,user4236@example.com
4237,Rider_4237,2023-03-08 02:36:00,Los Angeles,user4237@example.com
4238,Rider_4238,2022-05-03 05:32:00,Ottawa,user4238@example.com
4239,Rider_4239,2021-05-10 16:45:00,Los Angeles,user4239@example.com
4240,Rider_4240,2023-02-25 22:54:00,Montreal,user4240@example.com
4241,Rider_4241,2022-02-13 06:55:00,Vancouver,user4241@example.com
4242,Rider_4242,2023-08-23 02:09:00,New York,user4242@example.com
4243,Rider_4243,2024-02-26 04:04:00,New York,user4243@example.com
4244,Rider_4244,2023-12-24 00:23:00,Boston,user4244@example.com
4245,Rider_4245,2021-01-13 08:08:00,Calgary,user4245@example.com
4246,Rider_4246,2021-06-13 13:47:00,Chicago,user4246@example.com
4247,Rider_4247,2022-08-07 19:38:00,San Francisco,user4247@example.com
4248,Rider_4248,2023-06-05 16:07:00,Chicago,user4248@example.com
4249,Rider_4249,2021-04-24 08:50:00,Montreal,user4249@example.com
4250,Rider_4250,2022-08-27 02:00:00,Boston,user4250@example.com
4251,Rider_4251,2023-11-06 11:44:00,Vancouver,user4251@example.com
4252,Rider_4252,2022-06-27 01:21:00,Toronto,user4252@example.com
4253,Rider_4253,2022-12-29 18:31:00,Vancouver,user4253@example.com
4254,Rider_4254,2022-12-24 02:58:00,Calgary,user4254@example.com
4255,Rider_4255,2021-05-14 07:41:00,Toronto,user4255@example.com
4256,Rider_4256,2024-02-11 18:39:00,Chicago,user4256@example.com
4257,Rider_4257,2022-09-09 15:10:00,Toronto,user4257@example.com
4258,Rider_4258,2021-11-06 20:49:00,Montreal,user4258@example.com
4259,Rider_4259,2022-05-26 15:35:00,Montreal,user4259@example.com
4260,Rider_4260,2022-05-08 21:14:00,Toronto,user4260@example.com
4261,Rider_4261,2023-07-28 20:31:00,Los Angeles,user4261@example.com
4262,Rider_4262,2021-11-27 07:36:00,Vancouver,user4262@example.com
4263,Rider_4263,2021-06-27 14:23:00,Vancouver,user4263@example.com
4264,Rider_4264,2022-12-08 03:55:00,San Francisco,user4264@example.com
4265,Rider_4265,2023-04-27 18:06:00,New York,user4265@example.com
4266,Rider_4266,2023-01-01 01:39:00,Chicago,user4266@example.com
4267,Rider_4267,2023-09-22 12:59:00,Chicago,user4267@example.com
4268,Rider_4268,2022-05-13 09:25:00,Boston,user4268@example.com
4269,Rider_4269,2021-02-18 15:48:00,Ottawa,user4269@example.com
4270,Rider_4270,2024-04-17 16:28:00,Ottawa,user4270@example.com
4271,Rider_4271,2021-04-07 22:27:00,Montreal,user4271@example.com
4272,Rider_4272,2024-05-11 12:53:00,Los Angeles,user4272@example.com
4273,Rider_4273,2023-01-06 09:59:00,Montreal,user4273@example.com
4274,Rider_4274,2021-03-26 00:09:00,Boston,user4274@example.com
4275,Rider_4275,2021-02-05 15:22:00,Boston,user4275@example.com
4276,Rider_4276,2022-02-24 04:40:00,Montreal,user4276@example.com
4277,Rider_4277,2023-09-15 12:08:00,San Francisco,user4277@example.com
4278,Rider_4278,2021-05-10 20:30:00,Chicago,user4278@example.com
4279,Rider_4279,2021-04-18 14:09:00,Chicago,user4279@example.com
4280,Rider_4280,2022-09-22 06:02:00,San Francisco,user4280@example.com
4281,Rider_4281,2022-04-09 10:48:00,Toronto,user4281@example.com
4282,Rider_4282,2022-10-15 00:21:00,Vancouver,user4282@example.com
4283,Rider_4283,2021-11-29 14:24:00,Calgary,user4283@example.com
4284,Rider_4284,2021-10-13 22:56:00,San Francisco,user4284@example.com
4285,Rider_4285,2021-05-24 14:27:00,New York,user4285@example.com
4286,Rider_4286,2022-06-16 07:23:00,Montreal,user4286@example.com
4287,Rider_4287,2021-09-13 14:14:00,San Francisco,user4287@example.com
4288,Rider_4288,2022-06-27 13:57:00,Boston,user4288@example.com
4289,Rider_4289,2023-01-19 04:17:00,Montreal,user4289@example.com
4290,Rider_4290,2023-04-12 21:07:00,Vancouver,user4290@example.com
4291,Rider_4291,2023-12-19 06:29:00,Chicago,user4291@example.com
4292,Rider_4292,2022-07-05 23:53:00,Montreal,user4292@example.com
4293,Rider_4293,2022-08-28 12:06:00,Ottawa,user4293@example.com
4294,Rider_4294,2023-05-22 08:10:00,New York,user4294@example.com
4295,Rider_4295,2021-11-05 10:51:00,Ottawa,user4295@example.com
4296,Rider_4296,2024-01-28 17:05:00,Toronto,user4296@example.com
4297,Rider_4297,2023-08-16 17:14:00,Ottawa,user4297@example.com
4298,Rider_4298,2022-05-18 21:37:00,Chicago,user4298@example.com
4299,Rider_4299,2021-01-23 00:55:00,Los Angeles,user4299@example.com
4300,Rider_4300,2022-12-14 12:02:00,Chicago,user4300@example.com
4301,Rider_4301,2023-02-15 20:41:00,Chicago,user4301@example.com
4302,Rider_4302,2021-06-26 11:34:00,Los Angeles,user4302@example.com
4303,Rider_4303,2022-02-13 05:59:00,Montreal,user4303@example.com
4304,Rider_4304,2024-01-28 00:46:00,Calgary,user4304@example.com
4305,Rider_4305,2022-12-01 22:03:00,New York,user4305@example.com
4306,Rider_4306,2023-09-13 08:09:00,Chicago,user4306@example.com
4307,Rider_4307,2023-09-20 12:31:00,Vancouver,user4307@example.com
4308,Rider_4308,2021-06-01 09:03:00,Ottawa,user4308@example.com
4309,Rider_4309,2021-12-06 14:50:00,New York,user4309@example.com
4310,Rider_4310,2022-10-15 17:18:00,Boston,user4310@example.com
4311,Rider_4311,2024-04-17 23:08:00,Calgary,user4311@example.com
4312,Rider_4312,2023-07-23 12:47:00,Chicago,user4312@example.com
4313,Rider_4313,2021-12-02 18:10:00,Montreal,user4313@example.com
4314,Rider_4314,2021-11-22 20:32:00,Los Angeles,user4314@example.com
4315,Rider_4315,2023-11-22 18:22:00,Boston,user4315@example.com
4316,Rider_4316,2021-01-23 07:47:00,Ottawa,user4316@example.com
4317,Rider_4317,2022-07-20 03:14:00,Los Angeles,user4317@example.com
4318,Rider_4318,2022-04-15 01:18:00,New York,user4318@example.com
4319,Rider_4319,2023-02-19 23:05:00,San Francisco,user4319@example.com
4320,Rider_4320,2023-12-23 08:25:00,Toronto,user4320@example.com
4321,Rider_4321,2023-10-06 01:10:00,Vancouver,user4321@example.com
4322,Rider_4322,2022-10-06 05:02:00,Vancouver,user4322@example.com
4323,Rider_4323,2022-07-01 09:24:00,Montreal,user4323@example.com
4324,Rider_4324,2023-04-23 16:38:00,Los Angeles,user4324@example.com
4325,Rider_4325,2023-03-24 17:11:00,Montreal,user4325@example.com
4326,Rider_4326,2021-06-26 03:06:00,Los Angeles,user4326@example.com
4327,Rider_4327,2022-12-14 18:10:00,Chicago,user4327@example.com
4328,Rider_4328,2022-08-03 14:58:00,Montreal,user4328@example.com
4329,Rider_4329,2023-05-09 16:08:00,Chicago,user4329@example.com
4330,Rider_4330,2021-09-10 16:17:00,Ottawa,user4330@example.com
4331,Rider_4331,2022-11-09 02:38:00,Calgary,user4331@example.com
4332,Rider_4332,2022-03-19 18:36:00,Montreal,user4332@example.com
4333,Rider_4333,2023-09-13 01:13:00,Montreal,user4333@example.com
4334,Rider_4334,2023-12-27 15:54:00,San Francisco,user4334@example.com
4335,Rider_4335,2021-06-04 03:22:00,Ottawa,user4335@example.com
4336,Rider_4336,2024-06-05 23:36:00,Toronto,user4336@example.com
4337,Rider_4337,2021-05-20 05:56:00,Toronto,user4337@example.com
4338,Rider_4338,2023-08-16 07:51:00,New York,user4338@example.com
4339,Rider_4339,2021-06-11 01:17:00,Montreal,user4339@example.com
4340,Rider_4340,2024-03-10 23:55:00,Vancouver,user4340@example.com
4341,Rider_4341,2023-04-27 05:08:00,Ottawa,user4341@example.com
4342,Rider_4342,2023-09-12 03:31:00,Toronto,user4342@example.com
4343,Rider_4343,2023-02-21 22:40:00,Vancouver,user4343@example.com
4344,Rider_4344,2024-06-05 21:02:00,Ottawa,user4344@example.com
4345,Rider_4345,2023-11-04 06:02:00,New York,user4345@example.com
4346,Rider_4346,2022-10-16 10:37:00,San Francisco,user4346@example.com
4347,Rider_4347,2021-12-13 05:32:00,Boston,user4347@example.com
4348,Rider_4348,2023-05-07 20:41:00,Vancouver,user4348@example.com
4349,Rider_4349,2021-06-27 20:54:00,Montreal,user4349@example.com
4350,Rider_4350,2022-12-31 10:59:00,Boston,user4350@example.com
4351,Rider_4351,2022-06-29 15:49:00,Toronto,user4351@example.com
4352,Rider_4352,2022-10-04 11:19:00,Vancouver,user4352@example.com
4353,Rider_4353,2021-01-12 19:32:00,Montreal,user4353@example.com
4354,Rider_4354,2024-04-30 02:22:00,Los Angeles,user4354@example.com
4355,Rider_4355,2023-02-28 11:14:00,Boston,user4355@example.com
4356,Rider_4356,2022-02-20 17:11:00,San Francisco,user4356@example.com
4357,Rider_4357,2022-04-23 12:34:00,San Francisco,user4357@example.com
4358,Rider_4358,2023-11-12 22:28:00,Montreal,user4358@example.com
4359,Rider_4359,2021-01-07 11:00:00,Boston,user4359@example.com
4360,Rider_4360,2021-02-20 18:11:00,Montreal,user4360@example.com
4361,Rider_4361,2021-02-10 18:33:00,New York,user4361@example.com
4362,Rider_4362,2024-05-13 00:21:00,Chicago,user4362@example.com
4363,Rider_4363,2023-03-18 04:21:00,Los Angeles,user4363@example.com
4364,Rider_4364,2022-05-09 04:10:00,Ottawa,user4364@example.com
4365,Rider_4365,2021-09-22 17:22:00,Los Angeles,user4365@example.com
4366,Rider_4366,2022-10-31 00:17:00,Ottawa,user4366@example.com
4367,Rider_4367,2023-05-14 07:28:00,Boston,user4367@example.com
4368,Rider_4368,2021-10-27 06:54:00,Montreal,user4368@example.com
4369,Rider_4369,2023-09-29 02:15:00,Ottawa,user4369@example.com
4370,Rider_4370,2021-03-22 03:04:00,Montreal,user4370@example.com
4371,Rider_4371,2022-10-29 14:05:00,Ottawa,user4371@example.com
4372,Rider_4372,2023-09-16 09:59:00,Chicago,user4372@example.com
4373,Rider_4373,2024-02-06 02:00:00,Montreal,user4373@example.com
4374,Rider_4374,2022-09-19 05:21:00,Chicago,user4374@example.com
4375,Rider_4375,2023-03-15 13:29:00,Los Angeles,user4375@example.com
4376,Rider_4376,2022-11-11 11:30:00,Chicago,user4376@example.com
4377,Rider_4377,2021-06-04 16:32:00,Boston,user4377@example.com
4378,Rider_4378,2023-02-23 08:03:00,Chicago,user4378@example.com
4379,Rider_4379,2023-09-08 21:49:00,Toronto,user4379@example.com
4380,Rider_4380,2024-05-03 08:07:00,Ottawa,user4380@example.com
4381,Rider_4381,2024-03-29 23:49:00,Montreal,user4381@example.com
4382,Rider_4382,2023-05-09 21:48:00,San Francisco,user4382@example.com
4383,Rider_4383,2022-05-16 20:06:00,Chicago,user4383@example.com
4384,Rider_4384,2021-05-25 20:46:00,Boston,user4384@example.com
4385,Rider_4385,2021-02-09 19:56:00,Toronto,user4385@example.com
4386,Rider_4386,2021-01-18 22:10:00,Montreal,user4386@example.com
4387,Rider_4387,2021-08-26 18:03:00,Ottawa,user4387@example.com
4388,Rider_4388,2023-08-19 04:25:00,New York,user4388@example.com
4389,Rider_4389,2021-05-03 08:51:00,Calgary,user4389@example.com
4390,Rider_4390,2022-08-18 01:05:00,Ottawa,user4390@example.com
4391,Rider_4391,2024-02-28 04:25:00,New York,user4391@example.com
4392,Rider_4392,2022-12-06 19:23:00,Chicago,user4392@example.com
4393,Rider_4393,2021-10-17 19:16:00,Los Angeles,user4393@example.com
4394,Rider_4394,2023-10-11 15:48:00,Boston,user4394@example.com
4395,Rider_4395,2022-04-07 06:04:00,Boston,user4395@example.com
4396,Rider_4396,2023-04-12 17:48:00,Boston,user4396@example.com
4397,Rider_4397,2024-02-03 06:53:00,Boston,user4397@example.com
4398,Rider_4398,2024-04-11 18:16:00,Montreal,user4398@example.com
4399,Rider_4399,2023-10-22 02:54:00,San Francisco,user4399@example.com
4400,Rider_4400,2022-03-04 03:25:00,New York,user4400@example.com
4401,Rider_4401,2021-08-12 08:06:00,Toronto,user4401@example.com
4402,Rider_4402,2023-09-19 16:46:00,New York,user4402@example.com
4403,Rider_4403,2021-06-10 15:44:00,Ottawa,user4403@example.com
4404,Rider_4404,2022-12-15 05:31:00,Toronto,user4404@example.com
4405,Rider_4405,2021-07-10 14:00:00,Ottawa,user4405@example.com
4406,Rider_4406,2021-08-09 08:00:00,Toronto,user4406@example.com
4407,Rider_4407,2022-02-11 23:52:00,San Francisco,user4407@example.com
4408,Rider_4408,2021-05-25 02:58:00,Chicago,user4408@example.com
4409,Rider_4409,2023-02-07 18:47:00,Toronto,user4409@example.com
4410,Rider_4410,2021-11-20 01:46:00,Los Angeles,user4410@example.com
4411,Rider_4411,2021-06-06 09:18:00,Montreal,user4411@example.com
4412,Rider_4412,2024-05-20 16:12:00,Vancouver,user4412@example.com
4413,Rider_4413,2022-10-05 17:32:00,New York,user4413@example.com
4414,Rider_4414,2023-01-26 18:40:00,Toronto,user4414@example.com
4415,Rider_4415,2021-11-23 16:24:00,Toronto,user4415@example.com
4416,Rider_4416,2022-08-06 22:29:00,Montreal,user4416@example.com
4417,Rider_4417,2023-09-12 04:31:00,Los Angeles,user4417@example.com
4418,Rider_4418,2024-06-10 00:53:00,Vancouver,user4418@example.com
4419,Rider_4419,2021-10-07 07:40:00,Chicago,user4419@example.com
4420,Rider_4420,2021-01-16 18:03:00,San Francisco,user4420@example.com
4421,Rider_4421,2023-10-22 18:08:00,Chicago,user4421@example.com
4422,Rider_4422,2023-09-08 13:20:00,Ottawa,user4422@example.com
4423,Rider_4423,2021-02-18 20:33:00,Ottawa,user4423@example.com
4424,Rider_4424,2022-06-17 12:53:00,Toronto,user4424@example.com
4425,Rider_4425,2023-01-22 17:30:00,Los Angeles,user4425@example.com
4426,Rider_4426,2023-07-22 01:21:00,Ottawa,user4426@example.com
4427,Rider_4427,2021-01-08 18:57:00,Calgary,user4427@example.com
4428,Rider_4428,2023-03-22 12:11:00,Chicago,user4428@example.com
4429,Rider_4429,2021-07-08 21:20:00,San Francisco,user4429@example.com
4430,Rider_4430,2023-07-31 13:26:00,Boston,user4430@example.com
4431,Rider_4431,2023-04-13 13:49:00,New York,user4431@example.com
4432,Rider_4432,2023-03-16 16:15:00,New York,user4432@example.com
4433,Rider_4433,2024-03-28 02:40:00,Calgary,user4433@example.com
4434,Rider_4434,2021-12-03 00:29:00,Chicago,user4434@example.com
4435,Rider_4435,2021-06-28 07:37:00,Los Angeles,user4435@example.com
4436,Rider_4436,2021-02-15 19:45:00,Boston,user4436@example.com
4437,Rider_4437,2021-08-04 06:04:00,Los Angeles,user4437@example.com
4438,Rider_4438,2021-05-10 14:58:00,Boston,user4438@example.com
4439,Rider_4439,2022-02-20 16:29:00,Chicago,user4439@example.com
4440,Rider_4440,2023-01-19 02:24:00,San Francisco,user4440@example.com
4441,Rider_4441,2021-05-23 20:53:00,Boston,user4441@example.com
4442,Rider_4442,2024-01-05 23:16:00,Los Angeles,user4442@example.com
4443,Rider_4443,2023-10-10 17:30:00,Calgary,user4443@example.com
4444,Rider_4444,2022-12-27 12:39:00,San Francisco,user4444@example.com
4445,Rider_4445,2022-11-09 09:34:00,Vancouver,user4445@example.com
4446,Rider_4446,2022-09-14 06:55:00,Calgary,user4446@example.com
4447,Rider_4447,2022-01-24 12:08:00,Boston,user4447@example.com
4448,Rider_4448,2021-11-04 09:22:00,Chicago,user4448@example.com
4449,Rider_4449,2022-09-03 05:36:00,San Francisco,user4449@example.com
4450,Rider_4450,2023-06-26 15:59:00,Toronto,user4450@example.com
4451,Rider_4451,2022-04-30 00:44:00,Ottawa,user4451@example.com
4452,Rider_4452,2024-05-18 14:10:00,Chicago,user4452@example.com
4453,Rider_4453,2024-01-27 16:21:00,Boston,user4453@example.com
4454,Rider_4454,2022-11-05 08:59:00,Vancouver,user4454@example.com
4455,Rider_4455,2022-10-21 06:04:00,Vancouver,user4455@example.com
4456,Rider_4456,2024-03-06 13:08:00,Ottawa,user4456@example.com
4457,Rider_4457,2022-05-11 03:48:00,San Francisco,user4457@example.com
4458,Rider_4458,2021-06-17 02:05:00,Ottawa,user4458@example.com
4459,Rider_4459,2022-08-19 00:59:00,Ottawa,user4459@example.com
4460,Rider_4460,2021-11-07 06:07:00,Montreal,user4460@example.com
4461,Rider_4461,2022-07-03 05:38:00,Ottawa,user4461@example.com
4462,Rider_4462,2023-09-10 20:42:00,Los Angeles,user4462@example.com
4463,Rider_4463,2022-11-30 02:58:00,Toronto,user4463@example.com
4464,Rider_4464,2021-02-22 10:39:00,Chicago,user4464@example.com
4465,Rider_4465,2022-01-29 02:53:00,Calgary,user4465@example.com
4466,Rider_4466,2022-09-29 14:45:00,Ottawa,user4466@example.com
4467,Rider_4467,2023-07-28 02:21:00,San Francisco,user4467@example.com
4468,Rider_4468,2022-07-02 04:57:00,Calgary,user4468@example.com
4469,Rider_4469,2021-02-16 12:14:00,Montreal,user4469@example.com
4470,Rider_4470,2021-10-07 11:18:00,Toronto,user4470@example.com
4471,Rider_4471,2022-10-30 00:42:00,Los Angeles,user4471@example.com
4472,Rider_4472,2022-07-10 17:40:00,Chicago,user4472@example.com
4473,Rider_4473,2021-04-23 20:13:00,Boston,user4473@example.com
4474,Rider_4474,2023-10-18 13:02:00,Boston,user4474@example.com
4475,Rider_4475,2022-08-01 19:50:00,Los Angeles,user4475@example.com
4476,Rider_4476,2024-04-25 22:24:00,Chicago,user4476@example.com
4477,Rider_4477,2021-07-09 23:48:00,Los Angeles,user4477@example.com
4478,Rider_4478,2022-05-10 21:51:00,New York,user4478@example.com
4479,Rider_4479,2024-01-19 12:20:00,New York,user4479@example.com
4480,Rider_4480,2021-11-29 02:00:00,Los Angeles,user4480@example.com
4481,Rider_4481,2023-06-01 12:47:00,Vancouver,user4481@example.com
4482,Rider_4482,2021-12-28 09:46:00,Los Angeles,user4482@example.com
4483,Rider_4483,2021-04-13 21:25:00,Calgary,user4483@example.com
4484,Rider_4484,2022-03-17 13:54:00,Montreal,user4484@example.com
4485,Rider_4485,2021-11-26 14:27:00,Ottawa,user4485@example.com
4486,Rider_4486,2021-12-04 19:37:00,Calgary,user4486@example.com
4487,Rider_4487,2023-05-22 10:03:00,Toronto,user4487@example.com
4488,Rider_4488,2024-01-18 16:19:00,San Francisco,user4488@example.com
4489,Rider_4489,2024-06-08 07:02:00,Ottawa,user4489@example.com
4490,Rider_4490,2023-06-11 14:20:00,Toronto,user4490@example.com
4491,Rider_4491,2023-11-26 15:43:00,Montreal,user4491@example.com
4492,Rider_4492,2022-05-09 15:49:00,Montreal,user4492@example.com
4493,Rider_4493,2021-11-04 19:34:00,Los Angeles,user4493@example.com
4494,Rider_4494,2021-03-19 03:26:00,Boston,user4494@example.com
4495,Rider_4495,2023-02-14 15:03:00,Vancouver,user4495@example.com
4496,Rider_4496,2022-03-03 06:56:00,New York,user4496@example.com
4497,Rider_4497,2021-07-05 06:17:00,Montreal,user4497@example.com
4498,Rider_4498,2022-12-05 09:03:00,Toronto,user4498@example.com
4499,Rider_4499,2023-07-24 06:57:00,Chicago,user4499@example.com
4500,Rider_4500,2023-07-08 08:27:00,Los Angeles,user4500@example.com
4501,Rider_4501,2022-01-03 06:26:00,Montreal,user4501@example.com
4502,Rider_4502,2021-02-03 00:57:00,Ottawa,user4502@example.com
4503,Rider_4503,2021-01-28 16:59:00,San Francisco,user4503@example.com
4504,Rider_4504,2021-01-08 05:15:00,Ottawa,user4504@example.com
4505,Rider_4505,2022-03-18 17:55:00,Vancouver,user4505@example.com
4506,Rider_4506,2022-09-18 17:52:00,Chicago,user4506@example.com
4507,Rider_4507,2023-04-09 17:05:00,New York,user4507@example.com
4508,Rider_4508,2021-03-02 18:30:00,Calgary,user4508@example.com
4509,Rider_4509,2023-09-29 14:58:00,Los Angeles,user4509@example.com
4510,Rider_4510,2021-04-18 21:26:00,New York,user4510@example.com
4511,Rider_4511,2021-05-28 18:19:00,Vancouver,user4511@example.com
4512,Rider_4512,2024-01-29 12:51:00,Montreal,user4512@example.com
4513,Rider_4513,2022-03-03 16:34:00,San Francisco,user4513@example.com
4514,Rider_4514,2024-03-16 19:41:00,Los Angeles,user4514@example.com
4515,Rider_4515,2022-09-14 21:55:00,Los Angeles,user4515@example.com
4516,Rider_4516,2023-05-15 09:58:00,Toronto,user4516@example.com
4517,Rider_4517,2023-02-07 02:53:00,Los Angeles,user4517@example.com
4518,Rider_4518,2021-03-15 03:00:00,Ottawa,user4518@example.com
4519,Rider_4519,2022-04-09 14:47:00,Montreal,user4519@example.com
4520,Rider_4520,2023-02-06 08:55:00,Vancouver,user4520@example.com
4521,Rider_4521,2022-08-04 20:13:00,Toronto,user4521@example.com
4522,Rider_4522,2021-06-09 14:33:00,Ottawa,user4522@example.com
4523,Rider_4523,2021-12-14 23:51:00,New York,user4523@example.com
4524,Rider_4524,2021-01-17 03:35:00,New York,user4524@example.com
4525,Rider_4525,2021-06-13 07:44:00,Chicago,user4525@example.com
4526,Rider_4526,2023-12-05 03:32:00,Los Angeles,user4526@example.com
4527,Rider_4527,2021-12-18 14:36:00,Montreal,user4527@example.com
4528,Rider_4528,2021-05-17 17:30:00,Chicago,user4528@example.com
4529,Rider_4529,2024-01-30 20:41:00,Boston,user4529@example.com
4530,Rider_4530,2023-04-16 01:37:00,Los Angeles,user4530@example.com
4531,Rider_4531,2023-12-06 03:29:00,New York,user4531@example.com
4532,Rider_4532,2022-02-08 09:51:00,New York,user4532@example.com
4533,Rider_4533,2021-06-22 03:03:00,New York,user4533@example.com
4534,Rider_4534,2022-04-18 16:45:00,New York,user4534@example.com
4535,Rider_4535,2022-02-14 16:27:00,Toronto,user4535@example.com
4536,Rider_4536,2023-12-05 15:34:00,Los Angeles,user4536@example.com
4537,Rider_4537,2024-05-14 18:01:00,Ottawa,user4537@example.com
4538,Rider_4538,2022-02-24 07:03:00,Montreal,user4538@example.com
4539,Rider_4539,2021-08-03 00:11:00,Chicago,user4539@example.com
4540,Rider_4540,2022-12-17 15:54:00,Ottawa,user4540@example.com
4541,Rider_4541,2021-07-16 04:23:00,Toronto,user4541@example.com
4542,Rider_4542,2021-08-18 21:53:00,Los Angeles,user4542@example.com
4543,Rider_4543,2022-10-05 00:42:00,Ottawa,user4543@example.com
4544,Rider_4544,2023-11-05 01:36:00,Vancouver,user4544@example.com
4545,Rider_4545,2023-03-22 12:45:00,Toronto,user4545@example.com
4546,Rider_4546,2022-01-09 15:21:00,Calgary,user4546@example.com
4547,Rider_4547,2023-01-13 10:24:00,Ottawa,user4547@example.com
4548,Rider_4548,2022-03-12 19:20:00,Vancouver,user4548@example.com
4549,Rider_4549,2024-04-15 06:15:00,Los Angeles,user4549@example.com
4550,Rider_4550,2021-12-17 19:34:00,Vancouver,user4550@example.com
4551,Rider_4551,2022-02-14 19:37:00,Toronto,user4551@example.com
4552,Rider_4552,2024-01-11 02:13:00,San Francisco,user4552@example.com
4553,Rider_4553,2022-07-03 09:09:00,Toronto,user4553@example.com
4554,Rider_4554,2022-01-12 12:26:00,Calgary,user4554@example.com
4555,Rider_4555,2023-12-16 14:10:00,Boston,user4555@example.com
4556,Rider_4556,2021-04-27 17:35:00,Toronto,user4556@example.com
4557,Rider_4557,2021-04-04 14:54:00,Vancouver,user4557@example.com
4558,Rider_4558,2021-01-21 09:27:00,Boston,user4558@example.com
4559,Rider_4559,2022-12-29 05:54:00,Boston,user4559@example.com
4560,Rider_4560,2021-10-19 22:04:00,Montreal,user4560@example.com
4561,Rider_4561,2021-06-12 09:20:00,Vancouver,user4561@example.com
4562,Rider_4562,2021-11-21 03:27:00,Los Angeles,user4562@example.com
4563,Rider_4563,2024-03-29 02:36:00,Ottawa,user4563@example.com
4564,Rider_4564,2023-03-10 08:35:00,Calgary,user4564@example.com
4565,Rider_4565,2024-03-27 09:02:00,Los Angeles,user4565@example.com
4566,Rider_4566,2024-01-06 15:15:00,San Francisco,user4566@example.com
4567,Rider_4567,2023-10-15 22:57:00,Vancouver,user4567@example.com
4568,Rider_4568,2023-02-23 17:32:00,Chicago,user4568@example.com
4569,Rider_4569,2021-07-22 01:00:00,Toronto,user4569@example.com
4570,Rider_4570,2022-07-19 21:37:00,Boston,user4570@example.com
4571,Rider_4571,2022-12-04 19:53:00,Montreal,user4571@example.com
4572,Rider_4572,2023-03-09 15:19:00,Ottawa,user4572@example.com
4573,Rider_4573,2024-04-26 17:17:00,Boston,user4573@example.com
4574,Rider_4574,2021-10-19 23:24:00,Montreal,user4574@example.com
4575,Rider_4575,2022-03-08 14:34:00,Toronto,user4575@example.com
4576,Rider_4576,2021-09-13 01:40:00,Montreal,user4576@example.com
4577,Rider_4577,2023-06-16 17:09:00,San Francisco,user4577@example.com
4578,Rider_4578,2021-08-17 19:21:00,Toronto,user4578@example.com
4579,Rider_4579,2021-06-16 11:42:00,Vancouver,user4579@example.com
4580,Rider_4580,2022-01-09 16:49:00,Toronto,user4580@example.com
4581,Rider_4581,2022-12-17 21:36:00,New York,user4581@example.com
4582,Rider_4582,2022-02-19 09:24:00,Chicago,user4582@example.com
4583,Rider_4583,2023-01-10 19:31:00,New York,user4583@example.com
4584,Rider_4584,2022-12-05 03:40:00,Calgary,user4584@example.com
4585,Rider_4585,2022-02-17 13:29:00,Los Angeles,user4585@example.com
4586,Rider_4586,2023-05-05 20:49:00,Toronto,user4586@example.com
4587,Rider_4587,2022-07-05 13:59:00,Toronto,user4587@example.com
4588,Rider_4588,2021-11-26 10:23:00,Montreal,user4588@example.com
4589,Rider_4589,2022-09-09 14:32:00,Chicago,user4589@example.com
4590,Rider_4590,2022-11-01 07:11:00,Calgary,user4590@example.com
4591,Rider_4591,2022-06-03 10:42:00,Calgary,user4591@example.com
4592,Rider_4592,2022-11-17 14:22:00,New York,user4592@example.com
4593,Rider_4593,2022-07-29 10:25:00,San Francisco,user4593@example.com
4594,Rider_4594,2021-03-18 07:51:00,Toronto,user4594@example.com
4595,Rider_4595,2024-02-12 02:59:00,Montreal,user4595@example.com
4596,Rider_4596,2021-10-29 06:17:00,Montreal,user4596@example.com
4597,Rider_4597,2021-10-22 07:11:00,San Francisco,user4597@example.com
4598,Rider_4598,2021-10-02 09:48:00,Montreal,user4598@example.com
4599,Rider_4599,2022-03-05 15:15:00,Ottawa,user4599@example.com
4600,Rider_4600,2023-08-02 15:18:00,Calgary,user4600@example.com
4601,Rider_4601,2023-03-17 15:29:00,Vancouver,user4601@example.com
4602,Rider_4602,2021-06-19 14:41:00,Montreal,user4602@example.com
4603,Rider_4603,2023-10-02 01:28:00,New York,user4603@example.com
4604,Rider_4604,2021-06-22 13:28:00,Boston,user4604@example.com
4605,Rider_4605,2021-06-28 22:30:00,Boston,user4605@example.com
4606,Rider_4606,2021-02-25 10:32:00,New York,user4606@example.com
4607,Rider_4607,2022-02-18 11:50:00,Ottawa,user4607@example.com
4608,Rider_4608,2021-04-13 06:58:00,Boston,user4608@example.com
4609,Rider_4609,2021-06-06 22:44:00,Calgary,user4609@example.com
4610,Rider_4610,2021-12-18 19:13:00,San Francisco,user4610@example.com
4611,Rider_4611,2023-12-23 15:42:00,Ottawa,user4611@example.com
4612,Rider_4612,2022-09-01 19:23:00,Montreal,user4612@example.com
4613,Rider_4613,2021-06-07 08:53:00,Montreal,user4613@example.com
4614,Rider_4614,2024-02-15 02:41:00,Boston,user4614@example.com
4615,Rider_4615,2023-02-09 05:20:00,San Francisco,user4615@example.com
4616,Rider_4616,2021-09-23 16:25:00,Boston,user4616@example.com
4617,Rider_4617,2022-06-25 00:42:00,Boston,user4617@example.com
4618,Rider_4618,2024-01-02 12:07:00,San Francisco,user4618@example.com
4619,Rider_4619,2022-03-24 08:37:00,Ottawa,user4619@example.com
4620,Rider_4620,2021-05-27 09:37:00,New York,user4620@example.com
4621,Rider_4621,2023-02-21 18:09:00,Chicago,user4621@example.com
4622,Rider_4622,2023-01-11 14:50:00,Ottawa,user4622@example.com
4623,Rider_4623,2023-12-05 16:06:00,San Francisco,user4623@example.com
4624,Rider_4624,2021-09-22 10:43:00,Boston,user4624@example.com
4625,Rider_4625,2023-11-25 14:01:00,Los Angeles,user4625@example.com
4626,Rider_4626,2021-09-16 20:59:00,Toronto,user4626@example.com
4627,Rider_4627,2022-05-31 23:38:00,Chicago,user4627@example.com
4628,Rider_4628,2021-08-09 07:56:00,Vancouver,user4628@example.com
4629,Rider_4629,2023-11-01 15:26:00,New York,user4629@example.com
4630,Rider_4630,2022-10-27 18:06:00,Vancouver,user4630@example.com
4631,Rider_4631,2021-02-02 08:28:00,Los Angeles,user4631@example.com
4632,Rider_4632,2022-02-14 20:22:00,Chicago,user4632@example.com
4633,Rider_4633,2021-09-23 05:05:00,Toronto,user4633@example.com
4634,Rider_4634,2023-07-12 18:07:00,New York,user4634@example.com
4635,Rider_4635,2023-01-07 01:40:00,Los Angeles,user4635@example.com
4636,Rider_4636,2021-01-02 13:31:00,Ottawa,user4636@example.com
4637,Rider_4637,2022-01-20 11:51:00,Vancouver,user4637@example.com
4638,Rider_4638,2021-06-19 22:12:00,Vancouver,user4638@example.com
4639,Rider_4639,2021-01-28 00:22:00,New York,user4639@example.com
4640,Rider_4640,2023-11-23 09:57:00,Ottawa,user4640@example.com
4641,Rider_4641,2021-12-21 15:10:00,San Francisco,user4641@example.com
4642,Rider_4642,2023-02-21 14:39:00,Calgary,user4642@example.com
4643,Rider_4643,2024-03-18 20:09:00,Chicago,user4643@example.com
4644,Rider_4644,2024-04-19 07:39:00,Chicago,user4644@example.com
4645,Rider_4645,2021-06-05 07:59:00,Toronto,user4645@example.com
4646,Rider_4646,2024-06-02 19:17:00,San Francisco,user4646@example.com
4647,Rider_4647,2022-12-05 02:45:00,Los Angeles,user4647@example.com
4648,Rider_4648,2024-02-16 11:53:00,Vancouver,user4648@example.com
4649,Rider_4649,2023-04-28 17:43:00,Los Angeles,user4649@example.com
4650,Rider_4650,2023-10-28 13:39:00,San Francisco,user4650@example.com
4651,Rider_4651,2022-01-29 20:32:00,Vancouver,user4651@example.com
4652,Rider_4652,2022-12-14 15:28:00,Los Angeles,user4652@example.com
4653,Rider_4653,2022-07-02 18:51:00,New York,user4653@example.com
4654,Rider_4654,2024-01-09 04:34:00,San Francisco,user4654@example.com
4655,Rider_4655,2023-03-16 10:08:00,Los Angeles,user4655@example.com
4656,Rider_4656,2023-01-23 10:03:00,Ottawa,user4656@example.com
4657,Rider_4657,2022-02-24 07:59:00,Toronto,user4657@example.com
4658,Rider_4658,2024-02-06 05:50:00,Calgary,user4658@example.com
4659,Rider_4659,2021-08-18 18:07:00,New York,user4659@example.com
4660,Rider_4660,2021-12-09 03:43:00,Montreal,user4660@example.com
4661,Rider_4661,2022-07-09 21:10:00,Chicago,user4661@example.com
4662,Rider_4662,2021-02-18 00:12:00,Vancouver,user4662@example.com
4663,Rider_4663,2023-06-17 05:53:00,Boston,user4663@example.com
4664,Rider_4664,2022-07-13 08:08:00,Montreal,user4664@example.com
4665,Rider_4665,2024-03-02 07:56:00,Boston,user4665@example.com
4666,Rider_4666,2021-10-29 02:57:00,Toronto,user4666@example.com
4667,Rider_4667,2023-09-20 05:43:00,Montreal,user4667@example.com
4668,Rider_4668,2022-03-02 12:37:00,Toronto,user4668@example.com
4669,Rider_4669,2022-11-29 21:58:00,Calgary,user4669@example.com
4670,Rider_4670,2021-09-29 18:41:00,Calgary,user4670@example.com
4671,Rider_4671,2023-11-21 21:25:00,San Francisco,user4671@example.com
4672,Rider_4672,2022-05-30 11:52:00,Los Angeles,user4672@example.com
4673,Rider_4673,2023-07-05 05:01:00,Montreal,user4673@example.com
4674,Rider_4674,2022-03-06 03:14:00,Montreal,user4674@example.com
4675,Rider_4675,2021-10-24 01:03:00,San Francisco,user4675@example.com
4676,Rider_4676,2023-06-20 05:57:00,New York,user4676@example.com
4677,Rider_4677,2023-12-27 06:19:00,Calgary,user4677@example.com
4678,Rider_4678,2023-08-10 06:42:00,Los Angeles,user4678@example.com
4679,Rider_4679,2022-11-05 08:32:00,Toronto,user4679@example.com
4680,Rider_4680,2023-05-31 06:42:00,Vancouver,user4680@example.com
4681,Rider_4681,2022-03-25 00:38:00,Los Angeles,user4681@example.com
4682,Rider_4682,2021-01-13 22:44:00,Toronto,user4682@example.com
4683,Rider_4683,2023-12-01 22:17:00,Vancouver,user4683@example.com
4684,Rider_4684,2022-12-26 09:34:00,Chicago,user4684@example.com
4685,Rider_4685,2023-03-24 17:47:00,Chicago,user4685@example.com
4686,Rider_4686,2023-08-28 00:46:00,San Francisco,user4686@example.com
4687,Rider_4687,2023-10-29 23:39:00,Calgary,user4687@example.com
4688,Rider_4688,2022-04-17 16:43:00,Chicago,user4688@example.com
4689,Rider_4689,2022-03-24 19:06:00,Vancouver,user4689@example.com
4690,Rider_4690,2024-05-27 10:08:00,Toronto,user4690@example.com
4691,Rider_4691,2021-01-25 05:19:00,San Francisco,user4691@example.com
4692,Rider_4692,2021-03-05 14:50:00,Vancouver,user4692@example.com
4693,Rider_4693,2022-03-16 15:38:00,Boston,user4693@example.com
4694,Rider_4694,2021-07-11 18:01:00,Ottawa,user4694@example.com
4695,Rider_4695,2023-01-29 15:37:00,New York,user4695@example.com
4696,Rider_4696,2021-01-08 21:46:00,San Francisco,user4696@example.com
4697,Rider_4697,2022-07-02 05:02:00,Montreal,user4697@example.com
4698,Rider_4698,2021-03-19 12:28:00,New York,user4698@example.com
4699,Rider_4699,2021-08-02 22:31:00,San Francisco,user4699@example.com
4700,Rider_4700,2022-03-17 00:54:00,Los Angeles,user4700@example.com
4701,Rider_4701,2023-10-31 13:09:00,Calgary,user4701@example.com
4702,Rider_4702,2021-08-29 20:11:00,Calgary,user4702@example.com
4703,Rider_4703,2024-01-13 21:54:00,Toronto,user4703@example.com
4704,Rider_4704,2021-08-10 14:09:00,San Francisco,user4704@example.com
4705,Rider_4705,2022-11-03 04:01:00,Boston,user4705@example.com
4706,Rider_4706,2021-05-06 09:22:00,Ottawa,user4706@example.com
4707,Rider_4707,2021-12-06 23:36:00,San Francisco,user4707@example.com
4708,Rider_4708,2023-01-06 01:20:00,New York,user4708@example.com
4709,Rider_4709,2022-01-22 09:16:00,Los Angeles,user4709@example.com
4710,Rider_4710,2022-10-19 10:18:00,Montreal,user4710@example.com
4711,Rider_4711,2021-06-02 10:52:00,Montreal,user4711@example.com
4712,Rider_4712,2022-04-15 04:13:00,San Francisco,user4712@example.com
4713,Rider_4713,2022-04-28 17:04:00,Ottawa,user4713@example.com
4714,Rider_4714,2023-05-26 23:59:00,Chicago,user4714@example.com
4715,Rider_4715,2023-11-21 16:05:00,Montreal,user4715@example.com
4716,Rider_4716,2024-06-03 13:28:00,Los Angeles,user4716@example.com
4717,Rider_4717,2021-08-05 04:52:00,Ottawa,user4717@example.com
4718,Rider_4718,2022-01-24 09:26:00,Boston,user4718@example.com
4719,Rider_4719,2022-10-09 17:14:00,Chicago,user4719@example.com
4720,Rider_4720,2021-11-06 22:45:00,Calgary,user4720@example.com
4721,Rider_4721,2022-04-19 19:04:00,San Francisco,user4721@example.com
4722,Rider_4722,2022-04-07 21:25:00,Toronto,user4722@example.com
4723,Rider_4723,2023-09-04 01:25:00,Ottawa,user4723@example.com
4724,Rider_4724,2023-04-28 22:02:00,Vancouver,user4724@example.com
4725,Rider_4725,2022-08-08 01:01:00,Chicago,user4725@example.com
4726,Rider_4726,2021-05-30 04:42:00,Montreal,user4726@example.com
4727,Rider_4727,2023-03-30 00:00:00,Chicago,user4727@example.com
4728,Rider_4728,2023-12-15 07:10:00,Vancouver,user4728@example.com
4729,Rider_4729,2023-02-22 15:35:00,Los Angeles,user4729@example.com
4730,Rider_4730,2022-12-29 14:25:00,Los Angeles,user4730@example.com
4731,Rider_4731,2022-10-27 08:39:00,Los Angeles,user4731@example.com
4732,Rider_4732,2022-10-16 05:35:00,Vancouver,user4732@example.com
4733,Rider_4733,2022-12-18 13:54:00,Montreal,user4733@example.com
4734,Rider_4734,2023-05-19 05:38:00,New York,user4734@example.com
4735,Rider_4735,2024-04-06 03:14:00,New York,user4735@example.com
4736,Rider_4736,2021-05-18 08:52:00,Montreal,user4736@example.com
4737,Rider_4737,2023-08-14 16:38:00,Chicago,user4737@example.com
4738,Rider_4738,2024-05-06 23:46:00,San Francisco,user4738@example.com
4739,Rider_4739,2023-06-21 11:59:00,Boston,user4739@example.com
4740,Rider_4740,2022-08-03 14:35:00,Calgary,user4740@example.com
4741,Rider_4741,2023-08-23 12:26:00,Chicago,user4741@example.com
4742,Rider_4742,2023-05-29 14:08:00,Calgary,user4742@example.com
4743,Rider_4743,2021-03-25 03:58:00,San Francisco,user4743@example.com
4744,Rider_4744,2021-07-15 15:13:00,Montreal,user4744@example.com
4745,Rider_4745,2023-11-07 22:21:00,Montreal,user4745@example.com
4746,Rider_4746,2022-12-20 22:43:00,New York,user4746@example.com
4747,Rider_4747,2022-12-16 22:16:00,Calgary,user4747@example.com
4748,Rider_4748,2021-05-12 12:19:00,New York,user4748@example.com
4749,Rider_4749,2022-02-24 16:50:00,New York,user4749@example.com
4750,Rider_4750,2022-06-03 01:09:00,Toronto,user4750@example.com
4751,Rider_4751,2021-06-01 07:18:00,Ottawa,user4751@example.com
4752,Rider_4752,2023-05-29 09:15:00,San Francisco,user4752@example.com
4753,Rider_4753,2023-12-09 19:10:00,Vancouver,user4753@example.com
4754,Rider_4754,2021-04-05 13:12:00,Los Angeles,user4754@example.com
4755,Rider_4755,2024-02-25 06:49:00,Toronto,user4755@example.com
4756,Rider_4756,2023-11-14 15:56:00,Ottawa,user4756@example.com
4757,Rider_4757,2024-02-23 13:27:00,Calgary,user4757@example.com
4758,Rider_4758,2023-12-26 20:31:00,New York,user4758@example.com
4759,Rider_4759,2023-03-13 23:43:00,Boston,user4759@example.com
4760,Rider_4760,2023-05-24 02:42:00,Chicago,user4760@example.com
4761,Rider_4761,2021-07-31 21:27:00,Vancouver,user4761@example.com
4762,Rider_4762,2023-11-16 15:12:00,Boston,user4762@example.com
4763,Rider_4763,2022-04-13 10:04:00,Chicago,user4763@example.com
4764,Rider_4764,2024-01-23 03:33:00,San Francisco,user4764@example.com
4765,Rider_4765,2024-06-05 11:34:00,New York,user4765@example.com
4766,Rider_4766,2023-08-27 19:52:00,Vancouver,user4766@example.com
4767,Rider_4767,2021-06-28 04:39:00,Boston,user4767@example.com
4768,Rider_4768,2021-01-01 01:19:00,Toronto,user4768@example.com
4769,Rider_4769,2023-07-27 22:56:00,Chicago,user4769@example.com
4770,Rider_4770,2023-03-19 12:23:00,Toronto,user4770@example.com
4771,Rider_4771,2022-01-20 00:30:00,Toronto,user4771@example.com
4772,Rider_4772,2021-06-10 22:44:00,Boston,user4772@example.com
4773,Rider_4773,2021-02-08 07:15:00,Vancouver,user4773@example.com
4774,Rider_4774,2022-11-21 10:39:00,Calgary,user4774@example.com
4775,Rider_4775,2021-03-28 10:54:00,Montreal,user4775@example.com
4776,Rider_4776,2022-04-11 21:58:00,Toronto,user4776@example.com
4777,Rider_4777,2023-01-22 10:22:00,Montreal,user4777@example.com
4778,Rider_4778,2021-12-31 22:44:00,Chicago,user4778@example.com
4779,Rider_4779,2022-02-09 07:37:00,Calgary,user4779@example.com
4780,Rider_4780,2023-11-25 09:28:00,Ottawa,user4780@example.com
4781,Rider_4781,2023-10-20 09:57:00,Vancouver,user4781@example.com
4782,Rider_4782,2021-07-11 09:05:00,Ottawa,user4782@example.com
4783,Rider_4783,2021-08-16 04:27:00,Montreal,user4783@example.com
4784,Rider_4784,2021-10-15 02:08:00,New York,user4784@example.com
4785,Rider_4785,2024-03-02 16:38:00,Chicago,user4785@example.com
4786,Rider_4786,2021-09-23 06:58:00,Boston,user4786@example.com
4787,Rider_4787,2024-02-27 03:15:00,Calgary,user4787@example.com
4788,Rider_4788,2021-11-08 05:37:00,Calgary,user4788@example.com
4789,Rider_4789,2023-01-17 09:05:00,Vancouver,user4789@example.com
4790,Rider_4790,2022-03-26 15:26:00,San Francisco,user4790@example.com
4791,Rider_4791,2023-07-04 14:42:00,Toronto,user4791@example.com
4792,Rider_4792,2022-07-25 15:24:00,Vancouver,user4792@example.com
4793,Rider_4793,2022-08-31 16:35:00,San Francisco,user4793@example.com
4794,Rider_4794,2023-12-20 18:22:00,Montreal,user4794@example.com
4795,Rider_4795,2022-12-22 17:49:00,Toronto,user4795@example.com
4796,Rider_4796,2022-10-22 22:55:00,Montreal,user4796@example.com
4797,Rider_4797,2021-02-13 10:49:00,Chicago,user4797@example.com
4798,Rider_4798,2022-12-12 01:15:00,San Francisco,user4798@example.com
4799,Rider_4799,2023-05-27 11:14:00,Toronto,user4799@example.com
4800,Rider_4800,2021-01-18 02:50:00,Montreal,user4800@example.com
4801,Rider_4801,2022-04-16 07:46:00,Ottawa,user4801@example.com
4802,Rider_4802,2023-09-30 03:24:00,New York,user4802@example.com
4803,Rider_4803,2022-11-22 11:23:00,Ottawa,user4803@example.com
4804,Rider_4804,2022-07-06 01:10:00,New York,user4804@example.com
4805,Rider_4805,2022-12-28 20:50:00,Chicago,user4805@example.com
4806,Rider_4806,2022-03-07 03:43:00,Vancouver,user4806@example.com
4807,Rider_4807,2021-09-03 22:23:00,New York,user4807@example.com
4808,Rider_4808,2023-02-17 17:09:00,Los Angeles,user4808@example.com
4809,Rider_4809,2021-11-24 10:27:00,Calgary,user4809@example.com
4810,Rider_4810,2024-01-03 01:57:00,Los Angeles,user4810@example.com
4811,Rider_4811,2022-08-30 19:31:00,Calgary,user4811@example.com
4812,Rider_4812,2021-04-08 12:04:00,Calgary,user4812@example.com
4813,Rider_4813,2023-10-16 22:26:00,Chicago,user4813@example.com
4814,Rider_4814,2022-07-01 14:33:00,Chicago,user4814@example.com
4815,Rider_4815,2022-06-12 01:41:00,Ottawa,user4815@example.com
4816,Rider_4816,2024-01-16 23:55:00,Vancouver,user4816@example.com
4817,Rider_4817,2022-03-09 09:16:00,Chicago,user4817@example.com
4818,Rider_4818,2022-09-04 22:43:00,San Francisco,user4818@example.com
4819,Rider_4819,2023-09-30 04:20:00,Toronto,user4819@example.com
4820,Rider_4820,2022-08-08 21:47:00,Vancouver,user4820@example.com
4821,Rider_4821,2023-07-31 03:25:00,Vancouver,user4821@example.com
4822,Rider_4822,2023-06-14 20:17:00,Chicago,user4822@example.com
4823,Rider_4823,2024-04-19 12:55:00,Calgary,user4823@example.com
4824,Rider_4824,2022-02-07 16:38:00,Calgary,user4824@example.com
4825,Rider_4825,2023-12-20 22:42:00,Chicago,user4825@example.com
4826,Rider_4826,2023-07-04 17:59:00,Los Angeles,user4826@example.com
4827,Rider_4827,2022-06-25 17:55:00,Ottawa,user4827@example.com
4828,Rider_4828,2023-08-18 05:08:00,Ottawa,user4828@example.com
4829,Rider_4829,2021-04-15 23:11:00,Montreal,user4829@example.com
4830,Rider_4830,2021-02-15 20:39:00,New York,user4830@example.com
4831,Rider_4831,2021-12-26 22:33:00,Chicago,user4831@example.com
4832,Rider_4832,2023-10-31 10:43:00,Toronto,user4832@example.com
4833,Rider_4833,2023-02-15 20:14:00,Toronto,user4833@example.com
4834,Rider_4834,2022-05-18 18:53:00,Vancouver,user4834@example.com
4835,Rider_4835,2024-04-13 20:40:00,Boston,user4835@example.com
4836,Rider_4836,2021-06-13 18:46:00,Boston,user4836@example.com
4837,Rider_4837,2024-02-06 03:53:00,Chicago,user4837@example.com
4838,Rider_4838,2024-03-20 02:47:00,Montreal,user4838@example.com
4839,Rider_4839,2021-04-10 23:53:00,Montreal,user4839@example.com
4840,Rider_4840,2023-08-09 13:25:00,New York,user4840@example.com
4841,Rider_4841,2021-06-27 19:53:00,San Francisco,user4841@example.com
4842,Rider_4842,2024-03-10 23:36:00,New York,user4842@example.com
4843,Rider_4843,2022-11-17 21:22:00,Toronto,user4843@example.com
4844,Rider_4844,2023-08-01 05:12:00,Los Angeles,user4844@example.com
4845,Rider_4845,2021-09-28 09:41:00,New York,user4845@example.com
4846,Rider_4846,2021-06-17 05:53:00,Los Angeles,user4846@example.com
4847,Rider_4847,2022-08-10 15:01:00,Vancouver,user4847@example.com
4848,Rider_4848,2023-09-18 03:50:00,Chicago,user4848@example.com
4849,Rider_4849,2023-05-15 10:38:00,Ottawa,user4849@example.com
4850,Rider_4850,2021-11-01 00:53:00,Boston,user4850@example.com
4851,Rider_4851,2023-02-02 21:38:00,San Francisco,user4851@example.com
4852,Rider_4852,2023-11-21 13:19:00,Vancouver,user4852@example.com
4853,Rider_4853,2021-12-17 07:07:00,San Francisco,user4853@example.com
4854,Rider_4854,2024-02-27 21:30:00,Boston,user4854@example.com
4855,Rider_4855,2022-11-06 07:02:00,Chicago,user4855@example.com
4856,Rider_4856,2024-06-10 05:29:00,Calgary,user4856@example.com
4857,Rider_4857,2021-05-14 14:59:00,Boston,user4857@example.com
4858,Rider_4858,2021-02-07 15:50:00,Ottawa,user4858@example.com
4859,Rider_4859,2021-11-13 04:30:00,Toronto,user4859@example.com
4860,Rider_4860,2024-06-12 07:19:00,New York,user4860@example.com
4861,Rider_4861,2021-01-09 03:13:00,Chicago,user4861@example.com
4862,Rider_4862,2024-04-17 23:11:00,Los Angeles,user4862@example.com
4863,Rider_4863,2023-06-02 19:34:00,Montreal,user4863@example.com
4864,Rider_4864,2021-04-22 19:03:00,Calgary,user4864@example.com
4865,Rider_4865,2021-10-15 20:38:00,Los Angeles,user4865@example.com
4866,Rider_4866,2023-02-10 18:45:00,Calgary,user4866@example.com
4867,Rider_4867,2021-11-19 07:13:00,Boston,user4867@example.com
4868,Rider_4868,2023-01-06 22:02:00,Ottawa,user4868@example.com
4869,Rider_4869,2022-07-01 23:27:00,Calgary,user4869@example.com
4870,Rider_4870,2023-08-19 18:33:00,Los Angeles,user4870@example.com
4871,Rider_4871,2021-08-03 04:17:00,Calgary,user4871@example.com
4872,Rider_4872,2022-11-13 18:33:00,Toronto,user4872@example.com
4873,Rider_4873,2023-08-30 15:14:00,Montreal,user4873@example.com
4874,Rider_4874,2021-04-21 02:08:00,Montreal,user4874@example.com
4875,Rider_4875,2021-05-02 09:24:00,Ottawa,user4875@example.com
4876,Rider_4876,2024-04-30 09:30:00,Chicago,user4876@example.com
4877,Rider_4877,2022-04-09 06:42:00,Calgary,user4877@example.com
4878,Rider_4878,2021-07-03 04:39:00,Toronto,user4878@example.com
4879,Rider_4879,2021-12-25 04:24:00,Vancouver,user4879@example.com
4880,Rider_4880,2023-07-24 09:09:00,New York,user4880@example.com
4881,Rider_4881,2022-05-30 01:35:00,Calgary,user4881@example.com
4882,Rider_4882,2021-12-15 00:06:00,New York,user4882@example.com
4883,Rider_4883,2022-01-26 12:11:00,San Francisco,user4883@example.com
4884,Rider_4884,2023-12-29 11:55:00,Montreal,user4884@example.com
4885,Rider_4885,2021-04-16 13:27:00,Los Angeles,user4885@example.com
4886,Rider_4886,2022-03-24 11:59:00,Chicago,user4886@example.com
4887,Rider_4887,2023-04-11 04:45:00,Toronto,user4887@example.com
4888,Rider_4888,2022-01-10 23:59:00,Ottawa,user4888@example.com
4889,Rider_4889,2023-08-08 12:57:00,Calgary,user4889@example.com
4890,Rider_4890,2022-05-01 01:07:00,Calgary,user4890@example.com
4891,Rider_4891,2023-08-20 00:45:00,Montreal,user4891@example.com
4892,Rider_4892,2023-04-29 02:10:00,New York,user4892@example.com
4893,Rider_4893,2023-06-25 07:20:00,Toronto,user4893@example.com
4894,Rider_4894,2022-02-13 15:19:00,Vancouver,user4894@example.com
4895,Rider_4895,2021-02-20 03:17:00,New York,user4895@example.com
4896,Rider_4896,2022-10-17 15:08:00,Los Angeles,user4896@example.com
4897,Rider_4897,2021-11-08 11:36:00,San Francisco,user4897@example.com
4898,Rider_4898,2024-04-02 23:25:00,Los Angeles,user4898@example.com
4899,Rider_4899,2021-08-05 09:03:00,New York,user4899@example.com
4900,Rider_4900,2023-04-30 20:53:00,Boston,user4900@example.com
4901,Rider_4901,2024-03-22 11:51:00,Los Angeles,user4901@example.com
4902,Rider_4902,2022-01-02 00:26:00,New York,user4902@example.com
4903,Rider_4903,2021-04-24 06:21:00,Vancouver,user4903@example.com
4904,Rider_4904,2023-08-06 14:30:00,Ottawa,user4904@example.com
4905,Rider_4905,2022-06-22 06:03:00,New York,user4905@example.com
4906,Rider_4906,2022-10-09 14:33:00,Toronto,user4906@example.com
4907,Rider_4907,2024-02-23 10:42:00,Ottawa,user4907@example.com
4908,Rider_4908,2021-05-06 04:44:00,Ottawa,user4908@example.com
4909,Rider_4909,2023-01-14 17:53:00,Calgary,user4909@example.com
4910,Rider_4910,2022-02-25 05:17:00,Chicago,user4910@example.com
4911,Rider_4911,2021-06-11 15:41:00,New York,user4911@example.com
4912,Rider_4912,2023-02-11 10:28:00,New York,user4912@example.com
4913,Rider_4913,2021-12-16 21:44:00,Calgary,user4913@example.com
4914,Rider_4914,2022-11-02 08:03:00,Los Angeles,user4914@example.com
4915,Rider_4915,2022-04-17 08:15:00,Vancouver,user4915@example.com
4916,Rider_4916,2021-02-03 07:27:00,Boston,user4916@example.com
4917,Rider_4917,2021-02-10 22:32:00,New York,user4917@example.com
4918,Rider_4918,2023-04-10 19:53:00,Boston,user4918@example.com
4919,Rider_4919,2022-08-13 08:37:00,Ottawa,user4919@example.com
4920,Rider_4920,2023-05-09 06:32:00,New York,user4920@example.com
4921,Rider_4921,2021-03-22 23:56:00,Vancouver,user4921@example.com
4922,Rider_4922,2024-04-04 10:40:00,Montreal,user4922@example.com
4923,Rider_4923,2023-12-17 07:54:00,Montreal,user4923@example.com
4924,Rider_4924,2022-10-30 13:04:00,Chicago,user4924@example.com
4925,Rider_4925,2023-05-04 16:31:00,Montreal,user4925@example.com
4926,Rider_4926,2021-06-29 13:15:00,Chicago,user4926@example.com
4927,Rider_4927,2021-07-03 07:04:00,Vancouver,user4927@example.com
4928,Rider_4928,2022-07-26 05:10:00,Ottawa,user4928@example.com
4929,Rider_4929,2021-10-28 19:37:00,Los Angeles,user4929@example.com
4930,Rider_4930,2022-11-10 02:49:00,Los Angeles,user4930@example.com
4931,Rider_4931,2022-01-05 23:37:00,New York,user4931@example.com
4932,Rider_4932,2021-05-23 21:39:00,Boston,user4932@example.com
4933,Rider_4933,2021-01-16 14:40:00,Ottawa,user4933@example.com
4934,Rider_4934,2022-10-04 16:11:00,Boston,user4934@example.com
4935,Rider_4935,2023-06-02 10:23:00,Calgary,user4935@example.com
4936,Rider_4936,2024-05-30 12:02:00,New York,user4936@example.com
4937,Rider_4937,2024-01-24 05:05:00,New York,user4937@example.com
4938,Rider_4938,2021-03-30 08:46:00,Boston,user4938@example.com
4939,Rider_4939,2021-03-30 00:14:00,Toronto,user4939@example.com
4940,Rider_4940,2022-11-13 06:32:00,Chicago,user4940@example.com
4941,Rider_4941,2022-03-15 23:56:00,Chicago,user4941@example.com
4942,Rider_4942,2022-05-03 23:27:00,New York,user4942@example.com
4943,Rider_4943,2023-07-25 19:41:00,Los Angeles,user4943@example.com
4944,Rider_4944,2022-03-31 05:56:00,Boston,user4944@example.com
4945,Rider_4945,2023-07-31 13:56:00,Chicago,user4945@example.com
4946,Rider_4946,2023-01-14 15:16:00,Montreal,user4946@example.com
4947,Rider_4947,2023-10-17 23:27:00,Toronto,user4947@example.com
4948,Rider_4948,2021-04-29 15:34:00,Toronto,user4948@example.com
4949,Rider_4949,2023-04-25 12:35:00,San Francisco,user4949@example.com
4950,Rider_4950,2023-02-08 20:17:00,Boston,user4950@example.com
4951,Rider_4951,2021-12-09 04:54:00,Los Angeles,user4951@example.com
4952,Rider_4952,2024-01-13 19:33:00,Vancouver,user4952@example.com
4953,Rider_4953,2022-07-25 00:16:00,San Francisco,user4953@example.com
4954,Rider_4954,2022-03-31 16:01:00,Calgary,user4954@example.com
4955,Rider_4955,2023-03-30 10:10:00,Boston,user4955@example.com
4956,Rider_4956,2022-05-11 07:55:00,San Francisco,user4956@example.com
4957,Rider_4957,2023-02-22 01:48:00,Calgary,user4957@example.com
4958,Rider_4958,2021-03-25 21:10:00,Toronto,user4958@example.com
4959,Rider_4959,2022-10-01 04:59:00,Los Angeles,user4959@example.com
4960,Rider_4960,2023-01-26 07:08:00,Ottawa,user4960@example.com
4961,Rider_4961,2021-05-02 20:40:00,San Francisco,user4961@example.com
4962,Rider_4962,2021-08-02 00:37:00,Boston,user4962@example.com
4963,Rider_4963,2021-12-25 03:00:00,Calgary,user4963@example.com
4964,Rider_4964,2024-02-27 12:21:00,San Francisco,user4964@example.com
4965,Rider_4965,2021-11-24 10:03:00,Calgary,user4965@example.com
4966,Rider_4966,2022-08-02 11:42:00,Toronto,user4966@example.com
4967,Rider_4967,2021-02-25 17:14:00,Chicago,user4967@example.com
4968,Rider_4968,2023-12-21 20:04:00,Boston,user4968@example.com
4969,Rider_4969,2023-10-07 14:19:00,Vancouver,user4969@example.com
4970,Rider_4970,2021-06-27 11:07:00,Vancouver,user4970@example.com
4971,Rider_4971,2023-02-15 00:37:00,New York,user4971@example.com
4972,Rider_4972,2022-02-24 21:27:00,New York,user4972@example.com
4973,Rider_4973,2023-07-03 19:10:00,San Francisco,user4973@example.com
4974,Rider_4974,2022-04-12 16:12:00,Montreal,user4974@example.com
4975,Rider_4975,2021-04-03 18:31:00,Toronto,user4975@example.com
4976,Rider_4976,2023-08-06 05:02:00,San Francisco,user4976@example.com
4977,Rider_4977,2023-02-09 12:15:00,Montreal,user4977@example.com
4978,Rider_4978,2022-08-18 07:55:00,New York,user4978@example.com
4979,Rider_4979,2022-11-21 18:15:00,Montreal,user4979@example.com
4980,Rider_4980,2021-12-15 16:02:00,New York,user4980@example.com
4981,Rider_4981,2022-08-13 06:20:00,Boston,user4981@example.com
4982,Rider_4982,2023-10-23 03:48:00,Chicago,user4982@example.com
4983,Rider_4983,2023-04-08 04:44:00,Montreal,user4983@example.com
4984,Rider_4984,2023-10-23 21:35:00,New York,user4984@example.com
4985,Rider_4985,2021-02-18 15:10:00,San Francisco,user4985@example.com
4986,Rider_4986,2024-03-31 06:33:00,Calgary,user4986@example.com
4987,Rider_4987,2021-02-10 09:03:00,Los Angeles,user4987@example.com
4988,Rider_4988,2024-03-18 00:58:00,Ottawa,user4988@example.com
4989,Rider_4989,2022-02-12 19:55:00,Los Angeles,user4989@example.com
4990,Rider_4990,2021-12-03 09:21:00,Ottawa,user4990@example.com
4991,Rider_4991,2022-06-14 15:19:00,New York,user4991@example.com
4992,Rider_4992,2022-11-06 07:31:00,Ottawa,user4992@example.com
4993,Rider_4993,2024-04-30 17:54:00,Montreal,user4993@example.com
4994,Rider_4994,2024-06-08 05:55:00,New York,user4994@example.com
4995,Rider_4995,2023-05-10 12:18:00,Toronto,user4995@example.com
4996,Rider_4996,2024-01-26 11:54:00,Montreal,user4996@example.com
4997,Rider_4997,2023-04-11 17:20:00,San Francisco,user4997@example.com
4998,Rider_4998,2022-10-21 09:42:00,Vancouver,user4998@example.com
4999,Rider_4999,2024-01-23 06:28:00,Ottawa,user4999@example.com
5000,Rider_5000,2024-04-09 14:51:00,Ottawa,user5000@example.com
5001,Rider_5001,2022-02-09 01:15:00,Calgary,user5001@example.com
5002,Rider_5002,2022-08-16 07:33:00,Chicago,user5002@example.com
5003,Rider_5003,2024-03-04 07:14:00,Vancouver,user5003@example.com
5004,Rider_5004,2021-07-24 20:34:00,Boston,user5004@example.com
5005,Rider_5005,2022-03-13 01:15:00,New York,user5005@example.com
5006,Rider_5006,2021-05-13 21:02:00,San Francisco,user5006@example.com
5007,Rider_5007,2024-04-13 05:36:00,Boston,user5007@example.com
5008,Rider_5008,2022-04-05 13:09:00,Calgary,user5008@example.com
5009,Rider_5009,2023-06-07 03:30:00,Los Angeles,user5009@example.com
5010,Rider_5010,2021-03-01 23:20:00,Montreal,user5010@example.com
5011,Rider_5011,2022-03-03 01:31:00,Ottawa,user5011@example.com
5012,Rider_5012,2022-02-22 11:37:00,Los Angeles,user5012@example.com
5013,Rider_5013,2024-04-30 10:57:00,San Francisco,user5013@example.com
5014,Rider_5014,2021-01-20 04:02:00,Ottawa,user5014@example.com
5015,Rider_5015,2022-04-22 17:52:00,Toronto,user5015@example.com
5016,Rider_5016,2023-10-24 11:31:00,Ottawa,user5016@example.com
5017,Rider_5017,2022-02-15 21:55:00,Los Angeles,user5017@example.com
5018,Rider_5018,2022-11-21 10:23:00,Chicago,user5018@example.com
5019,Rider_5019,2021-01-27 19:44:00,Vancouver,user5019@example.com
5020,Rider_5020,2021-01-14 18:43:00,Vancouver,user5020@example.com
5021,Rider_5021,2021-02-27 11:36:00,Vancouver,user5021@example.com
5022,Rider_5022,2023-01-16 23:26:00,Los Angeles,user5022@example.com
5023,Rider_5023,2021-12-05 09:45:00,Calgary,user5023@example.com
5024,Rider_5024,2021-04-02 00:12:00,Montreal,user5024@example.com
5025,Rider_5025,2021-05-04 13:43:00,Ottawa,user5025@example.com
5026,Rider_5026,2023-08-07 02:41:00,San Francisco,user5026@example.com
5027,Rider_5027,2022-05-03 19:45:00,Calgary,user5027@example.com
5028,Rider_5028,2022-11-16 04:46:00,Toronto,user5028@example.com
5029,Rider_5029,2022-02-05 19:11:00,Chicago,user5029@example.com
5030,Rider_5030,2022-02-08 04:22:00,San Francisco,user5030@example.com
5031,Rider_5031,2021-07-17 15:11:00,Vancouver,user5031@example.com
5032,Rider_5032,2023-09-07 04:42:00,Boston,user5032@example.com
5033,Rider_5033,2021-08-17 04:53:00,Chicago,user5033@example.com
5034,Rider_5034,2023-10-17 00:38:00,Ottawa,user5034@example.com
5035,Rider_5035,2021-12-28 10:39:00,New York,user5035@example.com
5036,Rider_5036,2023-10-14 21:17:00,Toronto,user5036@example.com
5037,Rider_5037,2021-10-14 05:32:00,New York,user5037@example.com
5038,Rider_5038,2022-11-15 23:54:00,Calgary,user5038@example.com
5039,Rider_5039,2022-05-08 23:05:00,Ottawa,user5039@example.com
5040,Rider_5040,2023-05-10 16:32:00,New York,user5040@example.com
5041,Rider_5041,2021-04-05 11:16:00,Boston,user5041@example.com
5042,Rider_5042,2022-02-04 22:14:00,San Francisco,user5042@example.com
5043,Rider_5043,2023-11-20 20:07:00,New York,user5043@example.com
5044,Rider_5044,2023-04-20 13:06:00,Los Angeles,user5044@example.com
5045,Rider_5045,2023-07-22 23:12:00,New York,user5045@example.com
5046,Rider_5046,2022-06-28 06:51:00,Boston,user5046@example.com
5047,Rider_5047,2021-05-01 08:37:00,Toronto,user5047@example.com
5048,Rider_5048,2022-11-21 10:32:00,Calgary,user5048@example.com
5049,Rider_5049,2023-03-05 20:47:00,Toronto,user5049@example.com
5050,Rider_5050,2022-01-04 03:12:00,Toronto,user5050@example.com
5051,Rider_5051,2022-05-22 02:17:00,Boston,user5051@example.com
5052,Rider_5052,2022-07-31 21:16:00,Ottawa,user5052@example.com
5053,Rider_5053,2021-04-21 21:43:00,Montreal,user5053@example.com
5054,Rider_5054,2022-03-16 18:09:00,Montreal,user5054@example.com
5055,Rider_5055,2021-02-08 08:40:00,Chicago,user5055@example.com
5056,Rider_5056,2023-08-01 21:21:00,Los Angeles,user5056@example.com
5057,Rider_5057,2022-06-05 09:10:00,Los Angeles,user5057@example.com
5058,Rider_5058,2023-10-10 19:30:00,Montreal,user5058@example.com
5059,Rider_5059,2023-01-02 04:24:00,Los Angeles,user5059@example.com
5060,Rider_5060,2023-08-25 02:43:00,San Francisco,user5060@example.com
5061,Rider_5061,2021-09-07 00:53:00,New York,user5061@example.com
5062,Rider_5062,2021-03-11 07:12:00,Los Angeles,user5062@example.com
5063,Rider_5063,2021-08-22 02:45:00,San Francisco,user5063@example.com
5064,Rider_5064,2021-02-09 16:01:00,Ottawa,user5064@example.com
5065,Rider_5065,2023-08-05 02:35:00,Toronto,user5065@example.com
5066,Rider_5066,2024-06-09 05:41:00,Boston,user5066@example.com
5067,Rider_5067,2023-03-05 11:51:00,Los Angeles,user5067@example.com
5068,Rider_5068,2024-05-02 01:46:00,Calgary,user5068@example.com
5069,Rider_5069,2024-01-13 08:36:00,Ottawa,user5069@example.com
5070,Rider_5070,2021-11-30 18:53:00,Los Angeles,user5070@example.com
5071,Rider_5071,2023-06-25 04:07:00,Montreal,user5071@example.com
5072,Rider_5072,2023-10-18 16:56:00,New York,user5072@example.com
5073,Rider_5073,2022-08-16 00:03:00,Chicago,user5073@example.com
5074,Rider_5074,2021-05-01 02:22:00,Toronto,user5074@example.com
5075,Rider_5075,2023-05-29 07:43:00,Boston,user5075@example.com
5076,Rider_5076,2023-06-12 08:38:00,Calgary,user5076@example.com
5077,Rider_5077,2024-02-15 03:41:00,Calgary,user5077@example.com
5078,Rider_5078,2023-04-18 06:09:00,Montreal,user5078@example.com
5079,Rider_5079,2023-03-31 20:11:00,Toronto,user5079@example.com
5080,Rider_5080,2023-08-02 02:24:00,New York,user5080@example.com
5081,Rider_5081,2023-10-22 00:40:00,Vancouver,user5081@example.com
5082,Rider_5082,2023-03-20 07:31:00,Calgary,user5082@example.com
5083,Rider_5083,2022-05-08 08:21:00,Vancouver,user5083@example.com
5084,Rider_5084,2021-10-30 23:00:00,San Francisco,user5084@example.com
5085,Rider_5085,2022-04-01 06:15:00,Ottawa,user5085@example.com
5086,Rider_5086,2022-05-26 14:14:00,Boston,user5086@example.com
5087,Rider_5087,2024-05-26 05:06:00,Boston,user5087@example.com
5088,Rider_5088,2021-12-25 16:13:00,Los Angeles,user5088@example.com
5089,Rider_5089,2022-05-05 01:12:00,Vancouver,user5089@example.com
5090,Rider_5090,2023-12-13 15:38:00,Toronto,user5090@example.com
5091,Rider_5091,2022-11-23 07:04:00,Boston,user5091@example.com
5092,Rider_5092,2022-07-17 03:54:00,Montreal,user5092@example.com
5093,Rider_5093,2022-07-01 18:56:00,Toronto,user5093@example.com
5094,Rider_5094,2023-02-25 11:45:00,Calgary,user5094@example.com
5095,Rider_5095,2022-07-17 19:24:00,Toronto,user5095@example.com
5096,Rider_5096,2023-07-30 04:11:00,Vancouver,user5096@example.com
5097,Rider_5097,2022-11-29 10:44:00,Boston,user5097@example.com
5098,Rider_5098,2021-12-23 22:11:00,Montreal,user5098@example.com
5099,Rider_5099,2021-07-14 14:49:00,Ottawa,user5099@example.com
5100,Rider_5100,2022-01-16 12:10:00,Calgary,user5100@example.com
5101,Rider_5101,2023-11-14 04:27:00,Montreal,user5101@example.com
5102,Rider_5102,2023-11-01 10:39:00,Ottawa,user5102@example.com
5103,Rider_5103,2023-07-30 16:22:00,Chicago,user5103@example.com
5104,Rider_5104,2024-05-21 07:39:00,San Francisco,user5104@example.com
5105,Rider_5105,2022-06-15 14:43:00,San Francisco,user5105@example.com
5106,Rider_5106,2021-07-03 06:01:00,Los Angeles,user5106@example.com
5107,Rider_5107,2022-09-27 14:05:00,Toronto,user5107@example.com
5108,Rider_5108,2023-02-24 12:43:00,Montreal,user5108@example.com
5109,Rider_5109,2023-06-14 19:16:00,Chicago,user5109@example.com
5110,Rider_5110,2023-09-10 18:08:00,Vancouver,user5110@example.com
5111,Rider_5111,2021-10-07 11:44:00,Boston,user5111@example.com
5112,Rider_5112,2021-01-25 02:20:00,Vancouver,user5112@example.com
5113,Rider_5113,2021-07-07 15:20:00,Chicago,user5113@example.com
5114,Rider_5114,2022-02-14 03:22:00,Montreal,user5114@example.com
5115,Rider_5115,2024-01-11 02:14:00,Calgary,user5115@example.com
5116,Rider_5116,2024-02-28 23:36:00,Vancouver,user5116@example.com
5117,Rider_5117,2021-07-16 08:27:00,Toronto,user5117@example.com
5118,Rider_5118,2022-11-02 04:29:00,New York,user5118@example.com
5119,Rider_5119,2023-12-08 22:48:00,New York,user5119@example.com
5120,Rider_5120,2021-04-24 10:11:00,Chicago,user5120@example.com
5121,Rider_5121,2023-03-11 20:45:00,Chicago,user5121@example.com
5122,Rider_5122,2022-08-26 21:56:00,Calgary,user5122@example.com
5123,Rider_5123,2022-07-05 11:47:00,Montreal,user5123@example.com
5124,Rider_5124,2022-09-17 23:29:00,Chicago,user5124@example.com
5125,Rider_5125,2022-01-11 01:20:00,Calgary,user5125@example.com
5126,Rider_5126,2021-07-04 21:44:00,San Francisco,user5126@example.com
5127,Rider_5127,2022-06-07 22:52:00,Los Angeles,user5127@example.com
5128,Rider_5128,2023-08-04 16:07:00,Ottawa,user5128@example.com
5129,Rider_5129,2021-06-17 10:01:00,Ottawa,user5129@example.com
5130,Rider_5130,2021-04-25 13:41:00,New York,user5130@example.com
5131,Rider_5131,2022-11-29 08:01:00,Los Angeles,user5131@example.com
5132,Rider_5132,2023-09-07 23:07:00,Montreal,user5132@example.com
5133,Rider_5133,2024-02-25 15:12:00,Vancouver,user5133@example.com
5134,Rider_5134,2022-03-26 09:33:00,Montreal,user5134@example.com
5135,Rider_5135,2023-12-24 14:07:00,Vancouver,user5135@example.com
5136,Rider_5136,2024-02-14 08:44:00,Chicago,user5136@example.com
5137,Rider_5137,2024-01-30 05:46:00,Chicago,user5137@example.com
5138,Rider_5138,2023-03-03 06:50:00,Ottawa,user5138@example.com
5139,Rider_5139,2021-08-25 12:31:00,Toronto,user5139@example.com
5140,Rider_5140,2023-07-12 01:16:00,New York,user5140@example.com
5141,Rider_5141,2022-07-29 13:53:00,Ottawa,user5141@example.com
5142,Rider_5142,2022-08-13 08:06:00,Vancouver,user5142@example.com
5143,Rider_5143,2022-11-13 07:42:00,Los Angeles,user5143@example.com
5144,Rider_5144,2023-03-02 04:29:00,Chicago,user5144@example.com
5145,Rider_5145,2022-03-10 21:02:00,Ottawa,user5145@example.com
5146,Rider_5146,2021-12-27 19:24:00,Toronto,user5146@example.com
5147,Rider_5147,2023-02-06 07:18:00,San Francisco,user5147@example.com
5148,Rider_5148,2021-03-17 00:18:00,Los Angeles,user5148@example.com
5149,Rider_5149,2023-03-16 04:25:00,Ottawa,user5149@example.com
5150,Rider_5150,2023-06-20 17:33:00,Calgary,user5150@example.com
5151,Rider_5151,2022-10-25 20:08:00,Calgary,user5151@example.com
5152,Rider_5152,2022-05-17 10:51:00,San Francisco,user5152@example.com
5153,Rider_5153,2022-05-10 21:27:00,Montreal,user5153@example.com
5154,Rider_5154,2021-08-11 10:45:00,Chicago,user5154@example.com
5155,Rider_5155,2024-02-16 04:49:00,New York,user5155@example.com
5156,Rider_5156,2022-10-31 19:36:00,Boston,user5156@example.com
5157,Rider_5157,2022-03-09 06:08:00,Calgary,user5157@example.com
5158,Rider_5158,2023-08-15 02:39:00,Ottawa,user5158@example.com
5159,Rider_5159,2021-06-04 12:22:00,Los Angeles,user5159@example.com
5160,Rider_5160,2022-03-19 09:46:00,Los Angeles,user5160@example.com
5161,Rider_5161,2021-07-04 03:54:00,Chicago,user5161@example.com
5162,Rider_5162,2022-03-02 09:48:00,San Francisco,user5162@example.com
5163,Rider_5163,2022-11-13 20:00:00,Vancouver,user5163@example.com
5164,Rider_5164,2021-09-21 00:44:00,Boston,user5164@example.com
5165,Rider_5165,2022-02-08 00:12:00,San Francisco,user5165@example.com
5166,Rider_5166,2024-03-16 11:21:00,Ottawa,user5166@example.com
5167,Rider_5167,2021-12-26 21:27:00,Toronto,user5167@example.com
5168,Rider_5168,2021-08-08 00:58:00,San Francisco,user5168@example.com
5169,Rider_5169,2021-11-18 07:40:00,Toronto,user5169@example.com
5170,Rider_5170,2023-03-02 05:38:00,Calgary,user5170@example.com
5171,Rider_5171,2021-02-12 11:41:00,Chicago,user5171@example.com
5172,Rider_5172,2021-03-03 17:48:00,Ottawa,user5172@example.com
5173,Rider_5173,2023-04-16 14:57:00,Calgary,user5173@example.com
5174,Rider_5174,2021-01-11 08:29:00,Boston,user5174@example.com
5175,Rider_5175,2021-02-10 01:02:00,Vancouver,user5175@example.com
5176,Rider_5176,2021-11-12 13:38:00,Los Angeles,user5176@example.com
5177,Rider_5177,2023-06-07 06:34:00,San Francisco,user5177@example.com
5178,Rider_5178,2024-02-12 06:16:00,Montreal,user5178@example.com
5179,Rider_5179,2023-03-21 04:19:00,Vancouver,user5179@example.com
5180,Rider_5180,2022-12-07 00:43:00,Chicago,user5180@example.com
5181,Rider_5181,2021-06-20 06:44:00,San Francisco,user5181@example.com
5182,Rider_5182,2022-11-22 08:37:00,Toronto,user5182@example.com
5183,Rider_5183,2023-02-06 05:53:00,Montreal,user5183@example.com
5184,Rider_5184,2021-05-15 22:31:00,San Francisco,user5184@example.com
5185,Rider_5185,2022-03-09 13:29:00,Chicago,user5185@example.com
5186,Rider_5186,2022-07-04 11:40:00,Toronto,user5186@example.com
5187,Rider_5187,2024-03-02 04:40:00,Toronto,user5187@example.com
5188,Rider_5188,2024-02-04 22:00:00,Boston,user5188@example.com
5189,Rider_5189,2022-05-24 03:45:00,Toronto,user5189@example.com
5190,Rider_5190,2023-02-27 16:34:00,Chicago,user5190@example.com
5191,Rider_5191,2022-03-05 22:03:00,Los Angeles,user5191@example.com
5192,Rider_5192,2023-09-07 15:21:00,Vancouver,user5192@example.com
5193,Rider_5193,2023-11-11 01:00:00,Calgary,user5193@example.com
5194,Rider_5194,2024-01-03 23:46:00,Toronto,user5194@example.com
5195,Rider_5195,2021-03-01 14:02:00,Los Angeles,user5195@example.com
5196,Rider_5196,2021-06-06 00:37:00,Montreal,user5196@example.com
5197,Rider_5197,2022-05-09 06:16:00,Calgary,user5197@example.com
5198,Rider_5198,2023-05-18 02:05:00,Boston,user5198@example.com
5199,Rider_5199,2023-09-13 15:46:00,New York,user5199@example.com
5200,Rider_5200,2022-01-18 00:19:00,New York,user5200@example.com
5201,Rider_5201,2023-06-30 20:27:00,Chicago,user5201@example.com
5202,Rider_5202,2021-12-09 02:00:00,Montreal,user5202@example.com
5203,Rider_5203,2022-02-17 02:34:00,Boston,user5203@example.com
5204,Rider_5204,2021-08-24 05:50:00,Vancouver,user5204@example.com
5205,Rider_5205,2021-10-18 15:46:00,Vancouver,user5205@example.com
5206,Rider_5206,2022-03-16 00:04:00,Vancouver,user5206@example.com
5207,Rider_5207,2021-11-05 11:20:00,Chicago,user5207@example.com
5208,Rider_5208,2023-03-14 01:17:00,Toronto,user5208@example.com
5209,Rider_5209,2021-01-05 23:13:00,Boston,user5209@example.com
5210,Rider_5210,2021-04-15 11:40:00,Montreal,user5210@example.com
5211,Rider_5211,2023-05-17 09:56:00,Vancouver,user5211@example.com
5212,Rider_5212,2021-11-20 23:11:00,Ottawa,user5212@example.com
5213,Rider_5213,2021-03-02 07:02:00,Chicago,user5213@example.com
5214,Rider_5214,2023-12-05 17:48:00,Montreal,user5214@example.com
5215,Rider_5215,2023-08-11 20:23:00,San Francisco,user5215@example.com
5216,Rider_5216,2023-09-08 06:22:00,Montreal,user5216@example.com
5217,Rider_5217,2021-12-31 14:50:00,Ottawa,user5217@example.com
5218,Rider_5218,2023-01-23 05:31:00,Los Angeles,user5218@example.com
5219,Rider_5219,2023-10-18 12:32:00,Calgary,user5219@example.com
5220,Rider_5220,2022-04-12 04:33:00,Chicago,user5220@example.com
5221,Rider_5221,2022-03-30 18:52:00,Boston,user5221@example.com
5222,Rider_5222,2023-02-01 12:47:00,Vancouver,user5222@example.com
5223,Rider_5223,2023-07-18 17:10:00,Montreal,user5223@example.com
5224,Rider_5224,2023-04-25 03:55:00,Los Angeles,user5224@example.com
5225,Rider_5225,2022-04-04 21:57:00,Vancouver,user5225@example.com
5226,Rider_5226,2021-12-07 02:19:00,Toronto,user5226@example.com
5227,Rider_5227,2024-03-18 18:59:00,Toronto,user5227@example.com
5228,Rider_5228,2022-10-14 19:35:00,San Francisco,user5228@example.com
5229,Rider_5229,2022-05-21 11:40:00,Vancouver,user5229@example.com
5230,Rider_5230,2023-10-27 00:44:00,Boston,user5230@example.com
5231,Rider_5231,2021-06-29 22:03:00,Montreal,user5231@example.com
5232,Rider_5232,2022-12-23 22:36:00,Chicago,user5232@example.com
5233,Rider_5233,2023-10-24 05:25:00,Los Angeles,user5233@example.com
5234,Rider_5234,2022-06-24 22:40:00,Toronto,user5234@example.com
5235,Rider_5235,2023-12-31 21:32:00,Montreal,user5235@example.com
5236,Rider_5236,2024-04-16 20:56:00,Chicago,user5236@example.com
5237,Rider_5237,2024-06-04 02:11:00,Vancouver,user5237@example.com
5238,Rider_5238,2023-07-23 17:05:00,Vancouver,user5238@example.com
5239,Rider_5239,2023-12-04 13:29:00,Montreal,user5239@example.com
5240,Rider_5240,2021-02-14 23:48:00,Boston,user5240@example.com
5241,Rider_5241,2022-02-21 04:55:00,San Francisco,user5241@example.com
5242,Rider_5242,2021-12-01 03:44:00,Calgary,user5242@example.com
5243,Rider_5243,2021-04-05 10:54:00,Montreal,user5243@example.com
5244,Rider_5244,2024-04-13 22:44:00,Calgary,user5244@example.com
5245,Rider_5245,2022-02-11 09:21:00,Los Angeles,user5245@example.com
5246,Rider_5246,2022-10-01 19:43:00,Los Angeles,user5246@example.com
5247,Rider_5247,2024-06-10 18:50:00,Montreal,user5247@example.com
5248,Rider_5248,2022-10-23 12:34:00,Vancouver,user5248@example.com
5249,Rider_5249,2022-02-09 23:34:00,Montreal,user5249@example.com
5250,Rider_5250,2022-02-21 19:35:00,New York,user5250@example.com
5251,Rider_5251,2024-02-06 04:46:00,Vancouver,user5251@example.com
5252,Rider_5252,2022-06-12 22:12:00,Boston,user5252@example.com
5253,Rider_5253,2022-04-25 06:06:00,New York,user5253@example.com
5254,Rider_5254,2022-09-29 14:52:00,Vancouver,user5254@example.com
5255,Rider_5255,2023-06-09 08:33:00,Boston,user5255@example.com
5256,Rider_5256,2023-04-13 16:01:00,Chicago,user5256@example.com
5257,Rider_5257,2024-04-25 23:48:00,Boston,user5257@example.com
5258,Rider_5258,2023-08-11 17:37:00,Toronto,user5258@example.com
5259,Rider_5259,2022-05-28 03:31:00,Ottawa,user5259@example.com
5260,Rider_5260,2023-07-29 18:35:00,Chicago,user5260@example.com
5261,Rider_5261,2021-01-31 22:40:00,Calgary,user5261@example.com
5262,Rider_5262,2024-05-31 12:07:00,New York,user5262@example.com
5263,Rider_5263,2021-05-21 04:51:00,Montreal,user5263@example.com
5264,Rider_5264,2022-07-02 21:37:00,Los Angeles,user5264@example.com
5265,Rider_5265,2021-04-09 14:08:00,Calgary,user5265@example.com
5266,Rider_5266,2023-03-17 16:38:00,New York,user5266@example.com
5267,Rider_5267,2022-07-17 11:58:00,Boston,user5267@example.com
5268,Rider_5268,2021-11-05 06:22:00,Calgary,user5268@example.com
5269,Rider_5269,2023-04-13 04:17:00,Chicago,user5269@example.com
5270,Rider_5270,2024-01-21 02:17:00,Montreal,user5270@example.com
5271,Rider_5271,2022-03-27 18:58:00,Boston,user5271@example.com
5272,Rider_5272,2022-08-04 19:15:00,Chicago,user5272@example.com
5273,Rider_5273,2022-10-05 04:29:00,Los Angeles,user5273@example.com
5274,Rider_5274,2023-05-09 23:30:00,Boston,user5274@example.com
5275,Rider_5275,2021-01-22 04:34:00,Boston,user5275@example.com
5276,Rider_5276,2021-02-01 02:42:00,New York,user5276@example.com
5277,Rider_5277,2021-06-09 06:14:00,Calgary,user5277@example.com
5278,Rider_5278,2022-09-11 04:10:00,Calgary,user5278@example.com
5279,Rider_5279,2021-03-07 16:30:00,Vancouver,user5279@example.com
5280,Rider_5280,2022-03-16 18:20:00,Chicago,user5280@example.com
5281,Rider_5281,2021-02-07 15:53:00,San Francisco,user5281@example.com
5282,Rider_5282,2023-09-09 02:05:00,Boston,user5282@example.com
5283,Rider_5283,2021-02-22 11:20:00,Boston,user5283@example.com
5284,Rider_5284,2024-03-10 22:52:00,San Francisco,user5284@example.com
5285,Rider_5285,2024-05-02 23:38:00,Toronto,user5285@example.com
5286,Rider_5286,2023-10-15 22:27:00,Montreal,user5286@example.com
5287,Rider_5287,2021-07-23 19:14:00,Montreal,user5287@example.com
5288,Rider_5288,2021-05-12 21:55:00,San Francisco,user5288@example.com
5289,Rider_5289,2021-04-25 18:49:00,Toronto,user5289@example.com
5290,Rider_5290,2024-01-27 18:19:00,Calgary,user5290@example.com
5291,Rider_5291,2021-02-01 07:24:00,Montreal,user5291@example.com
5292,Rider_5292,2024-02-28 16:04:00,New York,user5292@example.com
5293,Rider_5293,2023-07-29 15:15:00,Calgary,user5293@example.com
5294,Rider_5294,2021-05-29 10:36:00,Chicago,user5294@example.com
5295,Rider_5295,2024-05-16 07:00:00,Ottawa,user5295@example.com
5296,Rider_5296,2021-10-29 19:26:00,Montreal,user5296@example.com
5297,Rider_5297,2022-04-30 23:16:00,Ottawa,user5297@example.com
5298,Rider_5298,2022-10-23 10:50:00,Los Angeles,user5298@example.com
5299,Rider_5299,2024-02-29 23:04:00,Calgary,user5299@example.com
5300,Rider_5300,2022-04-15 09:07:00,New York,user5300@example.com
5301,Rider_5301,2022-12-14 21:14:00,San Francisco,user5301@example.com
5302,Rider_5302,2021-06-04 20:18:00,Boston,user5302@example.com
5303,Rider_5303,2023-10-17 03:20:00,San Francisco,user5303@example.com
5304,Rider_5304,2023-01-03 07:04:00,Ottawa,user5304@example.com
5305,Rider_5305,2022-03-29 10:09:00,Montreal,user5305@example.com
5306,Rider_5306,2021-05-25 13:37:00,Montreal,user5306@example.com
5307,Rider_5307,2022-09-24 05:06:00,Boston,user5307@example.com
5308,Rider_5308,2022-03-09 17:23:00,Calgary,user5308@example.com
5309,Rider_5309,2022-03-18 20:03:00,Vancouver,user5309@example.com
5310,Rider_5310,2023-02-26 23:10:00,Calgary,user5310@example.com
5311,Rider_5311,2022-08-18 01:12:00,Boston,user5311@example.com
5312,Rider_5312,2023-02-12 02:48:00,New York,user5312@example.com
5313,Rider_5313,2022-08-03 00:40:00,Montreal,user5313@example.com
5314,Rider_5314,2024-01-16 01:25:00,Calgary,user5314@example.com
5315,Rider_5315,2022-12-04 13:51:00,Toronto,user5315@example.com
5316,Rider_5316,2023-06-17 16:54:00,Boston,user5316@example.com
5317,Rider_5317,2022-09-10 06:13:00,New York,user5317@example.com
5318,Rider_5318,2022-11-26 12:32:00,Boston,user5318@example.com
5319,Rider_5319,2023-01-11 16:37:00,Los Angeles,user5319@example.com
5320,Rider_5320,2021-06-19 05:53:00,Ottawa,user5320@example.com
5321,Rider_5321,2022-06-01 10:05:00,San Francisco,user5321@example.com
5322,Rider_5322,2024-06-11 19:05:00,Chicago,user5322@example.com
5323,Rider_5323,2021-05-29 04:21:00,Toronto,user5323@example.com
5324,Rider_5324,2021-09-20 22:18:00,Calgary,user5324@example.com
5325,Rider_5325,2023-01-31 21:29:00,Boston,user5325@example.com
5326,Rider_5326,2022-01-24 07:31:00,Ottawa,user5326@example.com
5327,Rider_5327,2021-08-08 13:11:00,Toronto,user5327@example.com
5328,Rider_5328,2023-08-16 16:21:00,Montreal,user5328@example.com
5329,Rider_5329,2023-03-25 01:58:00,Vancouver,user5329@example.com
5330,Rider_5330,2024-03-27 12:32:00,Ottawa,user5330@example.com
5331,Rider_5331,2021-04-02 13:10:00,Boston,user5331@example.com
5332,Rider_5332,2022-01-27 12:07:00,Vancouver,user5332@example.com
5333,Rider_5333,2022-04-29 19:52:00,Montreal,user5333@example.com
5334,Rider_5334,2021-08-22 23:13:00,Los Angeles,user5334@example.com
5335,Rider_5335,2022-05-15 08:15:00,New York,user5335@example.com
5336,Rider_5336,2023-07-20 02:16:00,Ottawa,user5336@example.com
5337,Rider_5337,2021-01-09 15:43:00,Montreal,user5337@example.com
5338,Rider_5338,2023-12-09 11:52:00,San Francisco,user5338@example.com
5339,Rider_5339,2024-03-18 21:51:00,Boston,user5339@example.com
5340,Rider_5340,2024-05-19 12:24:00,Calgary,user5340@example.com
5341,Rider_5341,2023-04-28 13:01:00,Vancouver,user5341@example.com
5342,Rider_5342,2022-05-02 06:05:00,Vancouver,user5342@example.com
5343,Rider_5343,2022-05-15 22:59:00,Boston,user5343@example.com
5344,Rider_5344,2024-01-07 04:31:00,Vancouver,user5344@example.com
5345,Rider_5345,2023-03-11 03:22:00,Vancouver,user5345@example.com
5346,Rider_5346,2024-02-24 01:27:00,Calgary,user5346@example.com
5347,Rider_5347,2021-06-13 04:19:00,Toronto,user5347@example.com
5348,Rider_5348,2023-12-23 06:08:00,Montreal,user5348@example.com
5349,Rider_5349,2022-08-07 14:35:00,Toronto,user5349@example.com
5350,Rider_5350,2024-03-21 18:46:00,Chicago,user5350@example.com
5351,Rider_5351,2021-09-09 19:16:00,New York,user5351@example.com
5352,Rider_5352,2024-03-08 05:00:00,Calgary,user5352@example.com
5353,Rider_5353,2021-09-16 04:16:00,Toronto,user5353@example.com
5354,Rider_5354,2022-11-11 18:57:00,Boston,user5354@example.com
5355,Rider_5355,2021-03-02 16:20:00,Toronto,user5355@example.com
5356,Rider_5356,2023-02-09 05:49:00,Montreal,user5356@example.com
5357,Rider_5357,2023-08-31 17:07:00,Chicago,user5357@example.com
5358,Rider_5358,2023-01-27 19:53:00,Calgary,user5358@example.com
5359,Rider_5359,2024-03-09 12:29:00,Chicago,user5359@example.com
5360,Rider_5360,2022-10-12 13:39:00,Calgary,user5360@example.com
5361,Rider_5361,2021-01-15 09:10:00,Montreal,user5361@example.com
5362,Rider_5362,2021-07-02 15:49:00,San Francisco,user5362@example.com
5363,Rider_5363,2022-04-03 01:27:00,Montreal,user5363@example.com
5364,Rider_5364,2023-03-23 15:28:00,San Francisco,user5364@example.com
5365,Rider_5365,2023-08-14 12:36:00,Los Angeles,user5365@example.com
5366,Rider_5366,2023-05-26 20:22:00,Los Angeles,user5366@example.com
5367,Rider_5367,2021-08-08 20:09:00,Chicago,user5367@example.com
5368,Rider_5368,2023-03-24 20:13:00,San Francisco,user5368@example.com
5369,Rider_5369,2024-06-01 03:03:00,Boston,user5369@example.com
5370,Rider_5370,2024-01-15 21:33:00,Ottawa,user5370@example.com
5371,Rider_5371,2023-03-18 19:52:00,Los Angeles,user5371@example.com
5372,Rider_5372,2022-01-26 06:52:00,Ottawa,user5372@example.com
5373,Rider_5373,2022-12-21 01:25:00,Vancouver,user5373@example.com
5374,Rider_5374,2022-05-28 21:53:00,Boston,user5374@example.com
5375,Rider_5375,2021-09-13 03:14:00,Chicago,user5375@example.com
5376,Rider_5376,2024-01-16 20:10:00,Calgary,user5376@example.com
5377,Rider_5377,2021-01-16 06:09:00,Vancouver,user5377@example.com
5378,Rider_5378,2022-10-09 16:53:00,Los Angeles,user5378@example.com
5379,Rider_5379,2021-08-22 13:25:00,Chicago,user5379@example.com
5380,Rider_5380,2021-04-15 03:43:00,Vancouver,user5380@example.com
5381,Rider_5381,2022-04-30 10:15:00,New York,user5381@example.com
5382,Rider_5382,2021-11-06 13:14:00,Boston,user5382@example.com
5383,Rider_5383,2023-04-16 08:04:00,Toronto,user5383@example.com
5384,Rider_5384,2022-05-30 05:53:00,Vancouver,user5384@example.com
5385,Rider_5385,2021-04-05 22:15:00,Toronto,user5385@example.com
5386,Rider_5386,2022-12-30 02:10:00,Ottawa,user5386@example.com
5387,Rider_5387,2021-09-01 00:59:00,Ottawa,user5387@example.com
5388,Rider_5388,2022-06-29 09:49:00,Toronto,user5388@example.com
5389,Rider_5389,2021-12-18 02:59:00,Calgary,user5389@example.com
5390,Rider_5390,2023-09-04 20:10:00,Los Angeles,user5390@example.com
5391,Rider_5391,2021-10-27 06:09:00,New York,user5391@example.com
5392,Rider_5392,2022-03-18 11:16:00,San Francisco,user5392@example.com
5393,Rider_5393,2023-06-27 22:33:00,Montreal,user5393@example.com
5394,Rider_5394,2022-07-25 12:59:00,San Francisco,user5394@example.com
5395,Rider_5395,2024-04-06 11:24:00,Ottawa,user5395@example.com
5396,Rider_5396,2022-01-31 17:44:00,Montreal,user5396@example.com
5397,Rider_5397,2023-04-21 10:34:00,Calgary,user5397@example.com
5398,Rider_5398,2021-05-01 08:31:00,Boston,user5398@example.com
5399,Rider_5399,2021-08-25 18:41:00,Ottawa,user5399@example.com
5400,Rider_5400,2024-02-10 00:54:00,Toronto,user5400@example.com
5401,Rider_5401,2022-03-11 22:37:00,Boston,user5401@example.com
5402,Rider_5402,2022-02-13 11:01:00,Chicago,user5402@example.com
5403,Rider_5403,2021-06-08 22:50:00,Ottawa,user5403@example.com
5404,Rider_5404,2024-05-22 22:00:00,Chicago,user5404@example.com
5405,Rider_5405,2023-07-02 08:46:00,Calgary,user5405@example.com
5406,Rider_5406,2022-05-28 21:15:00,Montreal,user5406@example.com
5407,Rider_5407,2024-04-14 05:27:00,Ottawa,user5407@example.com
5408,Rider_5408,2023-07-29 11:39:00,Ottawa,user5408@example.com
5409,Rider_5409,2024-06-08 02:18:00,San Francisco,user5409@example.com
5410,Rider_5410,2023-11-05 11:22:00,Ottawa,user5410@example.com
5411,Rider_5411,2021-11-22 03:31:00,Vancouver,user5411@example.com
5412,Rider_5412,2021-01-05 03:34:00,Chicago,user5412@example.com
5413,Rider_5413,2021-12-03 05:35:00,Boston,user5413@example.com
5414,Rider_5414,2024-06-01 23:12:00,Toronto,user5414@example.com
5415,Rider_5415,2021-08-16 13:36:00,Ottawa,user5415@example.com
5416,Rider_5416,2021-09-14 00:52:00,Chicago,user5416@example.com
5417,Rider_5417,2021-01-01 09:12:00,Vancouver,user5417@example.com
5418,Rider_5418,2021-05-01 20:07:00,Los Angeles,user5418@example.com
5419,Rider_5419,2021-08-01 18:47:00,New York,user5419@example.com
5420,Rider_5420,2024-06-07 23:52:00,Calgary,user5420@example.com
5421,Rider_5421,2022-10-23 20:16:00,Vancouver,user5421@example.com
5422,Rider_5422,2022-05-24 02:46:00,Vancouver,user5422@example.com
5423,Rider_5423,2023-02-17 07:20:00,San Francisco,user5423@example.com
5424,Rider_5424,2022-01-10 00:39:00,Toronto,user5424@example.com
5425,Rider_5425,2022-09-03 21:17:00,Calgary,user5425@example.com
5426,Rider_5426,2024-04-17 05:48:00,Montreal,user5426@example.com
5427,Rider_5427,2024-01-03 02:42:00,Montreal,user5427@example.com
5428,Rider_5428,2022-07-06 11:02:00,Vancouver,user5428@example.com
5429,Rider_5429,2023-03-22 21:02:00,San Francisco,user5429@example.com
5430,Rider_5430,2023-04-05 09:23:00,Los Angeles,user5430@example.com
5431,Rider_5431,2023-07-30 10:14:00,Toronto,user5431@example.com
5432,Rider_5432,2021-09-16 01:15:00,Boston,user5432@example.com
5433,Rider_5433,2024-01-11 00:57:00,San Francisco,user5433@example.com
5434,Rider_5434,2022-11-11 05:36:00,Chicago,user5434@example.com
5435,Rider_5435,2022-11-18 01:47:00,Calgary,user5435@example.com
5436,Rider_5436,2023-12-16 19:11:00,Vancouver,user5436@example.com
5437,Rider_5437,2023-12-01 16:21:00,San Francisco,user5437@example.com
5438,Rider_5438,2023-05-17 16:12:00,Toronto,user5438@example.com
5439,Rider_5439,2023-10-10 23:45:00,Montreal,user5439@example.com
5440,Rider_5440,2021-10-04 12:47:00,Los Angeles,user5440@example.com
5441,Rider_5441,2022-07-23 01:48:00,New York,user5441@example.com
5442,Rider_5442,2024-04-12 07:26:00,Vancouver,user5442@example.com
5443,Rider_5443,2024-02-06 16:07:00,Los Angeles,user5443@example.com
5444,Rider_5444,2021-11-29 02:17:00,Montreal,user5444@example.com
5445,Rider_5445,2023-05-20 14:38:00,Ottawa,user5445@example.com
5446,Rider_5446,2022-08-18 03:02:00,Boston,user5446@example.com
5447,Rider_5447,2021-10-06 01:48:00,Los Angeles,user5447@example.com
5448,Rider_5448,2021-11-01 05:17:00,New York,user5448@example.com
5449,Rider_5449,2022-07-15 18:44:00,Vancouver,user5449@example.com
5450,Rider_5450,2021-10-30 17:58:00,Calgary,user5450@example.com
5451,Rider_5451,2023-06-30 14:41:00,New York,user5451@example.com
5452,Rider_5452,2022-05-26 05:33:00,San Francisco,user5452@example.com
5453,Rider_5453,2022-07-28 00:22:00,Toronto,user5453@example.com
5454,Rider_5454,2023-02-21 01:29:00,San Francisco,user5454@example.com
5455,Rider_5455,2023-08-01 14:11:00,New York,user5455@example.com
5456,Rider_5456,2021-02-22 02:01:00,San Francisco,user5456@example.com
5457,Rider_5457,2023-09-24 19:20:00,San Francisco,user5457@example.com
5458,Rider_5458,2022-09-11 17:28:00,Vancouver,user5458@example.com
5459,Rider_5459,2023-12-17 10:05:00,New York,user5459@example.com
5460,Rider_5460,2022-03-02 21:56:00,San Francisco,user5460@example.com
5461,Rider_5461,2023-06-08 20:27:00,New York,user5461@example.com
5462,Rider_5462,2024-01-21 10:04:00,New York,user5462@example.com
5463,Rider_5463,2023-08-02 18:57:00,Vancouver,user5463@example.com
5464,Rider_5464,2023-02-01 15:43:00,Vancouver,user5464@example.com
5465,Rider_5465,2023-01-06 11:26:00,Chicago,user5465@example.com
5466,Rider_5466,2024-06-08 07:11:00,Calgary,user5466@example.com
5467,Rider_5467,2021-03-01 07:57:00,Toronto,user5467@example.com
5468,Rider_5468,2021-02-14 19:07:00,Los Angeles,user5468@example.com
5469,Rider_5469,2024-01-14 02:08:00,Ottawa,user5469@example.com
5470,Rider_5470,2024-01-02 04:09:00,Chicago,user5470@example.com
5471,Rider_5471,2021-07-24 12:12:00,Chicago,user5471@example.com
5472,Rider_5472,2022-10-14 18:47:00,Toronto,user5472@example.com
5473,Rider_5473,2021-03-29 01:37:00,Toronto,user5473@example.com
5474,Rider_5474,2023-09-18 06:54:00,Vancouver,user5474@example.com
5475,Rider_5475,2022-05-04 03:35:00,New York,user5475@example.com
5476,Rider_5476,2023-04-26 04:54:00,Toronto,user5476@example.com
5477,Rider_5477,2021-10-29 15:38:00,San Francisco,user5477@example.com
5478,Rider_5478,2024-02-20 14:15:00,Ottawa,user5478@example.com
5479,Rider_5479,2022-06-01 18:38:00,New York,user5479@example.com
5480,Rider_5480,2024-01-07 20:57:00,Los Angeles,user5480@example.com
5481,Rider_5481,2023-07-01 15:15:00,Chicago,user5481@example.com
5482,Rider_5482,2023-03-14 02:34:00,Los Angeles,user5482@example.com
5483,Rider_5483,2023-10-30 06:10:00,New York,user5483@example.com
5484,Rider_5484,2022-10-09 19:43:00,Montreal,user5484@example.com
5485,Rider_5485,2021-04-11 21:41:00,New York,user5485@example.com
5486,Rider_5486,2024-03-28 15:03:00,Boston,user5486@example.com
5487,Rider_5487,2021-08-18 03:43:00,Calgary,user5487@example.com
5488,Rider_5488,2021-05-11 10:34:00,San Francisco,user5488@example.com
5489,Rider_5489,2022-11-20 19:06:00,Chicago,user5489@example.com
5490,Rider_5490,2022-03-05 00:20:00,New York,user5490@example.com
5491,Rider_5491,2021-11-05 15:27:00,Ottawa,user5491@example.com
5492,Rider_5492,2022-09-28 18:00:00,Calgary,user5492@example.com
5493,Rider_5493,2023-09-14 21:41:00,Chicago,user5493@example.com
5494,Rider_5494,2022-04-29 09:03:00,New York,user5494@example.com
5495,Rider_5495,2023-05-21 19:10:00,San Francisco,user5495@example.com
5496,Rider_5496,2021-07-02 20:43:00,Los Angeles,user5496@example.com
5497,Rider_5497,2022-12-26 07:08:00,Los Angeles,user5497@example.com
5498,Rider_5498,2023-12-18 15:39:00,Ottawa,user5498@example.com
5499,Rider_5499,2023-05-30 13:03:00,Toronto,user5499@example.com
5500,Rider_5500,2021-05-17 22:54:00,Vancouver,user5500@example.com
5501,Rider_5501,2021-05-21 16:23:00,Toronto,user5501@example.com
5502,Rider_5502,2024-02-08 07:36:00,Chicago,user5502@example.com
5503,Rider_5503,2021-10-16 09:51:00,Toronto,user5503@example.com
5504,Rider_5504,2023-07-08 07:36:00,Los Angeles,user5504@example.com
5505,Rider_5505,2024-04-06 01:29:00,New York,user5505@example.com
5506,Rider_5506,2024-05-10 06:14:00,Chicago,user5506@example.com
5507,Rider_5507,2021-12-04 21:57:00,New York,user5507@example.com
5508,Rider_5508,2022-12-17 03:03:00,Los Angeles,user5508@example.com
5509,Rider_5509,2024-01-31 02:59:00,Toronto,user5509@example.com
5510,Rider_5510,2022-04-24 02:57:00,Boston,user5510@example.com
5511,Rider_5511,2024-03-07 01:24:00,Boston,user5511@example.com
5512,Rider_5512,2022-04-28 07:47:00,Chicago,user5512@example.com
5513,Rider_5513,2022-08-13 05:43:00,New York,user5513@example.com
5514,Rider_5514,2021-10-04 12:28:00,San Francisco,user5514@example.com
5515,Rider_5515,2021-08-07 03:27:00,San Francisco,user5515@example.com
5516,Rider_5516,2022-05-06 04:13:00,Ottawa,user5516@example.com
5517,Rider_5517,2021-12-18 00:24:00,Montreal,user5517@example.com
5518,Rider_5518,2022-02-28 18:41:00,Boston,user5518@example.com
5519,Rider_5519,2021-10-03 03:13:00,Boston,user5519@example.com
5520,Rider_5520,2022-02-07 21:25:00,San Francisco,user5520@example.com
5521,Rider_5521,2022-02-15 22:57:00,Vancouver,user5521@example.com
5522,Rider_5522,2023-02-01 00:15:00,Toronto,user5522@example.com
5523,Rider_5523,2023-06-18 23:21:00,Los Angeles,user5523@example.com
5524,Rider_5524,2022-06-26 22:24:00,Los Angeles,user5524@example.com
5525,Rider_5525,2022-11-30 13:01:00,Calgary,user5525@example.com
5526,Rider_5526,2021-02-27 01:26:00,Chicago,user5526@example.com
5527,Rider_5527,2022-08-23 03:13:00,Ottawa,user5527@example.com
5528,Rider_5528,2023-04-16 16:11:00,Chicago,user5528@example.com
5529,Rider_5529,2021-11-24 06:04:00,Ottawa,user5529@example.com
5530,Rider_5530,2022-06-23 22:10:00,Montreal,user5530@example.com
5531,Rider_5531,2021-11-19 06:10:00,San Francisco,user5531@example.com
5532,Rider_5532,2023-12-23 20:59:00,Los Angeles,user5532@example.com
5533,Rider_5533,2023-05-07 21:33:00,Calgary,user5533@example.com
5534,Rider_5534,2021-05-21 23:41:00,San Francisco,user5534@example.com
5535,Rider_5535,2024-04-16 10:46:00,Calgary,user5535@example.com
5536,Rider_5536,2022-02-06 02:54:00,Boston,user5536@example.com
5537,Rider_5537,2022-12-28 12:40:00,Boston,user5537@example.com
5538,Rider_5538,2021-02-18 20:28:00,San Francisco,user5538@example.com
5539,Rider_5539,2023-03-15 04:16:00,Toronto,user5539@example.com
5540,Rider_5540,2023-01-09 05:06:00,Chicago,user5540@example.com
5541,Rider_5541,2022-12-27 20:13:00,Chicago,user5541@example.com
5542,Rider_5542,2022-05-17 17:58:00,Ottawa,user5542@example.com
5543,Rider_5543,2023-05-26 18:50:00,Los Angeles,user5543@example.com
5544,Rider_5544,2023-10-20 15:22:00,Montreal,user5544@example.com
5545,Rider_5545,2021-02-22 14:00:00,Ottawa,user5545@example.com
5546,Rider_5546,2023-12-26 09:55:00,Los Angeles,user5546@example.com
5547,Rider_5547,2023-09-05 20:25:00,Toronto,user5547@example.com
5548,Rider_5548,2021-01-13 06:28:00,Los Angeles,user5548@example.com
5549,Rider_5549,2022-10-17 15:13:00,Chicago,user5549@example.com
5550,Rider_5550,2022-06-04 22:59:00,Vancouver,user5550@example.com
5551,Rider_5551,2023-10-04 10:45:00,Los Angeles,user5551@example.com
5552,Rider_5552,2021-10-18 16:01:00,Toronto,user5552@example.com
5553,Rider_5553,2022-04-21 18:46:00,Los Angeles,user5553@example.com
5554,Rider_5554,2022-12-27 05:06:00,Chicago,user5554@example.com
5555,Rider_5555,2021-10-17 04:34:00,Calgary,user5555@example.com
5556,Rider_5556,2022-11-13 23:25:00,New York,user5556@example.com
5557,Rider_5557,2022-12-11 01:31:00,Ottawa,user5557@example.com
5558,Rider_5558,2023-06-14 17:32:00,Ottawa,user5558@example.com
5559,Rider_5559,2024-02-10 11:58:00,Montreal,user5559@example.com
5560,Rider_5560,2023-01-06 16:02:00,Montreal,user5560@example.com
5561,Rider_5561,2022-01-28 08:40:00,Boston,user5561@example.com
5562,Rider_5562,2023-07-23 12:44:00,Los Angeles,user5562@example.com
5563,Rider_5563,2023-01-20 15:03:00,Los Angeles,user5563@example.com
5564,Rider_5564,2022-04-12 07:16:00,Montreal,user5564@example.com
5565,Rider_5565,2021-12-30 23:27:00,New York,user5565@example.com
5566,Rider_5566,2021-06-17 13:08:00,Calgary,user5566@example.com
5567,Rider_5567,2022-10-24 14:29:00,Montreal,user5567@example.com
5568,Rider_5568,2023-06-17 02:18:00,San Francisco,user5568@example.com
5569,Rider_5569,2023-07-11 07:28:00,Montreal,user5569@example.com
5570,Rider_5570,2021-09-12 19:19:00,New York,user5570@example.com
5571,Rider_5571,2021-09-16 11:16:00,Calgary,user5571@example.com
5572,Rider_5572,2023-07-17 04:13:00,San Francisco,user5572@example.com
5573,Rider_5573,2021-11-05 07:12:00,Calgary,user5573@example.com
5574,Rider_5574,2024-03-13 23:00:00,Ottawa,user5574@example.com
5575,Rider_5575,2021-07-21 18:40:00,Chicago,user5575@example.com
5576,Rider_5576,2024-05-09 23:59:00,Los Angeles,user5576@example.com
5577,Rider_5577,2021-05-21 10:18:00,New York,user5577@example.com
5578,Rider_5578,2024-05-16 16:05:00,San Francisco,user5578@example.com
5579,Rider_5579,2024-05-30 01:41:00,Chicago,user5579@example.com
5580,Rider_5580,2022-12-14 14:04:00,Los Angeles,user5580@example.com
5581,Rider_5581,2021-09-14 20:23:00,Montreal,user5581@example.com
5582,Rider_5582,2021-01-02 07:26:00,Vancouver,user5582@example.com
5583,Rider_5583,2021-11-08 07:41:00,Chicago,user5583@example.com
5584,Rider_5584,2022-04-14 00:37:00,Chicago,user5584@example.com
5585,Rider_5585,2021-05-05 20:36:00,San Francisco,user5585@example.com
5586,Rider_5586,2022-01-02 21:33:00,Chicago,user5586@example.com
5587,Rider_5587,2022-11-10 03:43:00,Boston,user5587@example.com
5588,Rider_5588,2024-01-30 21:41:00,Toronto,user5588@example.com
5589,Rider_5589,2021-08-28 10:40:00,Boston,user5589@example.com
5590,Rider_5590,2024-04-19 20:46:00,Calgary,user5590@example.com
5591,Rider_5591,2021-01-08 16:21:00,Los Angeles,user5591@example.com
5592,Rider_5592,2021-09-05 12:14:00,Vancouver,user5592@example.com
5593,Rider_5593,2021-06-05 05:02:00,Los Angeles,user5593@example.com
5594,Rider_5594,2023-05-05 03:06:00,Vancouver,user5594@example.com
5595,Rider_5595,2023-12-22 12:23:00,Montreal,user5595@example.com
5596,Rider_5596,2023-01-04 16:50:00,Boston,user5596@example.com
5597,Rider_5597,2022-12-21 23:56:00,Montreal,user5597@example.com
5598,Rider_5598,2024-03-31 08:47:00,Boston,user5598@example.com
5599,Rider_5599,2022-08-26 01:48:00,Toronto,user5599@example.com
5600,Rider_5600,2022-05-10 13:11:00,Chicago,user5600@example.com
5601,Rider_5601,2022-09-14 04:44:00,Chicago,user5601@example.com
5602,Rider_5602,2022-03-16 22:15:00,Los Angeles,user5602@example.com
5603,Rider_5603,2023-07-17 07:29:00,Montreal,user5603@example.com
5604,Rider_5604,2023-04-10 17:15:00,Montreal,user5604@example.com
5605,Rider_5605,2022-06-23 20:08:00,Toronto,user5605@example.com
5606,Rider_5606,2023-11-07 14:48:00,Vancouver,user5606@example.com
5607,Rider_5607,2021-02-11 18:45:00,Ottawa,user5607@example.com
5608,Rider_5608,2023-08-04 07:21:00,Boston,user5608@example.com
5609,Rider_5609,2024-04-07 19:17:00,Chicago,user5609@example.com
5610,Rider_5610,2022-07-28 10:15:00,Boston,user5610@example.com
5611,Rider_5611,2022-06-12 22:33:00,Los Angeles,user5611@example.com
5612,Rider_5612,2021-01-03 11:20:00,Calgary,user5612@example.com
5613,Rider_5613,2023-07-20 18:41:00,Ottawa,user5613@example.com
5614,Rider_5614,2021-05-01 00:49:00,Montreal,user5614@example.com
5615,Rider_5615,2021-08-03 11:59:00,Boston,user5615@example.com
5616,Rider_5616,2021-10-20 00:03:00,Vancouver,user5616@example.com
5617,Rider_5617,2021-11-25 03:18:00,New York,user5617@example.com
5618,Rider_5618,2022-11-08 08:54:00,San Francisco,user5618@example.com
5619,Rider_5619,2022-06-12 12:42:00,Toronto,user5619@example.com
5620,Rider_5620,2023-10-14 00:33:00,Montreal,user5620@example.com
5621,Rider_5621,2022-10-24 07:40:00,Chicago,user5621@example.com
5622,Rider_5622,2022-03-19 16:13:00,Chicago,user5622@example.com
5623,Rider_5623,2022-08-24 21:31:00,San Francisco,user5623@example.com
5624,Rider_5624,2021-02-24 02:25:00,Vancouver,user5624@example.com
5625,Rider_5625,2022-10-18 03:29:00,San Francisco,user5625@example.com
5626,Rider_5626,2021-09-12 01:19:00,Chicago,user5626@example.com
5627,Rider_5627,2023-11-26 23:28:00,Montreal,user5627@example.com
5628,Rider_5628,2021-06-15 08:01:00,Calgary,user5628@example.com
5629,Rider_5629,2024-06-06 10:23:00,Vancouver,user5629@example.com
5630,Rider_5630,2022-06-22 22:30:00,Toronto,user5630@example.com
5631,Rider_5631,2023-10-16 20:33:00,Toronto,user5631@example.com
5632,Rider_5632,2024-06-02 06:31:00,Montreal,user5632@example.com
5633,Rider_5633,2021-09-07 22:10:00,New York,user5633@example.com
5634,Rider_5634,2021-07-19 23:45:00,Los Angeles,user5634@example.com
5635,Rider_5635,2023-02-27 13:13:00,Ottawa,user5635@example.com
5636,Rider_5636,2023-12-03 03:04:00,Montreal,user5636@example.com
5637,Rider_5637,2021-01-19 00:03:00,Vancouver,user5637@example.com
5638,Rider_5638,2023-10-13 16:04:00,Vancouver,user5638@example.com
5639,Rider_5639,2022-10-19 06:20:00,Montreal,user5639@example.com
5640,Rider_5640,2022-04-16 14:57:00,New York,user5640@example.com
5641,Rider_5641,2022-02-06 19:08:00,Montreal,user5641@example.com
5642,Rider_5642,2023-07-27 17:10:00,Toronto,user5642@example.com
5643,Rider_5643,2023-02-19 22:12:00,Vancouver,user5643@example.com
5644,Rider_5644,2024-04-28 05:55:00,Los Angeles,user5644@example.com
5645,Rider_5645,2024-01-12 02:09:00,Vancouver,user5645@example.com
5646,Rider_5646,2023-04-12 03:08:00,Los Angeles,user5646@example.com
5647,Rider_5647,2021-06-23 11:26:00,Los Angeles,user5647@example.com
5648,Rider_5648,2022-10-21 18:17:00,Chicago,user5648@example.com
5649,Rider_5649,2024-03-26 00:20:00,Calgary,user5649@example.com
5650,Rider_5650,2023-11-15 03:20:00,Montreal,user5650@example.com
5651,Rider_5651,2021-08-22 14:50:00,Toronto,user5651@example.com
5652,Rider_5652,2022-06-08 16:35:00,New York,user5652@example.com
5653,Rider_5653,2022-02-05 12:50:00,Ottawa,user5653@example.com
5654,Rider_5654,2023-03-11 20:43:00,Boston,user5654@example.com
5655,Rider_5655,2024-02-05 07:57:00,Ottawa,user5655@example.com
5656,Rider_5656,2022-11-07 13:48:00,Vancouver,user5656@example.com
5657,Rider_5657,2022-12-23 23:37:00,New York,user5657@example.com
5658,Rider_5658,2021-03-03 21:30:00,San Francisco,user5658@example.com
5659,Rider_5659,2023-01-31 14:24:00,Toronto,user5659@example.com
5660,Rider_5660,2022-07-25 06:38:00,Vancouver,user5660@example.com
5661,Rider_5661,2023-07-21 00:34:00,New York,user5661@example.com
5662,Rider_5662,2022-01-27 23:25:00,Los Angeles,user5662@example.com
5663,Rider_5663,2022-06-09 05:29:00,Montreal,user5663@example.com
5664,Rider_5664,2024-04-06 05:38:00,San Francisco,user5664@example.com
5665,Rider_5665,2023-04-24 03:07:00,New York,user5665@example.com
5666,Rider_5666,2021-10-05 15:28:00,San Francisco,user5666@example.com
5667,Rider_5667,2022-07-09 09:39:00,San Francisco,user5667@example.com
5668,Rider_5668,2021-01-28 05:09:00,Montreal,user5668@example.com
5669,Rider_5669,2022-05-20 07:10:00,Vancouver,user5669@example.com
5670,Rider_5670,2023-09-15 23:09:00,San Francisco,user5670@example.com
5671,Rider_5671,2023-07-15 12:14:00,New York,user5671@example.com
5672,Rider_5672,2022-07-09 23:02:00,Toronto,user5672@example.com
5673,Rider_5673,2023-04-06 07:07:00,New York,user5673@example.com
5674,Rider_5674,2022-01-22 05:28:00,Montreal,user5674@example.com
5675,Rider_5675,2021-05-11 13:29:00,Chicago,user5675@example.com
5676,Rider_5676,2021-05-27 21:55:00,Calgary,user5676@example.com
5677,Rider_5677,2024-02-04 00:35:00,Chicago,user5677@example.com
5678,Rider_5678,2023-09-11 04:58:00,Chicago,user5678@example.com
5679,Rider_5679,2022-11-01 16:35:00,Vancouver,user5679@example.com
5680,Rider_5680,2022-06-21 12:56:00,San Francisco,user5680@example.com
5681,Rider_5681,2023-12-07 07:28:00,Vancouver,user5681@example.com
5682,Rider_5682,2022-01-15 04:44:00,Ottawa,user5682@example.com
5683,Rider_5683,2023-06-04 00:24:00,Calgary,user5683@example.com
5684,Rider_5684,2021-03-05 03:12:00,Vancouver,user5684@example.com
5685,Rider_5685,2022-05-23 08:06:00,Toronto,user5685@example.com
5686,Rider_5686,2021-03-01 11:27:00,Los Angeles,user5686@example.com
5687,Rider_5687,2023-08-05 14:20:00,Chicago,user5687@example.com
5688,Rider_5688,2022-08-17 06:44:00,Toronto,user5688@example.com
5689,Rider_5689,2024-02-01 20:50:00,Calgary,user5689@example.com
5690,Rider_5690,2022-06-09 17:04:00,Toronto,user5690@example.com
5691,Rider_5691,2022-10-19 09:03:00,San Francisco,user5691@example.com
5692,Rider_5692,2021-02-04 18:30:00,Montreal,user5692@example.com
5693,Rider_5693,2024-03-06 01:29:00,Chicago,user5693@example.com
5694,Rider_5694,2024-01-26 22:58:00,San Francisco,user5694@example.com
5695,Rider_5695,2022-11-05 07:38:00,Toronto,user5695@example.com
5696,Rider_5696,2024-05-17 21:13:00,Toronto,user5696@example.com
5697,Rider_5697,2023-06-06 20:30:00,Boston,user5697@example.com
5698,Rider_5698,2022-04-17 00:10:00,San Francisco,user5698@example.com
5699,Rider_5699,2023-03-10 12:47:00,Ottawa,user5699@example.com
5700,Rider_5700,2024-05-18 00:09:00,Calgary,user5700@example.com
5701,Rider_5701,2023-12-15 11:46:00,Boston,user5701@example.com
5702,Rider_5702,2022-08-05 08:32:00,New York,user5702@example.com
5703,Rider_5703,2023-01-05 15:40:00,Ottawa,user5703@example.com
5704,Rider_5704,2024-03-27 17:39:00,Boston,user5704@example.com
5705,Rider_5705,2022-03-03 20:47:00,Montreal,user5705@example.com
5706,Rider_5706,2022-03-07 01:51:00,Chicago,user5706@example.com
5707,Rider_5707,2023-11-10 01:05:00,Calgary,user5707@example.com
5708,Rider_5708,2023-07-29 05:57:00,New York,user5708@example.com
5709,Rider_5709,2021-10-09 13:52:00,Montreal,user5709@example.com
5710,Rider_5710,2022-02-28 14:13:00,San Francisco,user5710@example.com
5711,Rider_5711,2022-09-25 12:52:00,New York,user5711@example.com
5712,Rider_5712,2021-01-30 01:53:00,Boston,user5712@example.com
5713,Rider_5713,2023-10-18 22:40:00,Montreal,user5713@example.com
5714,Rider_5714,2022-03-03 20:07:00,Chicago,user5714@example.com
5715,Rider_5715,2022-12-20 09:03:00,San Francisco,user5715@example.com
5716,Rider_5716,2024-05-12 14:57:00,Ottawa,user5716@example.com
5717,Rider_5717,2021-05-31 21:55:00,Los Angeles,user5717@example.com
5718,Rider_5718,2021-12-16 06:04:00,Boston,user5718@example.com
5719,Rider_5719,2024-01-07 09:45:00,New York,user5719@example.com
5720,Rider_5720,2021-12-10 09:37:00,Los Angeles,user5720@example.com
5721,Rider_5721,2023-08-08 18:07:00,Toronto,user5721@example.com
5722,Rider_5722,2024-02-06 03:55:00,San Francisco,user5722@example.com
5723,Rider_5723,2022-12-17 14:03:00,Ottawa,user5723@example.com
5724,Rider_5724,2022-10-16 15:14:00,Ottawa,user5724@example.com
5725,Rider_5725,2022-05-26 16:45:00,Ottawa,user5725@example.com
5726,Rider_5726,2022-08-28 08:26:00,Calgary,user5726@example.com
5727,Rider_5727,2023-05-17 06:57:00,Vancouver,user5727@example.com
5728,Rider_5728,2022-06-17 18:07:00,New York,user5728@example.com
5729,Rider_5729,2022-05-12 13:08:00,Los Angeles,user5729@example.com
5730,Rider_5730,2022-11-22 07:48:00,Los Angeles,user5730@example.com
5731,Rider_5731,2022-12-19 14:39:00,Chicago,user5731@example.com
5732,Rider_5732,2021-11-24 05:07:00,Vancouver,user5732@example.com
5733,Rider_5733,2023-12-20 21:05:00,Calgary,user5733@example.com
5734,Rider_5734,2023-11-12 10:44:00,Chicago,user5734@example.com
5735,Rider_5735,2022-02-02 04:54:00,Montreal,user5735@example.com
5736,Rider_5736,2021-02-20 02:58:00,Montreal,user5736@example.com
5737,Rider_5737,2021-05-03 02:44:00,Ottawa,user5737@example.com
5738,Rider_5738,2023-05-22 23:44:00,Vancouver,user5738@example.com
5739,Rider_5739,2021-05-10 01:53:00,Los Angeles,user5739@example.com
5740,Rider_5740,2024-03-07 23:52:00,Boston,user5740@example.com
5741,Rider_5741,2022-07-28 12:27:00,Calgary,user5741@example.com
5742,Rider_5742,2022-03-30 07:57:00,San Francisco,user5742@example.com
5743,Rider_5743,2022-12-03 09:06:00,Los Angeles,user5743@example.com
5744,Rider_5744,2021-02-15 22:14:00,Vancouver,user5744@example.com
5745,Rider_5745,2023-08-29 16:34:00,Chicago,user5745@example.com
5746,Rider_5746,2021-09-17 00:18:00,Ottawa,user5746@example.com
5747,Rider_5747,2022-07-01 05:34:00,Ottawa,user5747@example.com
5748,Rider_5748,2022-11-02 08:38:00,Ottawa,user5748@example.com
5749,Rider_5749,2024-04-03 07:02:00,Montreal,user5749@example.com
5750,Rider_5750,2024-03-13 05:47:00,New York,user5750@example.com
5751,Rider_5751,2023-05-15 09:34:00,San Francisco,user5751@example.com
5752,Rider_5752,2021-12-31 14:56:00,Vancouver,user5752@example.com
5753,Rider_5753,2023-04-16 02:54:00,Montreal,user5753@example.com
5754,Rider_5754,2022-08-11 20:50:00,Chicago,user5754@example.com
5755,Rider_5755,2021-07-11 20:11:00,Ottawa,user5755@example.com
5756,Rider_5756,2022-09-07 18:37:00,Toronto,user5756@example.com
5757,Rider_5757,2021-11-25 06:01:00,Boston,user5757@example.com
5758,Rider_5758,2023-06-06 14:54:00,Toronto,user5758@example.com
5759,Rider_5759,2021-10-05 11:31:00,San Francisco,user5759@example.com
5760,Rider_5760,2024-04-06 07:09:00,Chicago,user5760@example.com
5761,Rider_5761,2023-05-05 12:06:00,Montreal,user5761@example.com
5762,Rider_5762,2022-07-01 20:25:00,Montreal,user5762@example.com
5763,Rider_5763,2022-10-12 14:52:00,Boston,user5763@example.com
5764,Rider_5764,2022-03-10 05:23:00,Ottawa,user5764@example.com
5765,Rider_5765,2024-04-11 22:18:00,Los Angeles,user5765@example.com
5766,Rider_5766,2023-09-07 02:22:00,Los Angeles,user5766@example.com
5767,Rider_5767,2023-10-29 20:27:00,Toronto,user5767@example.com
5768,Rider_5768,2023-02-20 07:16:00,Los Angeles,user5768@example.com
5769,Rider_5769,2023-04-08 05:21:00,Calgary,user5769@example.com
5770,Rider_5770,2021-12-16 16:18:00,Montreal,user5770@example.com
5771,Rider_5771,2023-02-08 16:43:00,Montreal,user5771@example.com
5772,Rider_5772,2022-03-21 17:25:00,Vancouver,user5772@example.com
5773,Rider_5773,2021-09-01 20:11:00,Vancouver,user5773@example.com
5774,Rider_5774,2022-09-14 11:06:00,Chicago,user5774@example.com
5775,Rider_5775,2021-01-06 04:25:00,San Francisco,user5775@example.com
5776,Rider_5776,2022-06-03 22:28:00,Calgary,user5776@example.com
5777,Rider_5777,2023-10-17 08:33:00,Vancouver,user5777@example.com
5778,Rider_5778,2023-11-28 13:12:00,Chicago,user5778@example.com
5779,Rider_5779,2022-08-19 12:27:00,Toronto,user5779@example.com
5780,Rider_5780,2023-10-12 13:29:00,Ottawa,user5780@example.com
5781,Rider_5781,2022-10-12 18:13:00,Montreal,user5781@example.com
5782,Rider_5782,2021-10-21 09:46:00,Montreal,user5782@example.com
5783,Rider_5783,2023-08-20 09:22:00,New York,user5783@example.com
5784,Rider_5784,2021-08-04 06:20:00,Boston,user5784@example.com
5785,Rider_5785,2023-08-22 00:18:00,Ottawa,user5785@example.com
5786,Rider_5786,2021-05-06 01:28:00,Calgary,user5786@example.com
5787,Rider_5787,2023-06-06 08:56:00,Ottawa,user5787@example.com
5788,Rider_5788,2021-02-05 11:17:00,Montreal,user5788@example.com
5789,Rider_5789,2023-08-06 07:27:00,Los Angeles,user5789@example.com
5790,Rider_5790,2021-09-16 14:02:00,Boston,user5790@example.com
5791,Rider_5791,2023-08-30 16:08:00,Ottawa,user5791@example.com
5792,Rider_5792,2023-11-30 02:54:00,Vancouver,user5792@example.com
5793,Rider_5793,2022-07-30 05:37:00,Toronto,user5793@example.com
5794,Rider_5794,2024-02-29 03:45:00,New York,user5794@example.com
5795,Rider_5795,2024-05-12 00:51:00,Ottawa,user5795@example.com
5796,Rider_5796,2023-05-08 14:11:00,Montreal,user5796@example.com
5797,Rider_5797,2021-10-27 20:44:00,Calgary,user5797@example.com
5798,Rider_5798,2022-12-13 02:51:00,Chicago,user5798@example.com
5799,Rider_5799,2024-01-29 05:38:00,Los Angeles,user5799@example.com
5800,Rider_5800,2021-09-30 04:20:00,Boston,user5800@example.com
5801,Rider_5801,2024-01-13 06:49:00,Vancouver,user5801@example.com
5802,Rider_5802,2022-05-17 08:01:00,Boston,user5802@example.com
5803,Rider_5803,2022-04-01 03:09:00,Chicago,user5803@example.com
5804,Rider_5804,2021-02-17 23:39:00,Toronto,user5804@example.com
5805,Rider_5805,2023-06-17 06:34:00,Boston,user5805@example.com
5806,Rider_5806,2022-12-15 07:57:00,Vancouver,user5806@example.com
5807,Rider_5807,2023-11-29 01:06:00,Boston,user5807@example.com
5808,Rider_5808,2022-11-21 04:35:00,Ottawa,user5808@example.com
5809,Rider_5809,2024-05-22 17:07:00,Boston,user5809@example.com
5810,Rider_5810,2022-12-18 18:28:00,Chicago,user5810@example.com
5811,Rider_5811,2023-09-24 08:21:00,Calgary,user5811@example.com
5812,Rider_5812,2024-06-02 11:37:00,Toronto,user5812@example.com
5813,Rider_5813,2022-05-30 14:14:00,Ottawa,user5813@example.com
5814,Rider_5814,2022-01-16 09:10:00,Chicago,user5814@example.com
5815,Rider_5815,2024-01-27 15:50:00,Vancouver,user5815@example.com
5816,Rider_5816,2021-01-11 16:37:00,Toronto,user5816@example.com
5817,Rider_5817,2023-11-26 11:40:00,New York,user5817@example.com
5818,Rider_5818,2023-03-19 10:20:00,Montreal,user5818@example.com
5819,Rider_5819,2022-08-22 13:36:00,Vancouver,user5819@example.com
5820,Rider_5820,2024-05-01 09:56:00,Toronto,user5820@example.com
5821,Rider_5821,2022-02-08 22:35:00,Montreal,user5821@example.com
5822,Rider_5822,2021-07-07 22:32:00,Calgary,user5822@example.com
5823,Rider_5823,2023-10-03 05:14:00,Ottawa,user5823@example.com
5824,Rider_5824,2024-01-16 08:20:00,Calgary,user5824@example.com
5825,Rider_5825,2022-11-13 05:15:00,New York,user5825@example.com
5826,Rider_5826,2024-02-02 20:25:00,Vancouver,user5826@example.com
5827,Rider_5827,2022-04-01 02:27:00,New York,user5827@example.com
5828,Rider_5828,2024-02-01 11:34:00,Montreal,user5828@example.com
5829,Rider_5829,2022-07-19 11:32:00,New York,user5829@example.com
5830,Rider_5830,2024-01-19 05:42:00,Montreal,user5830@example.com
5831,Rider_5831,2023-09-05 12:49:00,Calgary,user5831@example.com
5832,Rider_5832,2022-10-28 18:56:00,Vancouver,user5832@example.com
5833,Rider_5833,2021-06-10 23:20:00,Toronto,user5833@example.com
5834,Rider_5834,2022-02-12 18:40:00,Chicago,user5834@example.com
5835,Rider_5835,2024-03-16 15:25:00,Ottawa,user5835@example.com
5836,Rider_5836,2024-01-27 13:53:00,Toronto,user5836@example.com
5837,Rider_5837,2022-07-24 06:47:00,Chicago,user5837@example.com
5838,Rider_5838,2023-10-17 21:28:00,Montreal,user5838@example.com
5839,Rider_5839,2021-08-09 12:16:00,Los Angeles,user5839@example.com
5840,Rider_5840,2024-05-20 20:22:00,Boston,user5840@example.com
5841,Rider_5841,2021-11-23 08:32:00,Vancouver,user5841@example.com
5842,Rider_5842,2021-05-31 21:06:00,San Francisco,user5842@example.com
5843,Rider_5843,2023-09-25 08:49:00,Los Angeles,user5843@example.com
5844,Rider_5844,2022-12-13 20:30:00,Toronto,user5844@example.com
5845,Rider_5845,2024-03-14 23:19:00,Vancouver,user5845@example.com
5846,Rider_5846,2024-03-21 22:16:00,Boston,user5846@example.com
5847,Rider_5847,2022-06-16 23:11:00,San Francisco,user5847@example.com
5848,Rider_5848,2023-12-07 15:01:00,San Francisco,user5848@example.com
5849,Rider_5849,2022-05-29 15:56:00,Vancouver,user5849@example.com
5850,Rider_5850,2023-12-23 17:32:00,Vancouver,user5850@example.com
5851,Rider_5851,2023-06-02 17:11:00,San Francisco,user5851@example.com
5852,Rider_5852,2023-07-13 09:53:00,San Francisco,user5852@example.com
5853,Rider_5853,2024-03-28 16:10:00,New York,user5853@example.com
5854,Rider_5854,2021-08-18 22:44:00,Chicago,user5854@example.com
5855,Rider_5855,2022-03-25 01:27:00,Calgary,user5855@example.com
5856,Rider_5856,2021-12-10 08:16:00,New York,user5856@example.com
5857,Rider_5857,2023-05-26 10:16:00,Los Angeles,user5857@example.com
5858,Rider_5858,2024-01-14 20:30:00,Los Angeles,user5858@example.com
5859,Rider_5859,2022-04-22 09:12:00,San Francisco,user5859@example.com
5860,Rider_5860,2023-06-01 19:09:00,Chicago,user5860@example.com
5861,Rider_5861,2023-01-09 07:54:00,San Francisco,user5861@example.com
5862,Rider_5862,2023-11-12 21:38:00,Vancouver,user5862@example.com
5863,Rider_5863,2021-08-28 21:59:00,San Francisco,user5863@example.com
5864,Rider_5864,2021-08-16 14:53:00,Chicago,user5864@example.com
5865,Rider_5865,2022-03-31 02:57:00,Ottawa,user5865@example.com
5866,Rider_5866,2022-02-04 17:03:00,Montreal,user5866@example.com
5867,Rider_5867,2021-02-13 12:05:00,Boston,user5867@example.com
5868,Rider_5868,2023-06-26 00:24:00,Boston,user5868@example.com
5869,Rider_5869,2021-08-19 11:23:00,San Francisco,user5869@example.com
5870,Rider_5870,2021-01-19 17:52:00,Ottawa,user5870@example.com
5871,Rider_5871,2022-07-20 16:56:00,San Francisco,user5871@example.com
5872,Rider_5872,2024-03-04 00:39:00,Calgary,user5872@example.com
5873,Rider_5873,2022-09-23 10:59:00,Calgary,user5873@example.com
5874,Rider_5874,2023-08-19 17:51:00,Vancouver,user5874@example.com
5875,Rider_5875,2022-06-19 17:12:00,Chicago,user5875@example.com
5876,Rider_5876,2023-07-02 01:59:00,Chicago,user5876@example.com
5877,Rider_5877,2022-05-04 05:48:00,Calgary,user5877@example.com
5878,Rider_5878,2022-08-05 13:14:00,Calgary,user5878@example.com
5879,Rider_5879,2023-01-24 19:16:00,Montreal,user5879@example.com
5880,Rider_5880,2023-03-27 22:14:00,Chicago,user5880@example.com
5881,Rider_5881,2021-09-30 10:54:00,Vancouver,user5881@example.com
5882,Rider_5882,2022-08-14 02:40:00,Vancouver,user5882@example.com
5883,Rider_5883,2023-11-05 20:36:00,New York,user5883@example.com
5884,Rider_5884,2022-06-16 20:22:00,Toronto,user5884@example.com
5885,Rider_5885,2022-04-26 11:50:00,Boston,user5885@example.com
5886,Rider_5886,2021-12-15 10:52:00,Boston,user5886@example.com
5887,Rider_5887,2022-03-09 08:21:00,Chicago,user5887@example.com
5888,Rider_5888,2024-04-23 14:28:00,Ottawa,user5888@example.com
5889,Rider_5889,2023-10-07 17:37:00,Toronto,user5889@example.com
5890,Rider_5890,2022-07-08 19:20:00,Boston,user5890@example.com
5891,Rider_5891,2022-12-15 12:45:00,Vancouver,user5891@example.com
5892,Rider_5892,2023-09-20 02:05:00,Ottawa,user5892@example.com
5893,Rider_5893,2024-03-05 06:27:00,New York,user5893@example.com
5894,Rider_5894,2021-12-21 18:17:00,Calgary,user5894@example.com
5895,Rider_5895,2022-07-19 18:30:00,Boston,user5895@example.com
5896,Rider_5896,2022-09-12 00:49:00,New York,user5896@example.com
5897,Rider_5897,2022-05-27 21:12:00,Toronto,user5897@example.com
5898,Rider_5898,2021-04-15 09:18:00,Calgary,user5898@example.com
5899,Rider_5899,2023-05-10 11:56:00,San Francisco,user5899@example.com
5900,Rider_5900,2024-02-26 12:05:00,Calgary,user5900@example.com
5901,Rider_5901,2021-05-04 10:00:00,Calgary,user5901@example.com
5902,Rider_5902,2022-11-25 19:40:00,New York,user5902@example.com
5903,Rider_5903,2023-03-24 08:56:00,Ottawa,user5903@example.com
5904,Rider_5904,2022-01-16 02:47:00,Boston,user5904@example.com
5905,Rider_5905,2024-05-23 12:22:00,San Francisco,user5905@example.com
5906,Rider_5906,2023-12-08 09:50:00,Chicago,user5906@example.com
5907,Rider_5907,2021-12-21 17:07:00,Boston,user5907@example.com
5908,Rider_5908,2021-10-03 15:05:00,Vancouver,user5908@example.com
5909,Rider_5909,2023-08-05 06:17:00,New York,user5909@example.com
5910,Rider_5910,2023-05-08 11:08:00,San Francisco,user5910@example.com
5911,Rider_5911,2021-05-22 22:07:00,San Francisco,user5911@example.com
5912,Rider_5912,2024-02-14 04:47:00,Boston,user5912@example.com
5913,Rider_5913,2021-07-25 21:46:00,Toronto,user5913@example.com
5914,Rider_5914,2022-04-16 07:44:00,Calgary,user5914@example.com
5915,Rider_5915,2021-11-19 16:48:00,New York,user5915@example.com
5916,Rider_5916,2022-01-14 22:45:00,Boston,user5916@example.com
5917,Rider_5917,2024-03-29 05:30:00,Ottawa,user5917@example.com
5918,Rider_5918,2023-01-12 10:22:00,Ottawa,user5918@example.com
5919,Rider_5919,2021-06-02 15:46:00,Vancouver,user5919@example.com
5920,Rider_5920,2024-04-28 21:10:00,Calgary,user5920@example.com
5921,Rider_5921,2022-05-11 07:54:00,New York,user5921@example.com
5922,Rider_5922,2021-11-02 03:17:00,Toronto,user5922@example.com
5923,Rider_5923,2021-06-30 19:56:00,Vancouver,user5923@example.com
5924,Rider_5924,2021-05-10 12:51:00,Vancouver,user5924@example.com
5925,Rider_5925,2021-11-03 15:27:00,Vancouver,user5925@example.com
5926,Rider_5926,2023-04-23 12:58:00,Toronto,user5926@example.com
5927,Rider_5927,2021-11-30 23:33:00,Ottawa,user5927@example.com
5928,Rider_5928,2023-01-27 21:16:00,Ottawa,user5928@example.com
5929,Rider_5929,2023-06-04 10:08:00,San Francisco,user5929@example.com
5930,Rider_5930,2023-06-23 15:51:00,New York,user5930@example.com
5931,Rider_5931,2021-06-23 05:54:00,Montreal,user5931@example.com
5932,Rider_5932,2024-04-22 15:25:00,Vancouver,user5932@example.com
5933,Rider_5933,2023-07-04 21:10:00,Boston,user5933@example.com
5934,Rider_5934,2024-03-19 16:41:00,Ottawa,user5934@example.com
5935,Rider_5935,2021-01-01 18:27:00,Vancouver,user5935@example.com
5936,Rider_5936,2024-03-18 04:02:00,San Francisco,user5936@example.com
5937,Rider_5937,2023-07-24 04:06:00,Montreal,user5937@example.com
5938,Rider_5938,2023-02-05 05:39:00,San Francisco,user5938@example.com
5939,Rider_5939,2022-05-26 12:33:00,Chicago,user5939@example.com
5940,Rider_5940,2023-01-21 17:58:00,Calgary,user5940@example.com
5941,Rider_5941,2022-03-17 19:10:00,Calgary,user5941@example.com
5942,Rider_5942,2022-02-15 10:05:00,San Francisco,user5942@example.com
5943,Rider_5943,2022-01-22 20:12:00,Calgary,user5943@example.com
5944,Rider_5944,2022-03-04 15:29:00,Los Angeles,user5944@example.com
5945,Rider_5945,2023-02-21 11:31:00,Calgary,user5945@example.com
5946,Rider_5946,2023-08-31 08:03:00,San Francisco,user5946@example.com
5947,Rider_5947,2021-06-23 03:54:00,Vancouver,user5947@example.com
5948,Rider_5948,2023-01-28 10:18:00,Chicago,user5948@example.com
5949,Rider_5949,2022-05-11 20:55:00,New York,user5949@example.com
5950,Rider_5950,2023-01-01 21:44:00,Calgary,user5950@example.com
5951,Rider_5951,2021-09-11 09:57:00,Vancouver,user5951@example.com
5952,Rider_5952,2021-04-12 20:14:00,Chicago,user5952@example.com
5953,Rider_5953,2023-11-12 10:22:00,Montreal,user5953@example.com
5954,Rider_5954,2021-05-27 21:44:00,San Francisco,user5954@example.com
5955,Rider_5955,2022-06-16 22:46:00,Vancouver,user5955@example.com
5956,Rider_5956,2021-10-11 17:53:00,Calgary,user5956@example.com
5957,Rider_5957,2024-04-24 19:27:00,Boston,user5957@example.com
5958,Rider_5958,2024-03-31 01:12:00,Toronto,user5958@example.com
5959,Rider_5959,2021-11-28 05:17:00,Boston,user5959@example.com
5960,Rider_5960,2023-02-19 11:42:00,San Francisco,user5960@example.com
5961,Rider_5961,2022-05-13 03:03:00,San Francisco,user5961@example.com
5962,Rider_5962,2023-01-04 00:47:00,Calgary,user5962@example.com
5963,Rider_5963,2023-11-30 17:11:00,Toronto,user5963@example.com
5964,Rider_5964,2023-08-05 20:48:00,San Francisco,user5964@example.com
5965,Rider_5965,2023-06-07 00:44:00,Boston,user5965@example.com
5966,Rider_5966,2022-05-18 22:51:00,Chicago,user5966@example.com
5967,Rider_5967,2021-10-26 02:42:00,Chicago,user5967@example.com
5968,Rider_5968,2024-05-05 17:09:00,Montreal,user5968@example.com
5969,Rider_5969,2021-09-03 08:32:00,Chicago,user5969@example.com
5970,Rider_5970,2023-10-27 07:10:00,Ottawa,user5970@example.com
5971,Rider_5971,2022-05-21 22:16:00,Chicago,user5971@example.com
5972,Rider_5972,2023-01-06 23:37:00,Calgary,user5972@example.com
5973,Rider_5973,2024-05-10 06:40:00,Ottawa,user5973@example.com
5974,Rider_5974,2024-04-26 07:22:00,Montreal,user5974@example.com
5975,Rider_5975,2021-12-22 07:26:00,San Francisco,user5975@example.com
5976,Rider_5976,2023-01-04 04:45:00,San Francisco,user5976@example.com
5977,Rider_5977,2022-07-31 00:05:00,San Francisco,user5977@example.com
5978,Rider_5978,2022-04-21 17:10:00,Chicago,user5978@example.com
5979,Rider_5979,2024-02-03 21:41:00,Los Angeles,user5979@example.com
5980,Rider_5980,2024-03-03 15:35:00,Los Angeles,user5980@example.com
5981,Rider_5981,2022-11-30 14:19:00,Los Angeles,user5981@example.com
5982,Rider_5982,2022-10-23 16:15:00,San Francisco,user5982@example.com
5983,Rider_5983,2022-09-04 08:19:00,Ottawa,user5983@example.com
5984,Rider_5984,2021-01-09 19:29:00,Montreal,user5984@example.com
5985,Rider_5985,2021-03-27 22:00:00,Montreal,user5985@example.com
5986,Rider_5986,2022-07-04 07:36:00,Montreal,user5986@example.com
5987,Rider_5987,2022-12-11 18:04:00,Chicago,user5987@example.com
5988,Rider_5988,2021-01-31 06:15:00,San Francisco,user5988@example.com
5989,Rider_5989,2021-11-21 01:30:00,Boston,user5989@example.com
5990,Rider_5990,2022-04-03 22:49:00,San Francisco,user5990@example.com
5991,Rider_5991,2021-02-06 18:49:00,Los Angeles,user5991@example.com
5992,Rider_5992,2022-10-27 02:17:00,Los Angeles,user5992@example.com
5993,Rider_5993,2022-05-21 22:25:00,Montreal,user5993@example.com
5994,Rider_5994,2023-05-20 21:16:00,Calgary,user5994@example.com
5995,Rider_5995,2024-05-23 20:00:00,Boston,user5995@example.com
5996,Rider_5996,2023-08-18 08:09:00,Boston,user5996@example.com
5997,Rider_5997,2022-11-15 16:14:00,Calgary,user5997@example.com
5998,Rider_5998,2021-06-15 23:04:00,San Francisco,user5998@example.com
5999,Rider_5999,2022-01-13 16:50:00,Toronto,user5999@example.com
6000,Rider_6000,2022-05-21 14:53:00,Chicago,user6000@example.com
6001,Rider_6001,2024-01-26 10:40:00,Vancouver,user6001@example.com
6002,Rider_6002,2022-12-31 22:05:00,Ottawa,user6002@example.com
6003,Rider_6003,2024-04-28 14:17:00,New York,user6003@example.com
6004,Rider_6004,2023-12-05 11:04:00,Montreal,user6004@example.com
6005,Rider_6005,2022-01-24 02:56:00,Vancouver,user6005@example.com
6006,Rider_6006,2023-08-01 11:35:00,San Francisco,user6006@example.com
6007,Rider_6007,2022-08-06 13:43:00,Ottawa,user6007@example.com
6008,Rider_6008,2021-06-07 13:57:00,New York,user6008@example.com
6009,Rider_6009,2023-09-21 15:05:00,New York,user6009@example.com
6010,Rider_6010,2022-03-05 19:44:00,Los Angeles,user6010@example.com
6011,Rider_6011,2022-07-28 22:03:00,Calgary,user6011@example.com
6012,Rider_6012,2022-03-18 13:03:00,Vancouver,user6012@example.com
6013,Rider_6013,2023-01-03 23:30:00,Toronto,user6013@example.com
6014,Rider_6014,2024-03-10 19:32:00,Chicago,user6014@example.com
6015,Rider_6015,2022-05-20 03:56:00,Toronto,user6015@example.com
6016,Rider_6016,2021-08-24 18:29:00,Montreal,user6016@example.com
6017,Rider_6017,2023-07-06 05:38:00,Chicago,user6017@example.com
6018,Rider_6018,2023-06-11 19:33:00,San Francisco,user6018@example.com
6019,Rider_6019,2023-05-23 18:46:00,Boston,user6019@example.com
6020,Rider_6020,2022-11-12 19:33:00,Toronto,user6020@example.com
6021,Rider_6021,2022-05-25 06:50:00,Boston,user6021@example.com
6022,Rider_6022,2023-04-30 02:10:00,Ottawa,user6022@example.com
6023,Rider_6023,2023-05-15 18:19:00,San Francisco,user6023@example.com
6024,Rider_6024,2022-03-29 16:54:00,Calgary,user6024@example.com
6025,Rider_6025,2021-08-07 05:00:00,New York,user6025@example.com
6026,Rider_6026,2024-05-05 20:30:00,Toronto,user6026@example.com
6027,Rider_6027,2022-07-16 03:36:00,Los Angeles,user6027@example.com
6028,Rider_6028,2024-03-06 20:21:00,Vancouver,user6028@example.com
6029,Rider_6029,2021-10-14 01:14:00,Boston,user6029@example.com
6030,Rider_6030,2022-12-29 12:28:00,Los Angeles,user6030@example.com
6031,Rider_6031,2022-12-17 20:00:00,Boston,user6031@example.com
6032,Rider_6032,2022-06-02 07:35:00,Los Angeles,user6032@example.com
6033,Rider_6033,2023-11-19 17:19:00,Boston,user6033@example.com
6034,Rider_6034,2022-02-01 16:25:00,San Francisco,user6034@example.com
6035,Rider_6035,2024-03-07 10:25:00,Ottawa,user6035@example.com
6036,Rider_6036,2021-08-06 21:38:00,New York,user6036@example.com
6037,Rider_6037,2023-09-25 16:27:00,Toronto,user6037@example.com
6038,Rider_6038,2022-10-26 20:03:00,Montreal,user6038@example.com
6039,Rider_6039,2024-06-06 04:16:00,Montreal,user6039@example.com
6040,Rider_6040,2024-05-24 19:12:00,Vancouver,user6040@example.com
6041,Rider_6041,2023-04-01 20:04:00,New York,user6041@example.com
6042,Rider_6042,2023-03-07 18:29:00,New York,user6042@example.com
6043,Rider_6043,2021-01-26 04:01:00,Los Angeles,user6043@example.com
6044,Rider_6044,2022-11-11 04:15:00,Ottawa,user6044@example.com
6045,Rider_6045,2023-02-23 06:22:00,New York,user6045@example.com
6046,Rider_6046,2024-05-12 10:27:00,Los Angeles,user6046@example.com
6047,Rider_6047,2023-02-04 07:26:00,Calgary,user6047@example.com
6048,Rider_6048,2023-06-12 22:40:00,San Francisco,user6048@example.com
6049,Rider_6049,2023-09-13 11:10:00,Los Angeles,user6049@example.com
6050,Rider_6050,2024-02-15 21:40:00,Toronto,user6050@example.com
6051,Rider_6051,2023-05-29 04:09:00,Toronto,user6051@example.com
6052,Rider_6052,2023-05-18 06:35:00,Toronto,user6052@example.com
6053,Rider_6053,2023-04-07 01:32:00,Toronto,user6053@example.com
6054,Rider_6054,2024-05-25 13:37:00,Chicago,user6054@example.com
6055,Rider_6055,2021-05-17 06:49:00,Calgary,user6055@example.com
6056,Rider_6056,2022-12-29 16:57:00,Ottawa,user6056@example.com
6057,Rider_6057,2023-10-08 00:14:00,Ottawa,user6057@example.com
6058,Rider_6058,2024-03-14 01:08:00,Boston,user6058@example.com
6059,Rider_6059,2024-04-06 16:07:00,Toronto,user6059@example.com
6060,Rider_6060,2022-03-07 02:16:00,Montreal,user6060@example.com
6061,Rider_6061,2022-12-03 01:15:00,Vancouver,user6061@example.com
6062,Rider_6062,2023-10-08 10:17:00,Chicago,user6062@example.com
6063,Rider_6063,2021-04-24 10:35:00,Los Angeles,user6063@example.com
6064,Rider_6064,2023-10-04 09:13:00,Chicago,user6064@example.com
6065,Rider_6065,2022-06-12 21:01:00,Ottawa,user6065@example.com
6066,Rider_6066,2023-03-31 18:36:00,Vancouver,user6066@example.com
6067,Rider_6067,2021-02-03 08:57:00,Montreal,user6067@example.com
6068,Rider_6068,2023-06-12 19:46:00,Montreal,user6068@example.com
6069,Rider_6069,2021-01-10 20:53:00,San Francisco,user6069@example.com
6070,Rider_6070,2022-08-29 18:17:00,Ottawa,user6070@example.com
6071,Rider_6071,2021-01-14 06:18:00,New York,user6071@example.com
6072,Rider_6072,2022-05-16 19:21:00,Boston,user6072@example.com
6073,Rider_6073,2021-08-22 18:51:00,Montreal,user6073@example.com
6074,Rider_6074,2021-12-13 05:56:00,San Francisco,user6074@example.com
6075,Rider_6075,2023-11-14 20:36:00,Ottawa,user6075@example.com
6076,Rider_6076,2023-04-07 23:58:00,Los Angeles,user6076@example.com
6077,Rider_6077,2023-10-13 08:26:00,Vancouver,user6077@example.com
6078,Rider_6078,2024-04-11 00:59:00,Boston,user6078@example.com
6079,Rider_6079,2022-07-05 22:08:00,Ottawa,user6079@example.com
6080,Rider_6080,2021-08-26 01:31:00,Ottawa,user6080@example.com
6081,Rider_6081,2024-04-15 19:13:00,Boston,user6081@example.com
6082,Rider_6082,2021-11-17 05:36:00,Chicago,user6082@example.com
6083,Rider_6083,2021-10-10 02:02:00,San Francisco,user6083@example.com
6084,Rider_6084,2021-02-10 17:43:00,Toronto,user6084@example.com
6085,Rider_6085,2023-07-25 01:15:00,Calgary,user6085@example.com
6086,Rider_6086,2024-04-25 20:29:00,New York,user6086@example.com
6087,Rider_6087,2023-04-19 23:30:00,Chicago,user6087@example.com
6088,Rider_6088,2021-04-18 14:27:00,Los Angeles,user6088@example.com
6089,Rider_6089,2022-05-05 20:35:00,Los Angeles,user6089@example.com
6090,Rider_6090,2023-10-20 10:14:00,Boston,user6090@example.com
6091,Rider_6091,2021-11-10 07:58:00,Boston,user6091@example.com
6092,Rider_6092,2021-09-11 15:51:00,San Francisco,user6092@example.com
6093,Rider_6093,2022-02-26 02:31:00,Montreal,user6093@example.com
6094,Rider_6094,2021-12-04 11:08:00,Boston,user6094@example.com
6095,Rider_6095,2021-02-12 09:41:00,Los Angeles,user6095@example.com
6096,Rider_6096,2022-11-14 23:00:00,Chicago,user6096@example.com
6097,Rider_6097,2022-08-06 17:15:00,Toronto,user6097@example.com
6098,Rider_6098,2022-11-21 15:44:00,New York,user6098@example.com
6099,Rider_6099,2022-08-14 22:57:00,Boston,user6099@example.com
6100,Rider_6100,2022-11-26 02:22:00,New York,user6100@example.com
6101,Rider_6101,2022-09-13 02:26:00,Vancouver,user6101@example.com
6102,Rider_6102,2021-11-16 10:31:00,Boston,user6102@example.com
6103,Rider_6103,2023-07-06 20:53:00,Montreal,user6103@example.com
6104,Rider_6104,2021-05-25 05:45:00,Toronto,user6104@example.com
6105,Rider_6105,2023-02-27 03:16:00,Chicago,user6105@example.com
6106,Rider_6106,2024-01-31 12:00:00,Ottawa,user6106@example.com
6107,Rider_6107,2021-07-09 01:26:00,Calgary,user6107@example.com
6108,Rider_6108,2024-03-21 08:19:00,Chicago,user6108@example.com
6109,Rider_6109,2021-07-06 23:17:00,Boston,user6109@example.com
6110,Rider_6110,2024-02-25 13:08:00,Vancouver,user6110@example.com
6111,Rider_6111,2022-07-11 17:45:00,Ottawa,user6111@example.com
6112,Rider_6112,2022-10-07 21:05:00,Los Angeles,user6112@example.com
6113,Rider_6113,2021-11-23 17:34:00,Boston,user6113@example.com
6114,Rider_6114,2024-05-27 10:22:00,Toronto,user6114@example.com
6115,Rider_6115,2022-07-14 00:29:00,Calgary,user6115@example.com
6116,Rider_6116,2022-02-01 13:41:00,Vancouver,user6116@example.com
6117,Rider_6117,2021-06-23 23:22:00,Calgary,user6117@example.com
6118,Rider_6118,2021-01-26 01:56:00,Vancouver,user6118@example.com
6119,Rider_6119,2022-08-14 08:30:00,New York,user6119@example.com
6120,Rider_6120,2022-09-14 20:34:00,Montreal,user6120@example.com
6121,Rider_6121,2022-07-05 23:28:00,Toronto,user6121@example.com
6122,Rider_6122,2022-04-27 12:57:00,Los Angeles,user6122@example.com
6123,Rider_6123,2022-11-06 10:14:00,Toronto,user6123@example.com
6124,Rider_6124,2021-12-23 07:07:00,San Francisco,user6124@example.com
6125,Rider_6125,2023-10-08 09:53:00,Toronto,user6125@example.com
6126,Rider_6126,2023-01-03 05:37:00,Montreal,user6126@example.com
6127,Rider_6127,2022-03-03 18:09:00,New York,user6127@example.com
6128,Rider_6128,2021-03-12 11:29:00,Los Angeles,user6128@example.com
6129,Rider_6129,2022-01-22 19:19:00,Chicago,user6129@example.com
6130,Rider_6130,2023-05-28 01:02:00,Chicago,user6130@example.com
6131,Rider_6131,2021-07-18 18:15:00,New York,user6131@example.com
6132,Rider_6132,2021-08-30 23:05:00,Calgary,user6132@example.com
6133,Rider_6133,2023-12-16 18:05:00,Chicago,user6133@example.com
6134,Rider_6134,2024-03-30 04:09:00,Vancouver,user6134@example.com
6135,Rider_6135,2021-04-06 01:00:00,New York,user6135@example.com
6136,Rider_6136,2024-05-31 10:54:00,Ottawa,user6136@example.com
6137,Rider_6137,2024-02-24 07:34:00,Boston,user6137@example.com
6138,Rider_6138,2022-08-01 10:07:00,San Francisco,user6138@example.com
6139,Rider_6139,2022-10-07 11:42:00,Ottawa,user6139@example.com
6140,Rider_6140,2022-10-14 06:22:00,Chicago,user6140@example.com
6141,Rider_6141,2021-09-29 06:57:00,Chicago,user6141@example.com
6142,Rider_6142,2021-08-24 03:52:00,Calgary,user6142@example.com
6143,Rider_6143,2022-07-22 02:43:00,Chicago,user6143@example.com
6144,Rider_6144,2024-05-06 20:57:00,Toronto,user6144@example.com
6145,Rider_6145,2021-02-16 13:44:00,Chicago,user6145@example.com
6146,Rider_6146,2021-11-14 00:32:00,Vancouver,user6146@example.com
6147,Rider_6147,2022-09-20 01:19:00,San Francisco,user6147@example.com
6148,Rider_6148,2022-02-16 22:40:00,Los Angeles,user6148@example.com
6149,Rider_6149,2022-05-14 18:27:00,Ottawa,user6149@example.com
6150,Rider_6150,2024-05-01 18:22:00,New York,user6150@example.com
6151,Rider_6151,2022-05-31 02:16:00,New York,user6151@example.com
6152,Rider_6152,2023-01-01 21:35:00,New York,user6152@example.com
6153,Rider_6153,2024-02-16 16:57:00,New York,user6153@example.com
6154,Rider_6154,2022-09-26 06:27:00,Chicago,user6154@example.com
6155,Rider_6155,2023-04-19 01:04:00,New York,user6155@example.com
6156,Rider_6156,2024-03-30 12:08:00,Montreal,user6156@example.com
6157,Rider_6157,2024-01-28 09:35:00,Ottawa,user6157@example.com
6158,Rider_6158,2021-09-21 16:22:00,Calgary,user6158@example.com
6159,Rider_6159,2021-06-05 12:34:00,Chicago,user6159@example.com
6160,Rider_6160,2022-06-26 15:13:00,New York,user6160@example.com
6161,Rider_6161,2021-05-24 02:37:00,Boston,user6161@example.com
6162,Rider_6162,2021-04-14 00:48:00,Montreal,user6162@example.com
6163,Rider_6163,2023-01-09 22:59:00,Toronto,user6163@example.com
6164,Rider_6164,2022-10-07 19:11:00,Vancouver,user6164@example.com
6165,Rider_6165,2022-11-16 03:53:00,Calgary,user6165@example.com
6166,Rider_6166,2023-07-27 03:34:00,Chicago,user6166@example.com
6167,Rider_6167,2022-04-29 18:59:00,New York,user6167@example.com
6168,Rider_6168,2022-12-31 07:44:00,Vancouver,user6168@example.com
6169,Rider_6169,2021-07-19 03:35:00,San Francisco,user6169@example.com
6170,Rider_6170,2023-10-17 15:24:00,Los Angeles,user6170@example.com
6171,Rider_6171,2022-07-22 21:54:00,Calgary,user6171@example.com
6172,Rider_6172,2023-11-05 08:56:00,Ottawa,user6172@example.com
6173,Rider_6173,2023-01-13 05:17:00,Toronto,user6173@example.com
6174,Rider_6174,2024-03-09 02:15:00,Vancouver,user6174@example.com
6175,Rider_6175,2021-11-01 22:06:00,Ottawa,user6175@example.com
6176,Rider_6176,2021-12-07 16:30:00,Chicago,user6176@example.com
6177,Rider_6177,2021-07-21 15:34:00,Calgary,user6177@example.com
6178,Rider_6178,2021-12-17 09:10:00,Chicago,user6178@example.com
6179,Rider_6179,2024-02-29 11:57:00,Toronto,user6179@example.com
6180,Rider_6180,2024-01-20 05:41:00,Toronto,user6180@example.com
6181,Rider_6181,2022-03-15 12:53:00,Montreal,user6181@example.com
6182,Rider_6182,2021-06-13 11:11:00,Ottawa,user6182@example.com
6183,Rider_6183,2021-12-18 10:13:00,Boston,user6183@example.com
6184,Rider_6184,2021-10-14 19:23:00,San Francisco,user6184@example.com
6185,Rider_6185,2022-05-26 12:03:00,San Francisco,user6185@example.com
6186,Rider_6186,2023-11-05 06:07:00,Vancouver,user6186@example.com
6187,Rider_6187,2023-03-19 15:54:00,Ottawa,user6187@example.com
6188,Rider_6188,2023-06-16 14:20:00,Calgary,user6188@example.com
6189,Rider_6189,2024-03-26 10:53:00,San Francisco,user6189@example.com
6190,Rider_6190,2022-05-25 10:38:00,Chicago,user6190@example.com
6191,Rider_6191,2022-08-06 04:27:00,Montreal,user6191@example.com
6192,Rider_6192,2023-06-20 00:25:00,Chicago,user6192@example.com
6193,Rider_6193,2024-03-07 21:04:00,New York,user6193@example.com
6194,Rider_6194,2023-09-09 14:12:00,Montreal,user6194@example.com
6195,Rider_6195,2024-05-18 17:43:00,New York,user6195@example.com
6196,Rider_6196,2021-10-10 23:52:00,Boston,user6196@example.com
6197,Rider_6197,2021-08-11 01:43:00,New York,user6197@example.com
6198,Rider_6198,2024-05-19 15:15:00,New York,user6198@example.com
6199,Rider_6199,2021-09-09 11:31:00,Boston,user6199@example.com
6200,Rider_6200,2022-05-17 00:52:00,Montreal,user6200@example.com
6201,Rider_6201,2023-06-08 16:56:00,New York,user6201@example.com
6202,Rider_6202,2023-01-22 15:02:00,Vancouver,user6202@example.com
6203,Rider_6203,2021-10-19 15:45:00,Los Angeles,user6203@example.com
6204,Rider_6204,2022-09-23 03:59:00,Ottawa,user6204@example.com
6205,Rider_6205,2021-11-30 17:40:00,Vancouver,user6205@example.com
6206,Rider_6206,2023-08-24 04:12:00,Vancouver,user6206@example.com
6207,Rider_6207,2023-04-28 23:51:00,San Francisco,user6207@example.com
6208,Rider_6208,2021-07-03 00:36:00,Vancouver,user6208@example.com
6209,Rider_6209,2023-10-16 05:20:00,San Francisco,user6209@example.com
6210,Rider_6210,2022-06-09 01:19:00,Calgary,user6210@example.com
6211,Rider_6211,2021-10-17 10:29:00,Los Angeles,user6211@example.com
6212,Rider_6212,2022-06-14 16:46:00,San Francisco,user6212@example.com
6213,Rider_6213,2024-04-14 06:32:00,Vancouver,user6213@example.com
6214,Rider_6214,2022-12-10 20:41:00,Calgary,user6214@example.com
6215,Rider_6215,2023-11-04 17:19:00,Toronto,user6215@example.com
6216,Rider_6216,2024-03-31 16:44:00,Los Angeles,user6216@example.com
6217,Rider_6217,2022-02-13 08:15:00,Calgary,user6217@example.com
6218,Rider_6218,2024-04-29 17:22:00,Toronto,user6218@example.com
6219,Rider_6219,2022-10-25 13:36:00,Los Angeles,user6219@example.com
6220,Rider_6220,2023-04-25 00:23:00,New York,user6220@example.com
6221,Rider_6221,2021-05-27 22:19:00,Chicago,user6221@example.com
6222,Rider_6222,2022-12-12 14:21:00,Boston,user6222@example.com
6223,Rider_6223,2021-07-06 20:16:00,Toronto,user6223@example.com
6224,Rider_6224,2024-01-13 03:12:00,Calgary,user6224@example.com
6225,Rider_6225,2021-07-16 04:46:00,San Francisco,user6225@example.com
6226,Rider_6226,2022-04-22 22:55:00,Los Angeles,user6226@example.com
6227,Rider_6227,2022-11-09 13:22:00,Vancouver,user6227@example.com
6228,Rider_6228,2021-05-09 21:14:00,Calgary,user6228@example.com
6229,Rider_6229,2021-10-11 16:16:00,Calgary,user6229@example.com
6230,Rider_6230,2023-03-05 15:54:00,Montreal,user6230@example.com
6231,Rider_6231,2021-08-09 03:16:00,Boston,user6231@example.com
6232,Rider_6232,2024-04-20 08:04:00,Boston,user6232@example.com
6233,Rider_6233,2021-11-05 15:13:00,New York,user6233@example.com
6234,Rider_6234,2023-03-28 10:50:00,Los Angeles,user6234@example.com
6235,Rider_6235,2024-04-26 14:11:00,Ottawa,user6235@example.com
6236,Rider_6236,2023-05-25 09:47:00,Chicago,user6236@example.com
6237,Rider_6237,2023-03-27 15:06:00,Calgary,user6237@example.com
6238,Rider_6238,2024-05-28 03:51:00,New York,user6238@example.com
6239,Rider_6239,2022-07-18 08:48:00,Calgary,user6239@example.com
6240,Rider_6240,2021-12-24 22:48:00,Calgary,user6240@example.com
6241,Rider_6241,2021-09-17 01:01:00,Calgary,user6241@example.com
6242,Rider_6242,2021-09-04 14:37:00,Los Angeles,user6242@example.com
6243,Rider_6243,2023-11-23 23:02:00,Toronto,user6243@example.com
6244,Rider_6244,2023-09-14 07:03:00,Chicago,user6244@example.com
6245,Rider_6245,2021-12-18 11:29:00,Ottawa,user6245@example.com
6246,Rider_6246,2023-04-21 03:17:00,Chicago,user6246@example.com
6247,Rider_6247,2022-10-21 16:27:00,Ottawa,user6247@example.com
6248,Rider_6248,2022-03-09 12:18:00,Boston,user6248@example.com
6249,Rider_6249,2022-09-15 17:37:00,New York,user6249@example.com
6250,Rider_6250,2022-08-29 11:46:00,San Francisco,user6250@example.com
6251,Rider_6251,2022-10-17 09:51:00,Calgary,user6251@example.com
6252,Rider_6252,2022-12-29 00:27:00,Vancouver,user6252@example.com
6253,Rider_6253,2021-07-31 10:55:00,Los Angeles,user6253@example.com
6254,Rider_6254,2021-01-01 13:11:00,San Francisco,user6254@example.com
6255,Rider_6255,2022-01-26 10:13:00,Toronto,user6255@example.com
6256,Rider_6256,2023-11-04 21:19:00,Calgary,user6256@example.com
6257,Rider_6257,2021-11-21 06:56:00,San Francisco,user6257@example.com
6258,Rider_6258,2023-07-12 17:21:00,Ottawa,user6258@example.com
6259,Rider_6259,2021-04-02 23:57:00,Toronto,user6259@example.com
6260,Rider_6260,2021-08-06 22:53:00,Montreal,user6260@example.com
6261,Rider_6261,2023-01-18 02:26:00,Chicago,user6261@example.com
6262,Rider_6262,2024-04-02 18:05:00,Chicago,user6262@example.com
6263,Rider_6263,2022-08-31 18:25:00,Boston,user6263@example.com
6264,Rider_6264,2023-10-01 15:46:00,Chicago,user6264@example.com
6265,Rider_6265,2022-08-31 09:31:00,Montreal,user6265@example.com
6266,Rider_6266,2021-10-28 09:24:00,Ottawa,user6266@example.com
6267,Rider_6267,2022-06-29 08:07:00,Boston,user6267@example.com
6268,Rider_6268,2021-12-18 13:15:00,Toronto,user6268@example.com
6269,Rider_6269,2021-08-07 03:59:00,San Francisco,user6269@example.com
6270,Rider_6270,2021-07-11 19:20:00,Montreal,user6270@example.com
6271,Rider_6271,2023-11-11 09:48:00,Ottawa,user6271@example.com
6272,Rider_6272,2021-11-16 17:56:00,Chicago,user6272@example.com
6273,Rider_6273,2021-08-10 05:22:00,Vancouver,user6273@example.com
6274,Rider_6274,2024-03-27 12:38:00,San Francisco,user6274@example.com
6275,Rider_6275,2021-01-17 17:29:00,Los Angeles,user6275@example.com
6276,Rider_6276,2023-03-20 18:07:00,Toronto,user6276@example.com
6277,Rider_6277,2023-03-26 09:07:00,San Francisco,user6277@example.com
6278,Rider_6278,2024-04-13 17:29:00,Toronto,user6278@example.com
6279,Rider_6279,2023-01-02 20:13:00,Ottawa,user6279@example.com
6280,Rider_6280,2023-10-23 22:17:00,Boston,user6280@example.com
6281,Rider_6281,2022-04-10 04:53:00,Vancouver,user6281@example.com
6282,Rider_6282,2023-04-21 19:36:00,Toronto,user6282@example.com
6283,Rider_6283,2022-12-07 20:02:00,Ottawa,user6283@example.com
6284,Rider_6284,2021-04-20 08:48:00,Chicago,user6284@example.com
6285,Rider_6285,2022-02-27 16:43:00,Los Angeles,user6285@example.com
6286,Rider_6286,2022-08-16 15:24:00,New York,user6286@example.com
6287,Rider_6287,2021-06-25 06:53:00,San Francisco,user6287@example.com
6288,Rider_6288,2022-10-24 15:05:00,Vancouver,user6288@example.com
6289,Rider_6289,2021-09-19 16:29:00,Ottawa,user6289@example.com
6290,Rider_6290,2024-03-24 05:25:00,Vancouver,user6290@example.com
6291,Rider_6291,2021-12-15 22:56:00,San Francisco,user6291@example.com
6292,Rider_6292,2021-06-10 01:59:00,Calgary,user6292@example.com
6293,Rider_6293,2024-02-11 17:57:00,Toronto,user6293@example.com
6294,Rider_6294,2023-07-20 14:05:00,Ottawa,user6294@example.com
6295,Rider_6295,2022-01-10 20:02:00,Los Angeles,user6295@example.com
6296,Rider_6296,2023-12-26 21:30:00,Vancouver,user6296@example.com
6297,Rider_6297,2022-10-18 01:09:00,Montreal,user6297@example.com
6298,Rider_6298,2023-09-19 04:35:00,New York,user6298@example.com
6299,Rider_6299,2024-04-11 01:39:00,Toronto,user6299@example.com
6300,Rider_6300,2024-01-30 18:37:00,San Francisco,user6300@example.com
6301,Rider_6301,2022-01-26 22:58:00,San Francisco,user6301@example.com
6302,Rider_6302,2022-05-26 19:39:00,Calgary,user6302@example.com
6303,Rider_6303,2023-11-03 02:45:00,Montreal,user6303@example.com
6304,Rider_6304,2022-07-09 01:17:00,San Francisco,user6304@example.com
6305,Rider_6305,2021-01-21 01:55:00,Toronto,user6305@example.com
6306,Rider_6306,2024-01-13 18:07:00,Toronto,user6306@example.com
6307,Rider_6307,2022-01-13 02:09:00,Vancouver,user6307@example.com
6308,Rider_6308,2023-02-08 22:02:00,Ottawa,user6308@example.com
6309,Rider_6309,2023-07-08 05:13:00,Boston,user6309@example.com
6310,Rider_6310,2023-11-01 00:25:00,Montreal,user6310@example.com
6311,Rider_6311,2021-06-11 12:06:00,San Francisco,user6311@example.com
6312,Rider_6312,2023-05-21 23:19:00,Vancouver,user6312@example.com
6313,Rider_6313,2023-05-29 15:50:00,Ottawa,user6313@example.com
6314,Rider_6314,2023-08-01 08:43:00,Montreal,user6314@example.com
6315,Rider_6315,2023-11-04 00:19:00,Calgary,user6315@example.com
6316,Rider_6316,2021-03-07 09:38:00,Montreal,user6316@example.com
6317,Rider_6317,2021-06-17 10:59:00,Ottawa,user6317@example.com
6318,Rider_6318,2024-05-17 19:33:00,Ottawa,user6318@example.com
6319,Rider_6319,2023-06-14 04:52:00,Toronto,user6319@example.com
6320,Rider_6320,2021-07-02 11:43:00,Toronto,user6320@example.com
6321,Rider_6321,2022-07-15 07:54:00,Boston,user6321@example.com
6322,Rider_6322,2023-11-11 20:41:00,Ottawa,user6322@example.com
6323,Rider_6323,2022-10-18 06:56:00,Ottawa,user6323@example.com
6324,Rider_6324,2024-01-21 19:45:00,Montreal,user6324@example.com
6325,Rider_6325,2022-06-24 12:26:00,New York,user6325@example.com
6326,Rider_6326,2022-12-17 17:44:00,Vancouver,user6326@example.com
6327,Rider_6327,2023-03-24 02:06:00,Ottawa,user6327@example.com
6328,Rider_6328,2022-09-12 08:20:00,New York,user6328@example.com
6329,Rider_6329,2023-11-06 08:40:00,Montreal,user6329@example.com
6330,Rider_6330,2021-12-02 14:32:00,New York,user6330@example.com
6331,Rider_6331,2021-10-08 18:23:00,Ottawa,user6331@example.com
6332,Rider_6332,2023-09-07 11:32:00,New York,user6332@example.com
6333,Rider_6333,2021-06-03 11:41:00,Los Angeles,user6333@example.com
6334,Rider_6334,2022-10-03 05:50:00,San Francisco,user6334@example.com
6335,Rider_6335,2024-02-07 13:13:00,New York,user6335@example.com
6336,Rider_6336,2022-01-29 19:41:00,Vancouver,user6336@example.com
6337,Rider_6337,2023-11-28 00:31:00,Los Angeles,user6337@example.com
6338,Rider_6338,2022-07-02 09:37:00,Los Angeles,user6338@example.com
6339,Rider_6339,2022-03-06 17:36:00,Boston,user6339@example.com
6340,Rider_6340,2024-05-02 10:49:00,Vancouver,user6340@example.com
6341,Rider_6341,2022-05-20 02:41:00,New York,user6341@example.com
6342,Rider_6342,2023-12-23 00:30:00,Vancouver,user6342@example.com
6343,Rider_6343,2024-04-08 23:54:00,San Francisco,user6343@example.com
6344,Rider_6344,2021-11-22 06:17:00,Chicago,user6344@example.com
6345,Rider_6345,2024-04-12 09:50:00,Calgary,user6345@example.com
6346,Rider_6346,2023-10-05 01:53:00,Calgary,user6346@example.com
6347,Rider_6347,2024-02-25 15:28:00,Los Angeles,user6347@example.com
6348,Rider_6348,2024-03-16 05:46:00,Montreal,user6348@example.com
6349,Rider_6349,2024-04-28 04:36:00,Los Angeles,user6349@example.com
6350,Rider_6350,2023-02-16 11:15:00,Chicago,user6350@example.com
6351,Rider_6351,2022-06-03 11:35:00,Toronto,user6351@example.com
6352,Rider_6352,2023-08-16 13:09:00,Los Angeles,user6352@example.com
6353,Rider_6353,2024-02-24 07:57:00,Calgary,user6353@example.com
6354,Rider_6354,2022-05-07 17:14:00,Boston,user6354@example.com
6355,Rider_6355,2021-06-07 08:40:00,San Francisco,user6355@example.com
6356,Rider_6356,2023-09-21 08:29:00,Toronto,user6356@example.com
6357,Rider_6357,2022-05-02 02:39:00,Montreal,user6357@example.com
6358,Rider_6358,2023-02-12 08:41:00,Ottawa,user6358@example.com
6359,Rider_6359,2024-03-21 06:46:00,Chicago,user6359@example.com
6360,Rider_6360,2021-11-11 00:39:00,Montreal,user6360@example.com
6361,Rider_6361,2024-01-04 21:38:00,San Francisco,user6361@example.com
6362,Rider_6362,2022-06-29 15:05:00,Vancouver,user6362@example.com
6363,Rider_6363,2024-06-05 22:02:00,Los Angeles,user6363@example.com
6364,Rider_6364,2022-07-16 12:19:00,Vancouver,user6364@example.com
6365,Rider_6365,2021-09-19 19:44:00,Chicago,user6365@example.com
6366,Rider_6366,2021-01-25 17:48:00,Los Angeles,user6366@example.com
6367,Rider_6367,2021-10-22 19:52:00,Toronto,user6367@example.com
6368,Rider_6368,2022-04-28 09:18:00,Ottawa,user6368@example.com
6369,Rider_6369,2023-12-24 18:24:00,Calgary,user6369@example.com
6370,Rider_6370,2022-04-06 03:16:00,Calgary,user6370@example.com
6371,Rider_6371,2023-04-17 03:34:00,Calgary,user6371@example.com
6372,Rider_6372,2022-09-11 05:26:00,Chicago,user6372@example.com
6373,Rider_6373,2023-12-17 15:11:00,Ottawa,user6373@example.com
6374,Rider_6374,2021-11-05 13:04:00,Toronto,user6374@example.com
6375,Rider_6375,2021-05-21 15:39:00,Toronto,user6375@example.com
6376,Rider_6376,2023-10-28 05:31:00,Ottawa,user6376@example.com
6377,Rider_6377,2022-02-14 03:08:00,Montreal,user6377@example.com
6378,Rider_6378,2024-01-18 02:14:00,Chicago,user6378@example.com
6379,Rider_6379,2023-04-08 17:15:00,Los Angeles,user6379@example.com
6380,Rider_6380,2022-09-09 08:09:00,Los Angeles,user6380@example.com
6381,Rider_6381,2022-08-22 10:47:00,Chicago,user6381@example.com
6382,Rider_6382,2024-02-18 18:35:00,Toronto,user6382@example.com
6383,Rider_6383,2023-08-11 21:57:00,San Francisco,user6383@example.com
6384,Rider_6384,2021-05-08 17:04:00,Ottawa,user6384@example.com
6385,Rider_6385,2021-12-16 06:04:00,Los Angeles,user6385@example.com
6386,Rider_6386,2021-03-05 08:07:00,Vancouver,user6386@example.com
6387,Rider_6387,2023-05-02 06:26:00,Boston,user6387@example.com
6388,Rider_6388,2023-11-03 22:59:00,Chicago,user6388@example.com
6389,Rider_6389,2021-02-10 22:44:00,San Francisco,user6389@example.com
6390,Rider_6390,2021-12-15 16:47:00,Vancouver,user6390@example.com
6391,Rider_6391,2022-01-17 03:22:00,Boston,user6391@example.com
6392,Rider_6392,2022-11-16 01:39:00,Boston,user6392@example.com
6393,Rider_6393,2021-08-14 20:02:00,Boston,user6393@example.com
6394,Rider_6394,2022-04-07 01:15:00,New York,user6394@example.com
6395,Rider_6395,2021-02-02 06:30:00,Boston,user6395@example.com
6396,Rider_6396,2023-01-21 17:44:00,Ottawa,user6396@example.com
6397,Rider_6397,2022-10-06 22:38:00,Vancouver,user6397@example.com
6398,Rider_6398,2023-05-07 07:12:00,Calgary,user6398@example.com
6399,Rider_6399,2021-10-26 15:11:00,Ottawa,user6399@example.com
6400,Rider_6400,2021-10-17 00:44:00,Montreal,user6400@example.com
6401,Rider_6401,2023-06-22 09:21:00,Calgary,user6401@example.com
6402,Rider_6402,2023-09-02 09:45:00,Montreal,user6402@example.com
6403,Rider_6403,2022-08-25 08:16:00,Ottawa,user6403@example.com
6404,Rider_6404,2024-01-03 21:23:00,San Francisco,user6404@example.com
6405,Rider_6405,2024-06-02 01:53:00,Los Angeles,user6405@example.com
6406,Rider_6406,2022-11-02 00:34:00,San Francisco,user6406@example.com
6407,Rider_6407,2022-07-21 06:05:00,Los Angeles,user6407@example.com
6408,Rider_6408,2022-05-13 08:13:00,Boston,user6408@example.com
6409,Rider_6409,2022-07-09 16:41:00,Calgary,user6409@example.com
6410,Rider_6410,2023-12-13 20:20:00,Toronto,user6410@example.com
6411,Rider_6411,2022-05-15 16:26:00,Chicago,user6411@example.com
6412,Rider_6412,2024-05-20 20:31:00,Boston,user6412@example.com
6413,Rider_6413,2023-06-19 09:08:00,Calgary,user6413@example.com
6414,Rider_6414,2021-05-31 02:18:00,Chicago,user6414@example.com
6415,Rider_6415,2024-01-06 09:20:00,Calgary,user6415@example.com
6416,Rider_6416,2023-04-12 15:39:00,Vancouver,user6416@example.com
6417,Rider_6417,2021-06-12 19:30:00,Los Angeles,user6417@example.com
6418,Rider_6418,2021-12-20 21:54:00,Ottawa,user6418@example.com
6419,Rider_6419,2024-01-20 16:44:00,Los Angeles,user6419@example.com
6420,Rider_6420,2021-12-14 21:58:00,Calgary,user6420@example.com
6421,Rider_6421,2022-02-23 02:01:00,Vancouver,user6421@example.com
6422,Rider_6422,2021-03-24 15:29:00,Ottawa,user6422@example.com
6423,Rider_6423,2023-08-20 06:45:00,Vancouver,user6423@example.com
6424,Rider_6424,2023-02-12 06:27:00,Vancouver,user6424@example.com
6425,Rider_6425,2022-11-09 14:07:00,Ottawa,user6425@example.com
6426,Rider_6426,2021-09-24 04:03:00,Toronto,user6426@example.com
6427,Rider_6427,2023-05-20 20:46:00,New York,user6427@example.com
6428,Rider_6428,2023-05-19 08:52:00,Vancouver,user6428@example.com
6429,Rider_6429,2022-06-24 23:34:00,New York,user6429@example.com
6430,Rider_6430,2024-01-03 05:06:00,Vancouver,user6430@example.com
6431,Rider_6431,2021-04-10 01:46:00,Chicago,user6431@example.com
6432,Rider_6432,2021-04-12 14:45:00,Los Angeles,user6432@example.com
6433,Rider_6433,2023-06-05 01:57:00,San Francisco,user6433@example.com
6434,Rider_6434,2024-02-05 12:52:00,San Francisco,user6434@example.com
6435,Rider_6435,2024-01-14 13:23:00,New York,user6435@example.com
6436,Rider_6436,2023-02-02 10:42:00,Ottawa,user6436@example.com
6437,Rider_6437,2023-12-30 23:08:00,Montreal,user6437@example.com
6438,Rider_6438,2022-09-08 13:07:00,Chicago,user6438@example.com
6439,Rider_6439,2023-10-26 01:43:00,Boston,user6439@example.com
6440,Rider_6440,2022-04-27 07:07:00,Vancouver,user6440@example.com
6441,Rider_6441,2023-12-20 01:43:00,Calgary,user6441@example.com
6442,Rider_6442,2022-05-29 11:10:00,San Francisco,user6442@example.com
6443,Rider_6443,2023-06-05 05:49:00,Boston,user6443@example.com
6444,Rider_6444,2022-09-25 11:21:00,Calgary,user6444@example.com
6445,Rider_6445,2024-04-05 09:44:00,Chicago,user6445@example.com
6446,Rider_6446,2023-11-25 09:30:00,Calgary,user6446@example.com
6447,Rider_6447,2022-05-04 11:51:00,Ottawa,user6447@example.com
6448,Rider_6448,2023-08-05 23:19:00,New York,user6448@example.com
6449,Rider_6449,2024-01-12 05:31:00,New York,user6449@example.com
6450,Rider_6450,2023-07-02 13:38:00,Los Angeles,user6450@example.com
6451,Rider_6451,2024-04-18 07:57:00,Toronto,user6451@example.com
6452,Rider_6452,2023-08-12 14:00:00,Toronto,user6452@example.com
6453,Rider_6453,2023-04-03 23:19:00,Toronto,user6453@example.com
6454,Rider_6454,2024-02-09 14:33:00,Montreal,user6454@example.com
6455,Rider_6455,2024-02-12 23:40:00,Chicago,user6455@example.com
6456,Rider_6456,2022-01-22 11:55:00,Boston,user6456@example.com
6457,Rider_6457,2024-04-16 22:54:00,Ottawa,user6457@example.com
6458,Rider_6458,2021-10-09 13:02:00,Chicago,user6458@example.com
6459,Rider_6459,2023-10-06 19:38:00,New York,user6459@example.com
6460,Rider_6460,2024-02-06 22:40:00,Vancouver,user6460@example.com
6461,Rider_6461,2022-05-31 10:01:00,Toronto,user6461@example.com
6462,Rider_6462,2021-05-27 06:35:00,Toronto,user6462@example.com
6463,Rider_6463,2023-06-11 16:22:00,Montreal,user6463@example.com
6464,Rider_6464,2024-06-04 09:22:00,Montreal,user6464@example.com
6465,Rider_6465,2022-08-16 07:32:00,Montreal,user6465@example.com
6466,Rider_6466,2021-08-04 04:00:00,Vancouver,user6466@example.com
6467,Rider_6467,2021-10-12 06:20:00,Los Angeles,user6467@example.com
6468,Rider_6468,2022-04-29 10:12:00,Toronto,user6468@example.com
6469,Rider_6469,2021-10-03 14:21:00,Los Angeles,user6469@example.com
6470,Rider_6470,2022-01-27 11:46:00,Montreal,user6470@example.com
6471,Rider_6471,2021-05-21 22:49:00,Vancouver,user6471@example.com
6472,Rider_6472,2022-02-09 16:21:00,Chicago,user6472@example.com
6473,Rider_6473,2021-11-08 15:10:00,Montreal,user6473@example.com
6474,Rider_6474,2022-06-30 13:42:00,Boston,user6474@example.com
6475,Rider_6475,2022-06-12 17:41:00,Toronto,user6475@example.com
6476,Rider_6476,2024-03-13 21:42:00,Vancouver,user6476@example.com
6477,Rider_6477,2023-03-25 19:11:00,Toronto,user6477@example.com
6478,Rider_6478,2021-02-01 16:35:00,San Francisco,user6478@example.com
6479,Rider_6479,2021-04-05 14:32:00,Ottawa,user6479@example.com
6480,Rider_6480,2021-04-02 21:07:00,Calgary,user6480@example.com
6481,Rider_6481,2021-05-29 08:08:00,Los Angeles,user6481@example.com
6482,Rider_6482,2021-01-03 16:27:00,Chicago,user6482@example.com
6483,Rider_6483,2021-01-20 12:57:00,Calgary,user6483@example.com
6484,Rider_6484,2022-05-23 18:12:00,New York,user6484@example.com
6485,Rider_6485,2022-04-21 18:20:00,Montreal,user6485@example.com
6486,Rider_6486,2024-05-27 19:35:00,New York,user6486@example.com
6487,Rider_6487,2023-05-26 03:45:00,Ottawa,user6487@example.com
6488,Rider_6488,2021-04-18 19:01:00,Los Angeles,user6488@example.com
6489,Rider_6489,2021-10-20 19:07:00,Chicago,user6489@example.com
6490,Rider_6490,2023-02-13 22:17:00,Ottawa,user6490@example.com
6491,Rider_6491,2023-04-12 10:13:00,Chicago,user6491@example.com
6492,Rider_6492,2022-06-21 07:46:00,Boston,user6492@example.com
6493,Rider_6493,2023-11-28 06:50:00,Toronto,user6493@example.com
6494,Rider_6494,2023-07-21 15:07:00,Chicago,user6494@example.com
6495,Rider_6495,2023-06-11 15:42:00,Los Angeles,user6495@example.com
6496,Rider_6496,2022-11-16 14:23:00,Chicago,user6496@example.com
6497,Rider_6497,2023-02-28 02:35:00,Chicago,user6497@example.com
6498,Rider_6498,2022-11-23 10:46:00,Chicago,user6498@example.com
6499,Rider_6499,2023-08-25 08:55:00,New York,user6499@example.com
6500,Rider_6500,2023-04-16 02:48:00,New York,user6500@example.com
6501,Rider_6501,2024-06-07 22:46:00,Toronto,user6501@example.com
6502,Rider_6502,2022-03-29 17:19:00,San Francisco,user6502@example.com
6503,Rider_6503,2022-06-27 05:40:00,Toronto,user6503@example.com
6504,Rider_6504,2023-07-06 16:45:00,Chicago,user6504@example.com
6505,Rider_6505,2021-09-18 00:34:00,Calgary,user6505@example.com
6506,Rider_6506,2023-02-13 01:46:00,Toronto,user6506@example.com
6507,Rider_6507,2023-07-27 12:14:00,Boston,user6507@example.com
6508,Rider_6508,2023-08-11 13:26:00,Chicago,user6508@example.com
6509,Rider_6509,2022-12-08 07:13:00,Los Angeles,user6509@example.com
6510,Rider_6510,2022-08-28 01:13:00,Calgary,user6510@example.com
6511,Rider_6511,2021-06-30 19:01:00,Vancouver,user6511@example.com
6512,Rider_6512,2021-04-12 16:39:00,Calgary,user6512@example.com
6513,Rider_6513,2022-01-18 11:49:00,Los Angeles,user6513@example.com
6514,Rider_6514,2021-08-08 15:04:00,Los Angeles,user6514@example.com
6515,Rider_6515,2023-02-02 09:09:00,Boston,user6515@example.com
6516,Rider_6516,2024-05-18 12:28:00,Boston,user6516@example.com
6517,Rider_6517,2021-03-06 14:36:00,Montreal,user6517@example.com
6518,Rider_6518,2021-04-02 01:40:00,Los Angeles,user6518@example.com
6519,Rider_6519,2024-06-13 16:49:00,Vancouver,user6519@example.com
6520,Rider_6520,2021-06-03 10:47:00,Ottawa,user6520@example.com
6521,Rider_6521,2021-05-22 06:59:00,Calgary,user6521@example.com
6522,Rider_6522,2023-03-31 04:33:00,Los Angeles,user6522@example.com
6523,Rider_6523,2023-06-13 08:47:00,Ottawa,user6523@example.com
6524,Rider_6524,2023-03-22 09:22:00,Calgary,user6524@example.com
6525,Rider_6525,2024-03-21 20:09:00,Montreal,user6525@example.com
6526,Rider_6526,2023-09-27 04:10:00,Calgary,user6526@example.com
6527,Rider_6527,2022-03-15 22:39:00,Boston,user6527@example.com
6528,Rider_6528,2021-07-30 10:53:00,Los Angeles,user6528@example.com
6529,Rider_6529,2024-04-01 02:11:00,Vancouver,user6529@example.com
6530,Rider_6530,2022-04-01 02:18:00,Boston,user6530@example.com
6531,Rider_6531,2022-09-20 23:05:00,Montreal,user6531@example.com
6532,Rider_6532,2022-08-09 18:04:00,Montreal,user6532@example.com
6533,Rider_6533,2023-02-01 21:52:00,Toronto,user6533@example.com
6534,Rider_6534,2023-02-03 02:43:00,New York,user6534@example.com
6535,Rider_6535,2022-05-15 10:55:00,Toronto,user6535@example.com
6536,Rider_6536,2023-01-23 00:43:00,Calgary,user6536@example.com
6537,Rider_6537,2022-08-27 23:50:00,Ottawa,user6537@example.com
6538,Rider_6538,2023-02-13 00:25:00,San Francisco,user6538@example.com
6539,Rider_6539,2024-04-12 11:06:00,San Francisco,user6539@example.com
6540,Rider_6540,2023-03-31 12:29:00,New York,user6540@example.com
6541,Rider_6541,2021-10-20 04:05:00,New York,user6541@example.com
6542,Rider_6542,2022-04-23 02:15:00,Toronto,user6542@example.com
6543,Rider_6543,2024-03-07 17:55:00,Ottawa,user6543@example.com
6544,Rider_6544,2023-04-24 04:34:00,Ottawa,user6544@example.com
6545,Rider_6545,2023-09-23 15:41:00,Chicago,user6545@example.com
6546,Rider_6546,2024-02-23 09:30:00,Los Angeles,user6546@example.com
6547,Rider_6547,2023-04-10 23:51:00,New York,user6547@example.com
6548,Rider_6548,2021-03-15 08:01:00,New York,user6548@example.com
6549,Rider_6549,2022-08-21 22:09:00,San Francisco,user6549@example.com
6550,Rider_6550,2022-07-01 10:46:00,Boston,user6550@example.com
6551,Rider_6551,2021-03-23 10:55:00,Calgary,user6551@example.com
6552,Rider_6552,2024-02-22 06:46:00,Montreal,user6552@example.com
6553,Rider_6553,2023-03-25 23:33:00,Calgary,user6553@example.com
6554,Rider_6554,2023-03-02 07:24:00,Chicago,user6554@example.com
6555,Rider_6555,2023-11-25 02:29:00,Los Angeles,user6555@example.com
6556,Rider_6556,2021-11-30 04:53:00,New York,user6556@example.com
6557,Rider_6557,2022-12-12 06:54:00,Toronto,user6557@example.com
6558,Rider_6558,2021-12-11 04:37:00,Chicago,user6558@example.com
6559,Rider_6559,2021-04-24 08:16:00,Los Angeles,user6559@example.com
6560,Rider_6560,2023-02-09 09:11:00,Boston,user6560@example.com
6561,Rider_6561,2023-06-07 05:50:00,Boston,user6561@example.com
6562,Rider_6562,2021-01-25 05:20:00,Ottawa,user6562@example.com
6563,Rider_6563,2022-08-16 14:55:00,New York,user6563@example.com
6564,Rider_6564,2023-12-07 22:18:00,Boston,user6564@example.com
6565,Rider_6565,2022-03-28 04:27:00,Toronto,user6565@example.com
6566,Rider_6566,2022-01-09 10:17:00,New York,user6566@example.com
6567,Rider_6567,2021-10-03 01:11:00,Los Angeles,user6567@example.com
6568,Rider_6568,2021-12-21 18:19:00,Montreal,user6568@example.com
6569,Rider_6569,2022-09-17 10:06:00,Los Angeles,user6569@example.com
6570,Rider_6570,2021-08-31 05:27:00,New York,user6570@example.com
6571,Rider_6571,2023-07-20 03:04:00,Chicago,user6571@example.com
6572,Rider_6572,2023-08-24 21:01:00,Boston,user6572@example.com
6573,Rider_6573,2022-10-19 20:38:00,San Francisco,user6573@example.com
6574,Rider_6574,2024-01-09 05:08:00,Ottawa,user6574@example.com
6575,Rider_6575,2021-11-15 06:20:00,San Francisco,user6575@example.com
6576,Rider_6576,2022-09-28 16:12:00,San Francisco,user6576@example.com
6577,Rider_6577,2022-10-09 01:24:00,New York,user6577@example.com
6578,Rider_6578,2022-08-09 20:29:00,Montreal,user6578@example.com
6579,Rider_6579,2021-10-22 08:56:00,San Francisco,user6579@example.com
6580,Rider_6580,2022-01-29 16:23:00,Vancouver,user6580@example.com
6581,Rider_6581,2021-01-17 04:50:00,Ottawa,user6581@example.com
6582,Rider_6582,2021-03-06 22:23:00,Montreal,user6582@example.com
6583,Rider_6583,2021-07-20 05:18:00,Vancouver,user6583@example.com
6584,Rider_6584,2021-04-20 13:20:00,Boston,user6584@example.com
6585,Rider_6585,2021-06-29 01:53:00,Toronto,user6585@example.com
6586,Rider_6586,2024-05-14 01:42:00,Chicago,user6586@example.com
6587,Rider_6587,2021-04-14 07:18:00,Vancouver,user6587@example.com
6588,Rider_6588,2023-04-15 02:33:00,Chicago,user6588@example.com
6589,Rider_6589,2021-09-17 23:53:00,Los Angeles,user6589@example.com
6590,Rider_6590,2023-11-24 18:00:00,San Francisco,user6590@example.com
6591,Rider_6591,2022-03-19 10:21:00,Montreal,user6591@example.com
6592,Rider_6592,2022-03-21 23:13:00,Calgary,user6592@example.com
6593,Rider_6593,2023-06-05 15:10:00,San Francisco,user6593@example.com
6594,Rider_6594,2021-06-18 12:52:00,San Francisco,user6594@example.com
6595,Rider_6595,2022-09-06 11:10:00,Toronto,user6595@example.com
6596,Rider_6596,2021-05-15 09:04:00,Boston,user6596@example.com
6597,Rider_6597,2023-02-13 13:33:00,Calgary,user6597@example.com
6598,Rider_6598,2021-07-17 11:11:00,Boston,user6598@example.com
6599,Rider_6599,2021-02-25 10:48:00,Calgary,user6599@example.com
6600,Rider_6600,2023-01-14 19:41:00,Vancouver,user6600@example.com
6601,Rider_6601,2021-06-23 01:32:00,Toronto,user6601@example.com
6602,Rider_6602,2021-03-01 01:54:00,Boston,user6602@example.com
6603,Rider_6603,2021-10-14 13:51:00,Montreal,user6603@example.com
6604,Rider_6604,2024-03-30 13:36:00,Toronto,user6604@example.com
6605,Rider_6605,2022-01-11 13:09:00,Toronto,user6605@example.com
6606,Rider_6606,2023-08-14 20:49:00,Montreal,user6606@example.com
6607,Rider_6607,2022-11-12 13:52:00,Los Angeles,user6607@example.com
6608,Rider_6608,2022-11-18 15:50:00,Chicago,user6608@example.com
6609,Rider_6609,2024-04-09 19:07:00,Ottawa,user6609@example.com
6610,Rider_6610,2023-10-27 17:50:00,New York,user6610@example.com
6611,Rider_6611,2024-04-06 04:00:00,Calgary,user6611@example.com
6612,Rider_6612,2024-04-08 21:35:00,Boston,user6612@example.com
6613,Rider_6613,2024-02-01 02:36:00,Boston,user6613@example.com
6614,Rider_6614,2021-03-09 23:24:00,Los Angeles,user6614@example.com
6615,Rider_6615,2021-01-23 01:49:00,Ottawa,user6615@example.com
6616,Rider_6616,2022-06-15 06:21:00,Chicago,user6616@example.com
6617,Rider_6617,2021-09-30 16:11:00,San Francisco,user6617@example.com
6618,Rider_6618,2022-12-19 17:55:00,Los Angeles,user6618@example.com
6619,Rider_6619,2023-09-28 15:05:00,Boston,user6619@example.com
6620,Rider_6620,2022-08-31 21:09:00,New York,user6620@example.com
6621,Rider_6621,2021-08-26 19:53:00,Montreal,user6621@example.com
6622,Rider_6622,2023-02-25 09:55:00,San Francisco,user6622@example.com
6623,Rider_6623,2021-12-16 21:23:00,Toronto,user6623@example.com
6624,Rider_6624,2023-09-02 08:13:00,Chicago,user6624@example.com
6625,Rider_6625,2022-06-06 18:50:00,Boston,user6625@example.com
6626,Rider_6626,2021-02-09 07:36:00,Vancouver,user6626@example.com
6627,Rider_6627,2021-04-18 18:46:00,Vancouver,user6627@example.com
6628,Rider_6628,2023-07-24 15:30:00,Boston,user6628@example.com
6629,Rider_6629,2022-03-24 02:12:00,Calgary,user6629@example.com
6630,Rider_6630,2021-09-08 06:10:00,Calgary,user6630@example.com
6631,Rider_6631,2023-04-30 22:14:00,Chicago,user6631@example.com
6632,Rider_6632,2021-03-30 02:25:00,Los Angeles,user6632@example.com
6633,Rider_6633,2023-11-30 17:48:00,Toronto,user6633@example.com
6634,Rider_6634,2022-09-29 19:04:00,Toronto,user6634@example.com
6635,Rider_6635,2023-04-10 23:10:00,Calgary,user6635@example.com
6636,Rider_6636,2023-08-19 22:33:00,New York,user6636@example.com
6637,Rider_6637,2024-01-30 19:38:00,Chicago,user6637@example.com
6638,Rider_6638,2022-07-30 08:28:00,Los Angeles,user6638@example.com
6639,Rider_6639,2021-08-11 21:33:00,New York,user6639@example.com
6640,Rider_6640,2023-11-30 01:10:00,Toronto,user6640@example.com
6641,Rider_6641,2021-01-10 04:01:00,Boston,user6641@example.com
6642,Rider_6642,2021-01-06 07:32:00,Montreal,user6642@example.com
6643,Rider_6643,2021-04-01 17:57:00,Ottawa,user6643@example.com
6644,Rider_6644,2024-04-09 03:02:00,Montreal,user6644@example.com
6645,Rider_6645,2021-07-05 20:34:00,Ottawa,user6645@example.com
6646,Rider_6646,2024-03-29 23:59:00,Boston,user6646@example.com
6647,Rider_6647,2023-05-26 13:58:00,New York,user6647@example.com
6648,Rider_6648,2021-04-25 20:05:00,Calgary,user6648@example.com
6649,Rider_6649,2023-10-05 23:21:00,New York,user6649@example.com
6650,Rider_6650,2023-06-07 18:45:00,Vancouver,user6650@example.com
6651,Rider_6651,2022-03-15 19:11:00,Montreal,user6651@example.com
6652,Rider_6652,2022-08-24 19:43:00,Ottawa,user6652@example.com
6653,Rider_6653,2024-03-08 02:02:00,Vancouver,user6653@example.com
6654,Rider_6654,2023-11-27 19:39:00,Boston,user6654@example.com
6655,Rider_6655,2023-08-10 15:42:00,Vancouver,user6655@example.com
6656,Rider_6656,2022-06-21 03:59:00,San Francisco,user6656@example.com
6657,Rider_6657,2023-01-15 07:13:00,Vancouver,user6657@example.com
6658,Rider_6658,2022-12-07 14:40:00,Chicago,user6658@example.com
6659,Rider_6659,2022-07-14 10:48:00,Calgary,user6659@example.com
6660,Rider_6660,2021-08-13 07:53:00,Boston,user6660@example.com
6661,Rider_6661,2023-09-17 16:33:00,San Francisco,user6661@example.com
6662,Rider_6662,2022-08-27 10:31:00,Chicago,user6662@example.com
6663,Rider_6663,2021-09-07 01:02:00,San Francisco,user6663@example.com
6664,Rider_6664,2024-02-24 13:24:00,Los Angeles,user6664@example.com
6665,Rider_6665,2022-11-02 16:18:00,New York,user6665@example.com
6666,Rider_6666,2021-08-12 16:06:00,San Francisco,user6666@example.com
6667,Rider_6667,2022-12-16 11:30:00,New York,user6667@example.com
6668,Rider_6668,2024-01-10 00:17:00,Montreal,user6668@example.com
6669,Rider_6669,2021-12-19 14:38:00,Calgary,user6669@example.com
6670,Rider_6670,2021-07-14 05:14:00,Montreal,user6670@example.com
6671,Rider_6671,2021-11-20 06:33:00,Los Angeles,user6671@example.com
6672,Rider_6672,2022-10-17 05:15:00,Montreal,user6672@example.com
6673,Rider_6673,2022-12-17 11:43:00,Montreal,user6673@example.com
6674,Rider_6674,2022-11-21 13:31:00,Vancouver,user6674@example.com
6675,Rider_6675,2022-12-22 01:10:00,Montreal,user6675@example.com
6676,Rider_6676,2022-06-09 18:08:00,Los Angeles,user6676@example.com
6677,Rider_6677,2023-10-31 14:55:00,Los Angeles,user6677@example.com
6678,Rider_6678,2021-07-26 18:52:00,Montreal,user6678@example.com
6679,Rider_6679,2021-11-16 21:04:00,Calgary,user6679@example.com
6680,Rider_6680,2021-12-04 00:49:00,Boston,user6680@example.com
6681,Rider_6681,2023-06-02 22:59:00,Boston,user6681@example.com
6682,Rider_6682,2024-02-07 22:31:00,Boston,user6682@example.com
6683,Rider_6683,2022-07-19 13:05:00,Ottawa,user6683@example.com
6684,Rider_6684,2023-05-02 14:34:00,Vancouver,user6684@example.com
6685,Rider_6685,2022-08-06 06:10:00,Montreal,user6685@example.com
6686,Rider_6686,2021-11-28 16:22:00,San Francisco,user6686@example.com
6687,Rider_6687,2021-08-08 13:13:00,Montreal,user6687@example.com
6688,Rider_6688,2021-06-18 18:46:00,Vancouver,user6688@example.com
6689,Rider_6689,2023-10-11 05:10:00,Calgary,user6689@example.com
6690,Rider_6690,2022-04-12 12:45:00,Vancouver,user6690@example.com
6691,Rider_6691,2022-10-03 04:52:00,Ottawa,user6691@example.com
6692,Rider_6692,2021-11-06 18:32:00,New York,user6692@example.com
6693,Rider_6693,2022-06-09 13:44:00,Boston,user6693@example.com
6694,Rider_6694,2021-09-01 10:55:00,Calgary,user6694@example.com
6695,Rider_6695,2023-03-15 21:49:00,Montreal,user6695@example.com
6696,Rider_6696,2021-10-08 02:38:00,Montreal,user6696@example.com
6697,Rider_6697,2021-02-07 00:38:00,Vancouver,user6697@example.com
6698,Rider_6698,2022-08-23 14:01:00,Boston,user6698@example.com
6699,Rider_6699,2023-11-03 03:19:00,Ottawa,user6699@example.com
6700,Rider_6700,2022-03-01 14:06:00,Chicago,user6700@example.com
6701,Rider_6701,2024-04-09 23:20:00,Ottawa,user6701@example.com
6702,Rider_6702,2023-09-24 03:05:00,Chicago,user6702@example.com
6703,Rider_6703,2023-06-13 08:07:00,Montreal,user6703@example.com
6704,Rider_6704,2021-08-23 01:52:00,Boston,user6704@example.com
6705,Rider_6705,2022-05-07 15:37:00,Montreal,user6705@example.com
6706,Rider_6706,2022-01-17 16:18:00,Vancouver,user6706@example.com
6707,Rider_6707,2024-03-30 16:32:00,Chicago,user6707@example.com
6708,Rider_6708,2022-05-07 05:20:00,Vancouver,user6708@example.com
6709,Rider_6709,2024-03-31 21:20:00,Ottawa,user6709@example.com
6710,Rider_6710,2023-04-05 05:45:00,Ottawa,user6710@example.com
6711,Rider_6711,2023-11-17 10:10:00,New York,user6711@example.com
6712,Rider_6712,2024-05-07 12:04:00,Toronto,user6712@example.com
6713,Rider_6713,2021-05-14 04:59:00,Toronto,user6713@example.com
6714,Rider_6714,2021-01-14 11:11:00,New York,user6714@example.com
6715,Rider_6715,2022-05-30 23:32:00,New York,user6715@example.com
6716,Rider_6716,2022-05-02 16:26:00,Toronto,user6716@example.com
6717,Rider_6717,2021-11-12 08:39:00,Los Angeles,user6717@example.com
6718,Rider_6718,2021-11-27 21:39:00,Chicago,user6718@example.com
6719,Rider_6719,2021-04-13 13:31:00,San Francisco,user6719@example.com
6720,Rider_6720,2023-08-27 03:45:00,Los Angeles,user6720@example.com
6721,Rider_6721,2023-06-26 08:32:00,Los Angeles,user6721@example.com
6722,Rider_6722,2023-01-09 00:32:00,Vancouver,user6722@example.com
6723,Rider_6723,2023-12-30 00:13:00,Los Angeles,user6723@example.com
6724,Rider_6724,2022-03-27 02:19:00,Chicago,user6724@example.com
6725,Rider_6725,2021-06-07 16:10:00,San Francisco,user6725@example.com
6726,Rider_6726,2021-09-06 06:14:00,Calgary,user6726@example.com
6727,Rider_6727,2021-09-11 14:39:00,Chicago,user6727@example.com
6728,Rider_6728,2021-07-03 23:46:00,Montreal,user6728@example.com
6729,Rider_6729,2023-08-19 11:28:00,Calgary,user6729@example.com
6730,Rider_6730,2021-09-03 21:07:00,Montreal,user6730@example.com
6731,Rider_6731,2023-05-09 00:01:00,Calgary,user6731@example.com
6732,Rider_6732,2023-12-24 04:46:00,Vancouver,user6732@example.com
6733,Rider_6733,2023-12-08 19:42:00,San Francisco,user6733@example.com
6734,Rider_6734,2021-06-26 02:23:00,Boston,user6734@example.com
6735,Rider_6735,2022-11-23 03:13:00,Chicago,user6735@example.com
6736,Rider_6736,2024-03-19 21:33:00,Toronto,user6736@example.com
6737,Rider_6737,2021-07-30 15:29:00,New York,user6737@example.com
6738,Rider_6738,2023-01-05 11:44:00,Montreal,user6738@example.com
6739,Rider_6739,2023-01-11 19:22:00,Montreal,user6739@example.com
6740,Rider_6740,2024-04-06 16:58:00,Chicago,user6740@example.com
6741,Rider_6741,2023-06-30 14:12:00,New York,user6741@example.com
6742,Rider_6742,2022-11-16 23:18:00,Los Angeles,user6742@example.com
6743,Rider_6743,2023-06-08 10:21:00,Ottawa,user6743@example.com
6744,Rider_6744,2022-11-26 21:47:00,Chicago,user6744@example.com
6745,Rider_6745,2023-02-03 22:24:00,New York,user6745@example.com
6746,Rider_6746,2022-06-19 02:52:00,Ottawa,user6746@example.com
6747,Rider_6747,2021-05-13 01:25:00,Los Angeles,user6747@example.com
6748,Rider_6748,2021-04-18 00:24:00,Los Angeles,user6748@example.com
6749,Rider_6749,2021-07-29 15:03:00,Chicago,user6749@example.com
6750,Rider_6750,2022-04-12 04:42:00,Ottawa,user6750@example.com
6751,Rider_6751,2021-08-21 05:14:00,Montreal,user6751@example.com
6752,Rider_6752,2024-05-13 17:24:00,Toronto,user6752@example.com
6753,Rider_6753,2023-09-13 05:32:00,Boston,user6753@example.com
6754,Rider_6754,2022-03-31 03:34:00,Los Angeles,user6754@example.com
6755,Rider_6755,2022-07-06 00:36:00,Toronto,user6755@example.com
6756,Rider_6756,2024-05-26 16:43:00,Ottawa,user6756@example.com
6757,Rider_6757,2021-01-25 18:51:00,Vancouver,user6757@example.com
6758,Rider_6758,2023-07-07 00:49:00,Ottawa,user6758@example.com
6759,Rider_6759,2021-09-20 15:01:00,Montreal,user6759@example.com
6760,Rider_6760,2022-01-28 13:55:00,Los Angeles,user6760@example.com
6761,Rider_6761,2023-03-09 13:47:00,Boston,user6761@example.com
6762,Rider_6762,2023-03-20 11:05:00,San Francisco,user6762@example.com
6763,Rider_6763,2023-01-31 13:56:00,New York,user6763@example.com
6764,Rider_6764,2021-09-17 05:48:00,Los Angeles,user6764@example.com
6765,Rider_6765,2023-10-06 19:34:00,New York,user6765@example.com
6766,Rider_6766,2023-12-25 05:05:00,Boston,user6766@example.com
6767,Rider_6767,2022-02-13 17:34:00,San Francisco,user6767@example.com
6768,Rider_6768,2022-11-04 13:32:00,Vancouver,user6768@example.com
6769,Rider_6769,2021-03-04 20:17:00,Los Angeles,user6769@example.com
6770,Rider_6770,2024-03-11 01:56:00,San Francisco,user6770@example.com
6771,Rider_6771,2023-10-22 08:36:00,Vancouver,user6771@example.com
6772,Rider_6772,2022-06-02 04:06:00,Toronto,user6772@example.com
6773,Rider_6773,2021-02-18 17:42:00,Calgary,user6773@example.com
6774,Rider_6774,2023-08-28 14:43:00,Chicago,user6774@example.com
6775,Rider_6775,2024-02-16 05:24:00,New York,user6775@example.com
6776,Rider_6776,2021-01-30 20:16:00,Ottawa,user6776@example.com
6777,Rider_6777,2022-08-15 08:26:00,San Francisco,user6777@example.com
6778,Rider_6778,2023-01-01 07:22:00,Boston,user6778@example.com
6779,Rider_6779,2022-08-27 08:29:00,Montreal,user6779@example.com
6780,Rider_6780,2023-12-17 02:13:00,New York,user6780@example.com
6781,Rider_6781,2023-12-19 12:40:00,San Francisco,user6781@example.com
6782,Rider_6782,2022-06-06 09:22:00,Montreal,user6782@example.com
6783,Rider_6783,2024-06-01 15:27:00,Los Angeles,user6783@example.com
6784,Rider_6784,2024-05-03 02:07:00,Calgary,user6784@example.com
6785,Rider_6785,2022-09-25 13:19:00,Montreal,user6785@example.com
6786,Rider_6786,2021-07-25 13:59:00,Los Angeles,user6786@example.com
6787,Rider_6787,2024-01-23 02:37:00,Los Angeles,user6787@example.com
6788,Rider_6788,2023-05-09 02:19:00,San Francisco,user6788@example.com
6789,Rider_6789,2023-01-30 08:55:00,Boston,user6789@example.com
6790,Rider_6790,2022-02-19 06:16:00,San Francisco,user6790@example.com
6791,Rider_6791,2022-11-30 20:31:00,Toronto,user6791@example.com
6792,Rider_6792,2024-06-05 06:17:00,Toronto,user6792@example.com
6793,Rider_6793,2023-03-02 09:06:00,Los Angeles,user6793@example.com
6794,Rider_6794,2021-02-05 17:46:00,Toronto,user6794@example.com
6795,Rider_6795,2024-06-06 10:18:00,Chicago,user6795@example.com
6796,Rider_6796,2022-01-13 10:14:00,Toronto,user6796@example.com
6797,Rider_6797,2021-10-03 03:02:00,Toronto,user6797@example.com
6798,Rider_6798,2021-04-11 21:51:00,Los Angeles,user6798@example.com
6799,Rider_6799,2023-06-08 10:18:00,Chicago,user6799@example.com
6800,Rider_6800,2024-04-24 22:37:00,Boston,user6800@example.com
6801,Rider_6801,2021-04-28 03:32:00,Toronto,user6801@example.com
6802,Rider_6802,2024-01-29 07:23:00,New York,user6802@example.com
6803,Rider_6803,2024-02-19 02:50:00,New York,user6803@example.com
6804,Rider_6804,2023-08-18 04:36:00,Los Angeles,user6804@example.com
6805,Rider_6805,2021-08-31 17:11:00,Toronto,user6805@example.com
6806,Rider_6806,2023-08-31 15:40:00,Ottawa,user6806@example.com
6807,Rider_6807,2023-09-08 05:29:00,Vancouver,user6807@example.com
6808,Rider_6808,2024-05-06 05:06:00,Los Angeles,user6808@example.com
6809,Rider_6809,2023-08-10 14:05:00,Toronto,user6809@example.com
6810,Rider_6810,2021-03-29 06:02:00,Toronto,user6810@example.com
6811,Rider_6811,2021-11-06 22:41:00,Chicago,user6811@example.com
6812,Rider_6812,2021-10-16 06:43:00,Toronto,user6812@example.com
6813,Rider_6813,2024-01-21 18:27:00,Toronto,user6813@example.com
6814,Rider_6814,2021-01-06 23:12:00,Toronto,user6814@example.com
6815,Rider_6815,2024-05-14 16:42:00,Montreal,user6815@example.com
6816,Rider_6816,2021-11-23 13:32:00,Boston,user6816@example.com
6817,Rider_6817,2024-01-19 18:55:00,New York,user6817@example.com
6818,Rider_6818,2022-08-25 00:42:00,Toronto,user6818@example.com
6819,Rider_6819,2023-08-30 14:31:00,Los Angeles,user6819@example.com
6820,Rider_6820,2021-10-27 06:05:00,Calgary,user6820@example.com
6821,Rider_6821,2021-11-03 11:52:00,Vancouver,user6821@example.com
6822,Rider_6822,2023-07-30 13:06:00,Vancouver,user6822@example.com
6823,Rider_6823,2022-12-30 21:26:00,Chicago,user6823@example.com
6824,Rider_6824,2024-02-11 10:42:00,San Francisco,user6824@example.com
6825,Rider_6825,2021-04-06 04:10:00,Ottawa,user6825@example.com
6826,Rider_6826,2021-10-15 06:36:00,Vancouver,user6826@example.com
6827,Rider_6827,2021-01-10 19:22:00,Calgary,user6827@example.com
6828,Rider_6828,2021-10-01 04:11:00,Toronto,user6828@example.com
6829,Rider_6829,2022-02-13 23:06:00,Boston,user6829@example.com
6830,Rider_6830,2023-04-22 23:09:00,Chicago,user6830@example.com
6831,Rider_6831,2021-10-22 03:18:00,Ottawa,user6831@example.com
6832,Rider_6832,2023-12-28 20:49:00,Toronto,user6832@example.com
6833,Rider_6833,2021-10-20 08:32:00,Toronto,user6833@example.com
6834,Rider_6834,2022-05-15 06:51:00,Chicago,user6834@example.com
6835,Rider_6835,2021-09-10 07:35:00,Boston,user6835@example.com
6836,Rider_6836,2023-09-14 21:35:00,Montreal,user6836@example.com
6837,Rider_6837,2022-04-06 22:30:00,Ottawa,user6837@example.com
6838,Rider_6838,2022-10-03 10:59:00,Ottawa,user6838@example.com
6839,Rider_6839,2023-09-23 03:06:00,Calgary,user6839@example.com
6840,Rider_6840,2021-12-06 01:15:00,San Francisco,user6840@example.com
6841,Rider_6841,2022-01-25 20:05:00,Montreal,user6841@example.com
6842,Rider_6842,2024-02-17 11:18:00,Los Angeles,user6842@example.com
6843,Rider_6843,2023-04-05 04:22:00,Boston,user6843@example.com
6844,Rider_6844,2023-10-15 06:17:00,New York,user6844@example.com
6845,Rider_6845,2022-03-14 05:11:00,San Francisco,user6845@example.com
6846,Rider_6846,2021-04-11 10:27:00,Chicago,user6846@example.com
6847,Rider_6847,2021-04-08 12:43:00,New York,user6847@example.com
6848,Rider_6848,2022-06-19 17:34:00,Vancouver,user6848@example.com
6849,Rider_6849,2023-08-21 21:30:00,New York,user6849@example.com
6850,Rider_6850,2021-05-05 04:48:00,Montreal,user6850@example.com
6851,Rider_6851,2021-01-19 15:21:00,Vancouver,user6851@example.com
6852,Rider_6852,2022-05-10 14:44:00,Toronto,user6852@example.com
6853,Rider_6853,2024-04-13 07:21:00,Ottawa,user6853@example.com
6854,Rider_6854,2023-12-21 10:09:00,Los Angeles,user6854@example.com
6855,Rider_6855,2023-11-20 12:57:00,Ottawa,user6855@example.com
6856,Rider_6856,2023-06-04 05:21:00,Toronto,user6856@example.com
6857,Rider_6857,2024-02-04 14:04:00,San Francisco,user6857@example.com
6858,Rider_6858,2022-12-02 06:33:00,Los Angeles,user6858@example.com
6859,Rider_6859,2024-02-27 22:56:00,Los Angeles,user6859@example.com
6860,Rider_6860,2022-07-30 11:07:00,Vancouver,user6860@example.com
6861,Rider_6861,2022-04-12 10:01:00,Vancouver,user6861@example.com
6862,Rider_6862,2022-05-02 23:10:00,Vancouver,user6862@example.com
6863,Rider_6863,2024-03-03 06:28:00,Calgary,user6863@example.com
6864,Rider_6864,2021-12-21 08:37:00,Boston,user6864@example.com
6865,Rider_6865,2021-09-22 22:40:00,Ottawa,user6865@example.com
6866,Rider_6866,2023-12-10 05:17:00,New York,user6866@example.com
6867,Rider_6867,2022-09-29 11:55:00,Los Angeles,user6867@example.com
6868,Rider_6868,2022-12-19 03:11:00,Vancouver,user6868@example.com
6869,Rider_6869,2024-05-21 22:24:00,Los Angeles,user6869@example.com
6870,Rider_6870,2022-12-22 05:09:00,Montreal,user6870@example.com
6871,Rider_6871,2022-12-04 10:21:00,Vancouver,user6871@example.com
6872,Rider_6872,2021-08-09 17:14:00,Chicago,user6872@example.com
6873,Rider_6873,2022-10-14 19:42:00,Montreal,user6873@example.com
6874,Rider_6874,2021-08-05 14:24:00,New York,user6874@example.com
6875,Rider_6875,2022-08-16 13:45:00,Los Angeles,user6875@example.com
6876,Rider_6876,2022-09-13 11:23:00,Chicago,user6876@example.com
6877,Rider_6877,2021-01-22 16:05:00,Los Angeles,user6877@example.com
6878,Rider_6878,2024-05-14 08:36:00,Montreal,user6878@example.com
6879,Rider_6879,2021-08-23 15:07:00,Chicago,user6879@example.com
6880,Rider_6880,2021-10-13 16:38:00,Ottawa,user6880@example.com
6881,Rider_6881,2021-05-28 08:07:00,Boston,user6881@example.com
6882,Rider_6882,2022-08-31 20:24:00,New York,user6882@example.com
6883,Rider_6883,2021-08-21 20:40:00,Vancouver,user6883@example.com
6884,Rider_6884,2022-06-09 00:01:00,San Francisco,user6884@example.com
6885,Rider_6885,2021-02-03 16:18:00,Boston,user6885@example.com
6886,Rider_6886,2022-09-02 07:27:00,Vancouver,user6886@example.com
6887,Rider_6887,2022-04-17 12:07:00,Chicago,user6887@example.com
6888,Rider_6888,2022-03-08 08:16:00,Calgary,user6888@example.com
6889,Rider_6889,2021-10-23 01:42:00,Boston,user6889@example.com
6890,Rider_6890,2023-08-01 16:04:00,Vancouver,user6890@example.com
6891,Rider_6891,2022-11-04 10:03:00,Vancouver,user6891@example.com
6892,Rider_6892,2021-09-06 06:32:00,Montreal,user6892@example.com
6893,Rider_6893,2023-11-01 06:25:00,Vancouver,user6893@example.com
6894,Rider_6894,2022-07-03 22:33:00,New York,user6894@example.com
6895,Rider_6895,2021-04-14 22:26:00,Toronto,user6895@example.com
6896,Rider_6896,2024-01-02 18:29:00,Los Angeles,user6896@example.com
6897,Rider_6897,2023-08-03 05:05:00,Vancouver,user6897@example.com
6898,Rider_6898,2021-08-08 18:40:00,San Francisco,user6898@example.com
6899,Rider_6899,2023-03-17 20:52:00,Boston,user6899@example.com
6900,Rider_6900,2024-06-02 09:12:00,Vancouver,user6900@example.com
6901,Rider_6901,2022-10-09 18:28:00,Boston,user6901@example.com
6902,Rider_6902,2021-01-21 03:28:00,Vancouver,user6902@example.com
6903,Rider_6903,2023-09-09 00:20:00,San Francisco,user6903@example.com
6904,Rider_6904,2022-06-10 23:11:00,Chicago,user6904@example.com
6905,Rider_6905,2023-11-29 15:30:00,San Francisco,user6905@example.com
6906,Rider_6906,2022-10-29 10:11:00,Ottawa,user6906@example.com
6907,Rider_6907,2021-07-09 06:47:00,Ottawa,user6907@example.com
6908,Rider_6908,2021-07-21 01:25:00,Ottawa,user6908@example.com
6909,Rider_6909,2022-03-14 21:53:00,Calgary,user6909@example.com
6910,Rider_6910,2024-01-31 20:53:00,Los Angeles,user6910@example.com
6911,Rider_6911,2024-06-07 19:46:00,Los Angeles,user6911@example.com
6912,Rider_6912,2022-07-29 02:28:00,Chicago,user6912@example.com
6913,Rider_6913,2023-01-06 14:13:00,Ottawa,user6913@example.com
6914,Rider_6914,2021-01-28 12:16:00,Toronto,user6914@example.com
6915,Rider_6915,2022-07-29 18:55:00,Vancouver,user6915@example.com
6916,Rider_6916,2022-01-18 07:38:00,Montreal,user6916@example.com
6917,Rider_6917,2022-05-22 17:38:00,Boston,user6917@example.com
6918,Rider_6918,2022-05-01 12:13:00,Boston,user6918@example.com
6919,Rider_6919,2024-05-07 06:15:00,Vancouver,user6919@example.com
6920,Rider_6920,2023-05-13 03:44:00,San Francisco,user6920@example.com
6921,Rider_6921,2023-06-16 16:18:00,Los Angeles,user6921@example.com
6922,Rider_6922,2023-12-21 19:36:00,Los Angeles,user6922@example.com
6923,Rider_6923,2021-07-17 11:51:00,Boston,user6923@example.com
6924,Rider_6924,2024-04-29 03:58:00,Los Angeles,user6924@example.com
6925,Rider_6925,2021-12-22 15:00:00,Ottawa,user6925@example.com
6926,Rider_6926,2023-08-05 15:35:00,Ottawa,user6926@example.com
6927,Rider_6927,2022-01-22 23:05:00,Boston,user6927@example.com
6928,Rider_6928,2023-05-26 01:16:00,Vancouver,user6928@example.com
6929,Rider_6929,2021-01-31 03:11:00,Vancouver,user6929@example.com
6930,Rider_6930,2023-03-05 17:59:00,Los Angeles,user6930@example.com
6931,Rider_6931,2022-08-20 17:54:00,Toronto,user6931@example.com
6932,Rider_6932,2023-08-27 17:45:00,Chicago,user6932@example.com
6933,Rider_6933,2021-05-07 07:22:00,Los Angeles,user6933@example.com
6934,Rider_6934,2023-02-02 15:35:00,Calgary,user6934@example.com
6935,Rider_6935,2023-07-26 02:32:00,Vancouver,user6935@example.com
6936,Rider_6936,2021-04-14 23:09:00,San Francisco,user6936@example.com
6937,Rider_6937,2022-08-29 04:27:00,Vancouver,user6937@example.com
6938,Rider_6938,2024-05-14 05:06:00,Boston,user6938@example.com
6939,Rider_6939,2024-01-11 21:50:00,San Francisco,user6939@example.com
6940,Rider_6940,2022-07-20 02:47:00,Chicago,user6940@example.com
6941,Rider_6941,2023-01-06 22:33:00,New York,user6941@example.com
6942,Rider_6942,2021-12-13 22:28:00,Boston,user6942@example.com
6943,Rider_6943,2022-05-24 07:26:00,New York,user6943@example.com
6944,Rider_6944,2023-08-23 03:36:00,Los Angeles,user6944@example.com
6945,Rider_6945,2023-05-23 20:19:00,Vancouver,user6945@example.com
6946,Rider_6946,2024-05-02 09:52:00,Chicago,user6946@example.com
6947,Rider_6947,2022-05-13 03:47:00,San Francisco,user6947@example.com
6948,Rider_6948,2022-05-04 01:02:00,Vancouver,user6948@example.com
6949,Rider_6949,2023-04-14 03:05:00,Ottawa,user6949@example.com
6950,Rider_6950,2024-06-13 10:09:00,Boston,user6950@example.com
6951,Rider_6951,2023-07-18 07:39:00,Boston,user6951@example.com
6952,Rider_6952,2021-07-06 23:26:00,Ottawa,user6952@example.com
6953,Rider_6953,2024-02-14 07:52:00,San Francisco,user6953@example.com
6954,Rider_6954,2024-02-17 13:14:00,New York,user6954@example.com
6955,Rider_6955,2023-03-25 05:34:00,Boston,user6955@example.com
6956,Rider_6956,2022-03-15 18:43:00,Calgary,user6956@example.com
6957,Rider_6957,2024-05-13 07:46:00,Boston,user6957@example.com
6958,Rider_6958,2022-10-20 02:15:00,Montreal,user6958@example.com
6959,Rider_6959,2022-04-09 04:50:00,New York,user6959@example.com
6960,Rider_6960,2021-11-14 06:37:00,San Francisco,user6960@example.com
6961,Rider_6961,2022-04-05 23:32:00,Chicago,user6961@example.com
6962,Rider_6962,2021-02-14 18:32:00,New York,user6962@example.com
6963,Rider_6963,2021-05-03 06:30:00,Montreal,user6963@example.com
6964,Rider_6964,2022-12-24 06:12:00,Los Angeles,user6964@example.com
6965,Rider_6965,2022-11-25 21:37:00,Chicago,user6965@example.com
6966,Rider_6966,2023-05-13 13:45:00,Montreal,user6966@example.com
6967,Rider_6967,2023-07-12 12:08:00,Chicago,user6967@example.com
6968,Rider_6968,2024-03-24 05:29:00,Vancouver,user6968@example.com
6969,Rider_6969,2021-06-17 09:01:00,Los Angeles,user6969@example.com
6970,Rider_6970,2022-12-10 06:47:00,San Francisco,user6970@example.com
6971,Rider_6971,2021-11-04 05:47:00,San Francisco,user6971@example.com
6972,Rider_6972,2022-12-06 05:29:00,Ottawa,user6972@example.com
6973,Rider_6973,2021-09-11 01:23:00,San Francisco,user6973@example.com
6974,Rider_6974,2021-07-19 16:09:00,Ottawa,user6974@example.com
6975,Rider_6975,2021-01-27 08:10:00,Los Angeles,user6975@example.com
6976,Rider_6976,2021-03-23 10:29:00,Toronto,user6976@example.com
6977,Rider_6977,2023-05-09 09:29:00,Los Angeles,user6977@example.com
6978,Rider_6978,2022-07-27 22:40:00,Vancouver,user6978@example.com
6979,Rider_6979,2022-05-05 18:04:00,Chicago,user6979@example.com
6980,Rider_6980,2023-05-05 14:13:00,Montreal,user6980@example.com
6981,Rider_6981,2023-09-04 22:43:00,New York,user6981@example.com
6982,Rider_6982,2023-10-02 00:51:00,Montreal,user6982@example.com
6983,Rider_6983,2022-09-07 10:42:00,Los Angeles,user6983@example.com
6984,Rider_6984,2022-05-23 08:55:00,Chicago,user6984@example.com
6985,Rider_6985,2024-03-27 10:40:00,Ottawa,user6985@example.com
6986,Rider_6986,2023-09-27 19:55:00,New York,user6986@example.com
6987,Rider_6987,2022-05-19 08:07:00,San Francisco,user6987@example.com
6988,Rider_6988,2024-03-21 04:02:00,Ottawa,user6988@example.com
6989,Rider_6989,2021-03-03 04:14:00,Ottawa,user6989@example.com
6990,Rider_6990,2021-03-28 18:34:00,Calgary,user6990@example.com
6991,Rider_6991,2023-02-11 13:26:00,Chicago,user6991@example.com
6992,Rider_6992,2021-04-16 11:17:00,Toronto,user6992@example.com
6993,Rider_6993,2021-08-24 10:56:00,Chicago,user6993@example.com
6994,Rider_6994,2023-03-24 02:40:00,Toronto,user6994@example.com
6995,Rider_6995,2024-01-14 22:23:00,Chicago,user6995@example.com
6996,Rider_6996,2021-05-23 16:46:00,Boston,user6996@example.com
6997,Rider_6997,2022-07-09 16:56:00,Los Angeles,user6997@example.com
6998,Rider_6998,2021-05-07 01:48:00,Los Angeles,user6998@example.com
6999,Rider_6999,2022-06-18 17:20:00,Montreal,user6999@example.com
7000,Rider_7000,2023-02-05 00:04:00,Toronto,user7000@example.com
7001,Rider_7001,2023-04-27 19:13:00,Montreal,user7001@example.com
7002,Rider_7002,2023-03-27 01:27:00,New York,user7002@example.com
7003,Rider_7003,2023-09-25 00:44:00,Montreal,user7003@example.com
7004,Rider_7004,2023-12-16 00:03:00,Montreal,user7004@example.com
7005,Rider_7005,2023-05-02 10:33:00,Chicago,user7005@example.com
7006,Rider_7006,2021-11-18 23:00:00,Toronto,user7006@example.com
7007,Rider_7007,2021-09-05 02:12:00,Vancouver,user7007@example.com
7008,Rider_7008,2024-03-30 21:54:00,Toronto,user7008@example.com
7009,Rider_7009,2021-12-20 05:56:00,San Francisco,user7009@example.com
7010,Rider_7010,2021-03-29 19:00:00,Boston,user7010@example.com
7011,Rider_7011,2021-02-07 15:10:00,Calgary,user7011@example.com
7012,Rider_7012,2023-09-26 17:08:00,New York,user7012@example.com
7013,Rider_7013,2023-01-14 14:58:00,Boston,user7013@example.com
7014,Rider_7014,2021-03-07 12:25:00,New York,user7014@example.com
7015,Rider_7015,2024-03-24 07:57:00,Boston,user7015@example.com
7016,Rider_7016,2021-08-26 02:29:00,Boston,user7016@example.com
7017,Rider_7017,2023-02-17 15:07:00,Chicago,user7017@example.com
7018,Rider_7018,2022-05-17 16:27:00,Los Angeles,user7018@example.com
7019,Rider_7019,2024-03-20 08:20:00,Montreal,user7019@example.com
7020,Rider_7020,2021-01-30 21:54:00,Montreal,user7020@example.com
7021,Rider_7021,2024-04-04 05:16:00,Calgary,user7021@example.com
7022,Rider_7022,2023-02-04 15:33:00,San Francisco,user7022@example.com
7023,Rider_7023,2023-11-07 06:03:00,New York,user7023@example.com
7024,Rider_7024,2023-05-05 10:38:00,Montreal,user7024@example.com
7025,Rider_7025,2021-03-04 08:09:00,Toronto,user7025@example.com
7026,Rider_7026,2023-07-06 00:26:00,Boston,user7026@example.com
7027,Rider_7027,2021-11-21 09:59:00,New York,user7027@example.com
7028,Rider_7028,2023-06-25 06:05:00,Boston,user7028@example.com
7029,Rider_7029,2021-01-12 02:39:00,Vancouver,user7029@example.com
7030,Rider_7030,2023-12-27 05:54:00,Los Angeles,user7030@example.com
7031,Rider_7031,2023-06-23 10:59:00,Toronto,user7031@example.com
7032,Rider_7032,2023-03-02 22:26:00,Los Angeles,user7032@example.com
7033,Rider_7033,2022-09-09 23:59:00,Chicago,user7033@example.com
7034,Rider_7034,2021-08-25 12:30:00,Boston,user7034@example.com
7035,Rider_7035,2021-01-12 10:01:00,Calgary,user7035@example.com
7036,Rider_7036,2022-03-14 03:59:00,Ottawa,user7036@example.com
7037,Rider_7037,2023-05-15 02:58:00,San Francisco,user7037@example.com
7038,Rider_7038,2023-03-05 14:58:00,Los Angeles,user7038@example.com
7039,Rider_7039,2021-09-06 08:08:00,Montreal,user7039@example.com
7040,Rider_7040,2024-03-17 13:33:00,Boston,user7040@example.com
7041,Rider_7041,2022-02-03 02:44:00,Ottawa,user7041@example.com
7042,Rider_7042,2021-11-01 02:55:00,Los Angeles,user7042@example.com
7043,Rider_7043,2022-02-09 10:14:00,Los Angeles,user7043@example.com
7044,Rider_7044,2021-07-05 02:53:00,Montreal,user7044@example.com
7045,Rider_7045,2022-12-03 14:43:00,San Francisco,user7045@example.com
7046,Rider_7046,2022-11-24 03:03:00,New York,user7046@example.com
7047,Rider_7047,2023-10-09 22:16:00,Ottawa,user7047@example.com
7048,Rider_7048,2024-04-11 04:18:00,Calgary,user7048@example.com
7049,Rider_7049,2021-11-14 19:40:00,Montreal,user7049@example.com
7050,Rider_7050,2021-06-25 01:31:00,Chicago,user7050@example.com
7051,Rider_7051,2022-08-25 21:15:00,New York,user7051@example.com
7052,Rider_7052,2024-02-28 22:05:00,Toronto,user7052@example.com
7053,Rider_7053,2021-11-07 21:51:00,Boston,user7053@example.com
7054,Rider_7054,2024-02-17 20:58:00,Ottawa,user7054@example.com
7055,Rider_7055,2023-12-08 11:44:00,San Francisco,user7055@example.com
7056,Rider_7056,2023-07-11 14:16:00,Boston,user7056@example.com
7057,Rider_7057,2022-07-15 16:45:00,San Francisco,user7057@example.com
7058,Rider_7058,2021-03-26 10:58:00,Vancouver,user7058@example.com
7059,Rider_7059,2023-05-31 13:34:00,Boston,user7059@example.com
7060,Rider_7060,2021-12-03 19:06:00,San Francisco,user7060@example.com
7061,Rider_7061,2021-02-06 23:47:00,Calgary,user7061@example.com
7062,Rider_7062,2021-01-20 04:49:00,San Francisco,user7062@example.com
7063,Rider_7063,2021-10-09 01:09:00,Boston,user7063@example.com
7064,Rider_7064,2021-11-17 13:23:00,Los Angeles,user7064@example.com
7065,Rider_7065,2024-01-24 09:23:00,Vancouver,user7065@example.com
7066,Rider_7066,2024-01-24 10:24:00,Montreal,user7066@example.com
7067,Rider_7067,2022-12-13 07:09:00,Los Angeles,user7067@example.com
7068,Rider_7068,2023-07-24 21:12:00,Montreal,user7068@example.com
7069,Rider_7069,2023-02-03 19:14:00,Chicago,user7069@example.com
7070,Rider_7070,2023-05-22 05:15:00,Vancouver,user7070@example.com
7071,Rider_7071,2022-03-20 06:20:00,Ottawa,user7071@example.com
7072,Rider_7072,2021-05-01 15:54:00,Boston,user7072@example.com
7073,Rider_7073,2021-06-16 15:00:00,Ottawa,user7073@example.com
7074,Rider_7074,2021-02-18 11:13:00,New York,user7074@example.com
7075,Rider_7075,2021-03-19 17:10:00,Ottawa,user7075@example.com
7076,Rider_7076,2022-03-03 00:05:00,New York,user7076@example.com
7077,Rider_7077,2022-04-17 09:18:00,New York,user7077@example.com
7078,Rider_7078,2022-08-16 12:24:00,Vancouver,user7078@example.com
7079,Rider_7079,2021-09-05 18:06:00,Ottawa,user7079@example.com
7080,Rider_7080,2021-03-25 04:02:00,Toronto,user7080@example.com
7081,Rider_7081,2021-12-01 11:17:00,Los Angeles,user7081@example.com
7082,Rider_7082,2022-10-20 08:45:00,Boston,user7082@example.com
7083,Rider_7083,2021-04-29 05:11:00,Los Angeles,user7083@example.com
7084,Rider_7084,2022-10-11 13:02:00,San Francisco,user7084@example.com
7085,Rider_7085,2022-04-08 02:28:00,New York,user7085@example.com
7086,Rider_7086,2021-07-06 12:46:00,New York,user7086@example.com
7087,Rider_7087,2021-08-09 08:06:00,San Francisco,user7087@example.com
7088,Rider_7088,2022-12-11 19:29:00,San Francisco,user7088@example.com
7089,Rider_7089,2021-07-06 22:02:00,Boston,user7089@example.com
7090,Rider_7090,2023-01-11 05:23:00,New York,user7090@example.com
7091,Rider_7091,2021-01-23 06:47:00,Chicago,user7091@example.com
7092,Rider_7092,2021-05-14 17:51:00,Toronto,user7092@example.com
7093,Rider_7093,2022-12-09 04:44:00,Boston,user7093@example.com
7094,Rider_7094,2023-12-16 12:26:00,Ottawa,user7094@example.com
7095,Rider_7095,2022-03-01 07:11:00,Calgary,user7095@example.com
7096,Rider_7096,2021-02-05 01:03:00,San Francisco,user7096@example.com
7097,Rider_7097,2023-01-16 05:26:00,Ottawa,user7097@example.com
7098,Rider_7098,2024-02-11 05:50:00,Toronto,user7098@example.com
7099,Rider_7099,2021-12-01 17:30:00,Chicago,user7099@example.com
7100,Rider_7100,2022-09-10 13:19:00,Toronto,user7100@example.com
7101,Rider_7101,2021-02-16 10:40:00,Montreal,user7101@example.com
7102,Rider_7102,2023-02-12 17:17:00,New York,user7102@example.com
7103,Rider_7103,2022-12-25 10:36:00,Montreal,user7103@example.com
7104,Rider_7104,2021-09-29 21:19:00,Montreal,user7104@example.com
7105,Rider_7105,2023-06-15 23:11:00,New York,user7105@example.com
7106,Rider_7106,2023-10-18 00:11:00,New York,user7106@example.com
7107,Rider_7107,2024-04-10 10:16:00,Toronto,user7107@example.com
7108,Rider_7108,2024-01-08 19:03:00,San Francisco,user7108@example.com
7109,Rider_7109,2024-01-22 17:26:00,San Francisco,user7109@example.com
7110,Rider_7110,2021-11-11 21:09:00,Vancouver,user7110@example.com
7111,Rider_7111,2021-02-07 22:10:00,San Francisco,user7111@example.com
7112,Rider_7112,2021-10-20 03:45:00,San Francisco,user7112@example.com
7113,Rider_7113,2023-12-08 08:57:00,Boston,user7113@example.com
7114,Rider_7114,2024-06-12 20:11:00,Vancouver,user7114@example.com
7115,Rider_7115,2023-10-08 00:33:00,New York,user7115@example.com
7116,Rider_7116,2023-05-25 22:03:00,New York,user7116@example.com
7117,Rider_7117,2023-05-19 06:57:00,Montreal,user7117@example.com
7118,Rider_7118,2024-05-15 06:32:00,Vancouver,user7118@example.com
7119,Rider_7119,2024-01-17 14:21:00,Boston,user7119@example.com
7120,Rider_7120,2022-03-22 02:07:00,New York,user7120@example.com
7121,Rider_7121,2021-05-18 08:23:00,Los Angeles,user7121@example.com
7122,Rider_7122,2022-07-25 13:49:00,Ottawa,user7122@example.com
7123,Rider_7123,2023-01-04 23:09:00,Vancouver,user7123@example.com
7124,Rider_7124,2021-09-12 14:26:00,Calgary,user7124@example.com
7125,Rider_7125,2023-10-21 02:26:00,Los Angeles,user7125@example.com
7126,Rider_7126,2024-02-03 02:38:00,Los Angeles,user7126@example.com
7127,Rider_7127,2023-04-21 01:15:00,Calgary,user7127@example.com
7128,Rider_7128,2022-05-14 04:58:00,Chicago,user7128@example.com
7129,Rider_7129,2022-09-25 06:07:00,Los Angeles,user7129@example.com
7130,Rider_7130,2023-06-21 07:51:00,Chicago,user7130@example.com
7131,Rider_7131,2022-08-02 01:15:00,Montreal,user7131@example.com
7132,Rider_7132,2022-06-24 17:23:00,Vancouver,user7132@example.com
7133,Rider_7133,2021-08-18 08:09:00,San Francisco,user7133@example.com
7134,Rider_7134,2023-11-16 16:19:00,Vancouver,user7134@example.com
7135,Rider_7135,2022-09-26 12:50:00,Calgary,user7135@example.com
7136,Rider_7136,2022-11-02 15:21:00,Los Angeles,user7136@example.com
7137,Rider_7137,2023-07-25 09:50:00,Toronto,user7137@example.com
7138,Rider_7138,2021-08-02 19:38:00,San Francisco,user7138@example.com
7139,Rider_7139,2022-07-12 04:08:00,Los Angeles,user7139@example.com
7140,Rider_7140,2022-12-02 05:52:00,Vancouver,user7140@example.com
7141,Rider_7141,2023-11-23 20:49:00,Calgary,user7141@example.com
7142,Rider_7142,2021-03-08 10:02:00,Chicago,user7142@example.com
7143,Rider_7143,2023-02-26 14:12:00,Los Angeles,user7143@example.com
7144,Rider_7144,2023-07-20 04:36:00,Chicago,user7144@example.com
7145,Rider_7145,2023-04-20 04:31:00,Los Angeles,user7145@example.com
7146,Rider_7146,2024-05-25 19:01:00,Chicago,user7146@example.com
7147,Rider_7147,2021-08-05 17:43:00,Ottawa,user7147@example.com
7148,Rider_7148,2023-12-13 20:55:00,Boston,user7148@example.com
7149,Rider_7149,2021-05-07 23:36:00,Montreal,user7149@example.com
7150,Rider_7150,2021-06-23 19:11:00,Montreal,user7150@example.com
7151,Rider_7151,2023-04-26 01:40:00,Calgary,user7151@example.com
7152,Rider_7152,2023-03-19 02:55:00,New York,user7152@example.com
7153,Rider_7153,2023-06-13 22:52:00,Toronto,user7153@example.com
7154,Rider_7154,2022-01-31 16:32:00,New York,user7154@example.com
7155,Rider_7155,2023-10-30 11:27:00,Calgary,user7155@example.com
7156,Rider_7156,2024-02-24 02:26:00,Chicago,user7156@example.com
7157,Rider_7157,2023-11-29 13:46:00,Boston,user7157@example.com
7158,Rider_7158,2023-01-30 21:57:00,Los Angeles,user7158@example.com
7159,Rider_7159,2022-05-21 15:02:00,Toronto,user7159@example.com
7160,Rider_7160,2023-05-02 23:43:00,Los Angeles,user7160@example.com
7161,Rider_7161,2023-03-24 15:21:00,Montreal,user7161@example.com
7162,Rider_7162,2021-12-07 07:34:00,Montreal,user7162@example.com
7163,Rider_7163,2022-06-30 11:14:00,Ottawa,user7163@example.com
7164,Rider_7164,2023-12-05 11:04:00,Montreal,user7164@example.com
7165,Rider_7165,2021-12-17 18:59:00,Toronto,user7165@example.com
7166,Rider_7166,2021-08-30 20:57:00,Vancouver,user7166@example.com
7167,Rider_7167,2024-01-18 13:56:00,Boston,user7167@example.com
7168,Rider_7168,2024-05-17 19:19:00,New York,user7168@example.com
7169,Rider_7169,2024-05-27 15:44:00,Calgary,user7169@example.com
7170,Rider_7170,2023-02-09 06:30:00,Toronto,user7170@example.com
7171,Rider_7171,2021-04-23 04:03:00,Chicago,user7171@example.com
7172,Rider_7172,2022-01-11 16:12:00,San Francisco,user7172@example.com
7173,Rider_7173,2022-04-16 11:20:00,Montreal,user7173@example.com
7174,Rider_7174,2023-04-22 21:59:00,Boston,user7174@example.com
7175,Rider_7175,2021-10-24 17:14:00,Toronto,user7175@example.com
7176,Rider_7176,2021-01-26 04:43:00,New York,user7176@example.com
7177,Rider_7177,2022-04-05 11:37:00,New York,user7177@example.com
7178,Rider_7178,2021-11-18 16:46:00,Toronto,user7178@example.com
7179,Rider_7179,2024-04-20 13:54:00,Chicago,user7179@example.com
7180,Rider_7180,2021-04-15 02:45:00,Toronto,user7180@example.com
7181,Rider_7181,2022-12-05 02:07:00,San Francisco,user7181@example.com
7182,Rider_7182,2022-10-18 10:13:00,Toronto,user7182@example.com
7183,Rider_7183,2023-10-25 17:40:00,Los Angeles,user7183@example.com
7184,Rider_7184,2021-01-17 10:01:00,Montreal,user7184@example.com
7185,Rider_7185,2022-04-12 08:50:00,Ottawa,user7185@example.com
7186,Rider_7186,2022-08-26 08:16:00,Los Angeles,user7186@example.com
7187,Rider_7187,2021-11-20 19:31:00,Los Angeles,user7187@example.com
7188,Rider_7188,2022-10-28 16:31:00,San Francisco,user7188@example.com
7189,Rider_7189,2023-07-06 01:15:00,Ottawa,user7189@example.com
7190,Rider_7190,2023-09-14 18:42:00,Vancouver,user7190@example.com
7191,Rider_7191,2023-07-11 17:10:00,Ottawa,user7191@example.com
7192,Rider_7192,2023-11-21 23:19:00,New York,user7192@example.com
7193,Rider_7193,2021-02-18 23:04:00,Vancouver,user7193@example.com
7194,Rider_7194,2022-05-12 12:44:00,Vancouver,user7194@example.com
7195,Rider_7195,2021-02-18 05:16:00,Los Angeles,user7195@example.com
7196,Rider_7196,2023-12-25 09:26:00,San Francisco,user7196@example.com
7197,Rider_7197,2024-05-24 09:19:00,Vancouver,user7197@example.com
7198,Rider_7198,2024-03-15 14:48:00,Montreal,user7198@example.com
7199,Rider_7199,2024-04-10 19:45:00,Calgary,user7199@example.com
7200,Rider_7200,2022-10-19 15:27:00,Toronto,user7200@example.com
7201,Rider_7201,2023-08-22 11:54:00,Ottawa,user7201@example.com
7202,Rider_7202,2023-11-30 20:59:00,Los Angeles,user7202@example.com
7203,Rider_7203,2021-02-12 10:51:00,Vancouver,user7203@example.com
7204,Rider_7204,2021-03-02 01:46:00,Montreal,user7204@example.com
7205,Rider_7205,2024-03-25 03:24:00,Vancouver,user7205@example.com
7206,Rider_7206,2023-01-08 16:30:00,Toronto,user7206@example.com
7207,Rider_7207,2023-04-25 15:54:00,San Francisco,user7207@example.com
7208,Rider_7208,2021-05-09 21:08:00,Toronto,user7208@example.com
7209,Rider_7209,2024-01-31 03:03:00,Boston,user7209@example.com
7210,Rider_7210,2022-12-08 07:55:00,Toronto,user7210@example.com
7211,Rider_7211,2024-03-09 14:41:00,Montreal,user7211@example.com
7212,Rider_7212,2022-01-10 23:14:00,Los Angeles,user7212@example.com
7213,Rider_7213,2022-12-31 00:00:00,Ottawa,user7213@example.com
7214,Rider_7214,2022-05-17 13:33:00,New York,user7214@example.com
7215,Rider_7215,2023-05-09 11:22:00,San Francisco,user7215@example.com
7216,Rider_7216,2021-12-03 09:46:00,Vancouver,user7216@example.com
7217,Rider_7217,2022-09-30 20:32:00,Ottawa,user7217@example.com
7218,Rider_7218,2021-01-16 23:47:00,Toronto,user7218@example.com
7219,Rider_7219,2023-07-11 20:38:00,Chicago,user7219@example.com
7220,Rider_7220,2023-02-26 12:01:00,New York,user7220@example.com
7221,Rider_7221,2021-04-18 08:13:00,Vancouver,user7221@example.com
7222,Rider_7222,2021-10-09 12:51:00,Calgary,user7222@example.com
7223,Rider_7223,2022-03-03 19:05:00,Vancouver,user7223@example.com
7224,Rider_7224,2022-08-27 00:19:00,Ottawa,user7224@example.com
7225,Rider_7225,2023-10-13 11:47:00,Calgary,user7225@example.com
7226,Rider_7226,2022-01-29 08:08:00,New York,user7226@example.com
7227,Rider_7227,2021-07-02 19:00:00,Ottawa,user7227@example.com
7228,Rider_7228,2023-02-02 21:29:00,Calgary,user7228@example.com
7229,Rider_7229,2022-12-03 17:33:00,Chicago,user7229@example.com
7230,Rider_7230,2021-09-10 19:37:00,San Francisco,user7230@example.com
7231,Rider_7231,2022-03-27 22:40:00,New York,user7231@example.com
7232,Rider_7232,2022-05-30 20:04:00,Ottawa,user7232@example.com
7233,Rider_7233,2021-06-20 08:57:00,Montreal,user7233@example.com
7234,Rider_7234,2021-04-30 08:04:00,Chicago,user7234@example.com
7235,Rider_7235,2023-01-19 23:42:00,Boston,user7235@example.com
7236,Rider_7236,2022-01-22 20:59:00,Vancouver,user7236@example.com
7237,Rider_7237,2022-08-25 15:43:00,New York,user7237@example.com
7238,Rider_7238,2024-04-14 23:29:00,Chicago,user7238@example.com
7239,Rider_7239,2021-03-10 03:45:00,Montreal,user7239@example.com
7240,Rider_7240,2021-10-11 18:43:00,San Francisco,user7240@example.com
7241,Rider_7241,2022-06-13 06:44:00,Boston,user7241@example.com
7242,Rider_7242,2023-02-06 09:27:00,Ottawa,user7242@example.com
7243,Rider_7243,2024-01-14 21:26:00,Boston,user7243@example.com
7244,Rider_7244,2024-06-09 20:01:00,Vancouver,user7244@example.com
7245,Rider_7245,2021-06-07 17:36:00,Toronto,user7245@example.com
7246,Rider_7246,2021-08-05 05:57:00,Chicago,user7246@example.com
7247,Rider_7247,2024-02-25 02:29:00,Chicago,user7247@example.com
7248,Rider_7248,2023-05-25 05:36:00,Ottawa,user7248@example.com
7249,Rider_7249,2022-11-12 13:27:00,New York,user7249@example.com
7250,Rider_7250,2022-07-24 14:39:00,Vancouver,user7250@example.com
7251,Rider_7251,2021-02-01 21:41:00,Montreal,user7251@example.com
7252,Rider_7252,2023-12-14 19:11:00,Calgary,user7252@example.com
7253,Rider_7253,2023-09-14 04:15:00,Los Angeles,user7253@example.com
7254,Rider_7254,2021-06-15 04:11:00,Calgary,user7254@example.com
7255,Rider_7255,2023-01-06 19:15:00,Montreal,user7255@example.com
7256,Rider_7256,2022-03-10 06:13:00,New York,user7256@example.com
7257,Rider_7257,2023-05-16 16:57:00,Montreal,user7257@example.com
7258,Rider_7258,2021-04-14 23:39:00,Montreal,user7258@example.com
7259,Rider_7259,2021-05-16 12:39:00,Toronto,user7259@example.com
7260,Rider_7260,2023-10-30 13:53:00,San Francisco,user7260@example.com
7261,Rider_7261,2023-01-08 07:19:00,Los Angeles,user7261@example.com
7262,Rider_7262,2023-02-27 18:33:00,Montreal,user7262@example.com
7263,Rider_7263,2021-08-02 15:23:00,Boston,user7263@example.com
7264,Rider_7264,2021-02-07 10:51:00,Toronto,user7264@example.com
7265,Rider_7265,2021-05-15 04:23:00,Chicago,user7265@example.com
7266,Rider_7266,2021-10-18 04:03:00,Ottawa,user7266@example.com
7267,Rider_7267,2022-11-24 23:53:00,Boston,user7267@example.com
7268,Rider_7268,2022-08-03 22:15:00,Calgary,user7268@example.com
7269,Rider_7269,2022-02-13 13:35:00,Calgary,user7269@example.com
7270,Rider_7270,2021-04-14 19:11:00,Vancouver,user7270@example.com
7271,Rider_7271,2023-06-24 07:01:00,Chicago,user7271@example.com
7272,Rider_7272,2021-06-29 23:11:00,Montreal,user7272@example.com
7273,Rider_7273,2021-03-03 18:12:00,Calgary,user7273@example.com
7274,Rider_7274,2021-11-11 11:46:00,Boston,user7274@example.com
7275,Rider_7275,2022-04-12 13:36:00,Chicago,user7275@example.com
7276,Rider_7276,2024-03-05 20:50:00,Chicago,user7276@example.com
7277,Rider_7277,2021-01-18 09:19:00,Montreal,user7277@example.com
7278,Rider_7278,2021-04-04 04:44:00,Los Angeles,user7278@example.com
7279,Rider_7279,2024-05-09 06:00:00,Calgary,user7279@example.com
7280,Rider_7280,2021-06-25 03:43:00,New York,user7280@example.com
7281,Rider_7281,2023-11-01 10:58:00,Calgary,user7281@example.com
7282,Rider_7282,2023-06-29 15:44:00,San Francisco,user7282@example.com
7283,Rider_7283,2021-01-14 18:13:00,Calgary,user7283@example.com
7284,Rider_7284,2024-06-14 13:29:00,San Francisco,user7284@example.com
7285,Rider_7285,2022-05-12 08:54:00,Chicago,user7285@example.com
7286,Rider_7286,2023-01-17 06:12:00,Boston,user7286@example.com
7287,Rider_7287,2021-10-21 02:00:00,Boston,user7287@example.com
7288,Rider_7288,2023-01-13 23:24:00,Vancouver,user7288@example.com
7289,Rider_7289,2021-11-29 15:03:00,Vancouver,user7289@example.com
7290,Rider_7290,2021-09-25 20:12:00,Toronto,user7290@example.com
7291,Rider_7291,2023-05-10 02:32:00,Montreal,user7291@example.com
7292,Rider_7292,2024-06-02 18:26:00,Calgary,user7292@example.com
7293,Rider_7293,2021-08-15 23:27:00,Toronto,user7293@example.com
7294,Rider_7294,2023-03-04 01:15:00,Chicago,user7294@example.com
7295,Rider_7295,2024-03-27 10:10:00,Chicago,user7295@example.com
7296,Rider_7296,2023-01-13 01:30:00,Toronto,user7296@example.com
7297,Rider_7297,2021-04-23 18:21:00,Calgary,user7297@example.com
7298,Rider_7298,2021-09-13 21:40:00,Ottawa,user7298@example.com
7299,Rider_7299,2023-09-01 22:03:00,Boston,user7299@example.com
7300,Rider_7300,2023-08-30 20:56:00,Montreal,user7300@example.com
7301,Rider_7301,2021-12-17 01:21:00,Los Angeles,user7301@example.com
7302,Rider_7302,2022-09-24 07:22:00,San Francisco,user7302@example.com
7303,Rider_7303,2024-03-14 18:25:00,New York,user7303@example.com
7304,Rider_7304,2021-03-08 15:45:00,Montreal,user7304@example.com
7305,Rider_7305,2024-04-27 16:04:00,Los Angeles,user7305@example.com
7306,Rider_7306,2021-02-12 23:26:00,Montreal,user7306@example.com
7307,Rider_7307,2023-11-10 09:08:00,Boston,user7307@example.com
7308,Rider_7308,2022-08-31 01:11:00,Los Angeles,user7308@example.com
7309,Rider_7309,2023-08-01 01:35:00,Vancouver,user7309@example.com
7310,Rider_7310,2024-03-08 22:08:00,Boston,user7310@example.com
7311,Rider_7311,2023-01-15 16:03:00,Chicago,user7311@example.com
7312,Rider_7312,2024-05-12 22:46:00,Ottawa,user7312@example.com
7313,Rider_7313,2022-09-24 12:36:00,Calgary,user7313@example.com
7314,Rider_7314,2022-01-10 21:49:00,Chicago,user7314@example.com
7315,Rider_7315,2023-03-21 17:55:00,Ottawa,user7315@example.com
7316,Rider_7316,2023-02-12 06:28:00,San Francisco,user7316@example.com
7317,Rider_7317,2022-11-04 05:46:00,Toronto,user7317@example.com
7318,Rider_7318,2021-02-18 00:33:00,Ottawa,user7318@example.com
7319,Rider_7319,2021-04-14 01:06:00,Montreal,user7319@example.com
7320,Rider_7320,2021-05-12 19:09:00,Calgary,user7320@example.com
7321,Rider_7321,2024-04-15 16:28:00,Chicago,user7321@example.com
7322,Rider_7322,2022-07-29 00:44:00,New York,user7322@example.com
7323,Rider_7323,2022-09-03 22:04:00,San Francisco,user7323@example.com
7324,Rider_7324,2022-12-23 14:04:00,San Francisco,user7324@example.com
7325,Rider_7325,2022-04-17 11:11:00,Los Angeles,user7325@example.com
7326,Rider_7326,2023-07-30 07:03:00,Calgary,user7326@example.com
7327,Rider_7327,2022-04-24 16:21:00,Los Angeles,user7327@example.com
7328,Rider_7328,2023-03-06 11:51:00,Vancouver,user7328@example.com
7329,Rider_7329,2022-08-23 18:37:00,Vancouver,user7329@example.com
7330,Rider_7330,2023-12-17 00:46:00,Ottawa,user7330@example.com
7331,Rider_7331,2023-11-26 17:39:00,Calgary,user7331@example.com
7332,Rider_7332,2023-07-21 01:05:00,Ottawa,user7332@example.com
7333,Rider_7333,2021-08-02 05:41:00,Ottawa,user7333@example.com
7334,Rider_7334,2022-06-08 15:04:00,Vancouver,user7334@example.com
7335,Rider_7335,2023-12-11 02:09:00,Toronto,user7335@example.com
7336,Rider_7336,2022-06-16 21:58:00,Vancouver,user7336@example.com
7337,Rider_7337,2023-03-15 03:04:00,Calgary,user7337@example.com
7338,Rider_7338,2023-09-08 19:01:00,Ottawa,user7338@example.com
7339,Rider_7339,2022-01-26 20:03:00,Toronto,user7339@example.com
7340,Rider_7340,2022-02-26 08:58:00,San Francisco,user7340@example.com
7341,Rider_7341,2023-07-13 10:05:00,San Francisco,user7341@example.com
7342,Rider_7342,2021-12-20 22:34:00,Calgary,user7342@example.com
7343,Rider_7343,2022-05-19 13:43:00,Los Angeles,user7343@example.com
7344,Rider_7344,2023-05-30 06:33:00,Boston,user7344@example.com
7345,Rider_7345,2022-06-26 09:30:00,Boston,user7345@example.com
7346,Rider_7346,2021-10-26 00:33:00,San Francisco,user7346@example.com
7347,Rider_7347,2023-03-16 04:12:00,Los Angeles,user7347@example.com
7348,Rider_7348,2022-03-09 16:03:00,Montreal,user7348@example.com
7349,Rider_7349,2023-07-18 14:07:00,San Francisco,user7349@example.com
7350,Rider_7350,2023-11-07 07:39:00,Montreal,user7350@example.com
7351,Rider_7351,2024-04-08 12:49:00,Boston,user7351@example.com
7352,Rider_7352,2024-05-07 09:30:00,Ottawa,user7352@example.com
7353,Rider_7353,2024-05-31 05:50:00,Chicago,user7353@example.com
7354,Rider_7354,2021-10-23 02:26:00,San Francisco,user7354@example.com
7355,Rider_7355,2024-01-13 00:26:00,Los Angeles,user7355@example.com
7356,Rider_7356,2023-05-09 21:43:00,Calgary,user7356@example.com
7357,Rider_7357,2021-11-14 14:59:00,Los Angeles,user7357@example.com
7358,Rider_7358,2023-06-23 17:10:00,Vancouver,user7358@example.com
7359,Rider_7359,2021-09-27 09:24:00,Calgary,user7359@example.com
7360,Rider_7360,2024-01-31 14:46:00,Toronto,user7360@example.com
7361,Rider_7361,2023-09-20 00:33:00,San Francisco,user7361@example.com
7362,Rider_7362,2021-11-16 14:18:00,Boston,user7362@example.com
7363,Rider_7363,2024-05-12 03:17:00,Ottawa,user7363@example.com
7364,Rider_7364,2021-10-12 09:38:00,Los Angeles,user7364@example.com
7365,Rider_7365,2022-08-06 12:57:00,Vancouver,user7365@example.com
7366,Rider_7366,2022-09-01 09:02:00,Boston,user7366@example.com
7367,Rider_7367,2024-01-19 21:14:00,Vancouver,user7367@example.com
7368,Rider_7368,2023-06-02 15:38:00,San Francisco,user7368@example.com
7369,Rider_7369,2023-04-15 20:02:00,Vancouver,user7369@example.com
7370,Rider_7370,2021-08-16 07:56:00,Los Angeles,user7370@example.com
7371,Rider_7371,2023-07-31 08:42:00,San Francisco,user7371@example.com
7372,Rider_7372,2022-01-28 07:12:00,Toronto,user7372@example.com
7373,Rider_7373,2022-08-08 23:14:00,Toronto,user7373@example.com
7374,Rider_7374,2022-09-03 15:07:00,Calgary,user7374@example.com
7375,Rider_7375,2021-04-14 09:01:00,New York,user7375@example.com
7376,Rider_7376,2022-01-31 20:02:00,Boston,user7376@example.com
7377,Rider_7377,2022-12-08 10:42:00,Vancouver,user7377@example.com
7378,Rider_7378,2023-06-26 13:34:00,Calgary,user7378@example.com
7379,Rider_7379,2023-03-05 23:52:00,San Francisco,user7379@example.com
7380,Rider_7380,2022-10-16 05:07:00,Ottawa,user7380@example.com
7381,Rider_7381,2022-02-17 18:03:00,Boston,user7381@example.com
7382,Rider_7382,2022-10-27 10:05:00,New York,user7382@example.com
7383,Rider_7383,2023-07-14 17:20:00,Vancouver,user7383@example.com
7384,Rider_7384,2023-01-11 00:17:00,Toronto,user7384@example.com
7385,Rider_7385,2022-08-25 00:06:00,Montreal,user7385@example.com
7386,Rider_7386,2021-07-05 13:13:00,Los Angeles,user7386@example.com
7387,Rider_7387,2021-10-09 08:04:00,Chicago,user7387@example.com
7388,Rider_7388,2022-07-16 07:32:00,Toronto,user7388@example.com
7389,Rider_7389,2021-03-05 17:52:00,New York,user7389@example.com
7390,Rider_7390,2022-03-07 20:34:00,Toronto,user7390@example.com
7391,Rider_7391,2023-05-03 01:12:00,Toronto,user7391@example.com
7392,Rider_7392,2022-02-21 23:12:00,Calgary,user7392@example.com
7393,Rider_7393,2024-05-02 16:48:00,Chicago,user7393@example.com
7394,Rider_7394,2024-02-29 05:54:00,Toronto,user7394@example.com
7395,Rider_7395,2021-11-15 06:57:00,Montreal,user7395@example.com
7396,Rider_7396,2023-10-23 17:39:00,New York,user7396@example.com
7397,Rider_7397,2021-04-04 00:29:00,Ottawa,user7397@example.com
7398,Rider_7398,2021-06-23 02:29:00,New York,user7398@example.com
7399,Rider_7399,2023-08-28 21:49:00,Los Angeles,user7399@example.com
7400,Rider_7400,2022-03-18 11:18:00,San Francisco,user7400@example.com
7401,Rider_7401,2022-01-09 21:12:00,Montreal,user7401@example.com
7402,Rider_7402,2021-12-09 10:30:00,Boston,user7402@example.com
7403,Rider_7403,2023-07-27 18:07:00,Ottawa,user7403@example.com
7404,Rider_7404,2024-03-13 18:23:00,Ottawa,user7404@example.com
7405,Rider_7405,2023-05-09 11:00:00,San Francisco,user7405@example.com
7406,Rider_7406,2022-01-03 04:13:00,Los Angeles,user7406@example.com
7407,Rider_7407,2021-02-05 15:47:00,Chicago,user7407@example.com
7408,Rider_7408,2023-06-27 09:34:00,Calgary,user7408@example.com
7409,Rider_7409,2024-03-30 06:30:00,Los Angeles,user7409@example.com
7410,Rider_7410,2021-09-24 22:44:00,Boston,user7410@example.com
7411,Rider_7411,2021-11-12 13:39:00,Montreal,user7411@example.com
7412,Rider_7412,2023-08-16 09:12:00,Calgary,user7412@example.com
7413,Rider_7413,2021-09-07 03:59:00,New York,user7413@example.com
7414,Rider_7414,2023-06-07 09:22:00,Toronto,user7414@example.com
7415,Rider_7415,2022-02-24 00:13:00,Ottawa,user7415@example.com
7416,Rider_7416,2021-07-13 12:03:00,Vancouver,user7416@example.com
7417,Rider_7417,2022-01-18 10:44:00,Toronto,user7417@example.com
7418,Rider_7418,2021-12-10 06:29:00,Montreal,user7418@example.com
7419,Rider_7419,2022-12-15 19:38:00,Boston,user7419@example.com
7420,Rider_7420,2021-09-15 07:36:00,Ottawa,user7420@example.com
7421,Rider_7421,2021-12-09 06:55:00,Chicago,user7421@example.com
7422,Rider_7422,2021-06-16 19:40:00,San Francisco,user7422@example.com
7423,Rider_7423,2022-01-06 22:01:00,New York,user7423@example.com
7424,Rider_7424,2022-11-08 01:10:00,San Francisco,user7424@example.com
7425,Rider_7425,2023-07-21 15:02:00,Ottawa,user7425@example.com
7426,Rider_7426,2022-11-25 02:14:00,Montreal,user7426@example.com
7427,Rider_7427,2021-12-27 16:19:00,Boston,user7427@example.com
7428,Rider_7428,2021-05-08 09:04:00,Toronto,user7428@example.com
7429,Rider_7429,2024-01-12 17:07:00,Montreal,user7429@example.com
7430,Rider_7430,2022-11-19 10:37:00,Vancouver,user7430@example.com
7431,Rider_7431,2024-02-23 06:02:00,Chicago,user7431@example.com
7432,Rider_7432,2023-08-14 10:50:00,Montreal,user7432@example.com
7433,Rider_7433,2021-02-05 18:29:00,Montreal,user7433@example.com
7434,Rider_7434,2024-04-03 11:20:00,Calgary,user7434@example.com
7435,Rider_7435,2021-11-15 15:45:00,San Francisco,user7435@example.com
7436,Rider_7436,2022-11-10 07:30:00,Vancouver,user7436@example.com
7437,Rider_7437,2022-06-16 17:26:00,Calgary,user7437@example.com
7438,Rider_7438,2021-02-02 04:20:00,Los Angeles,user7438@example.com
7439,Rider_7439,2023-02-28 11:11:00,Vancouver,user7439@example.com
7440,Rider_7440,2022-08-26 13:59:00,Ottawa,user7440@example.com
7441,Rider_7441,2023-08-01 05:58:00,Vancouver,user7441@example.com
7442,Rider_7442,2022-08-03 08:59:00,Boston,user7442@example.com
7443,Rider_7443,2023-12-29 18:45:00,Chicago,user7443@example.com
7444,Rider_7444,2023-07-23 13:10:00,Toronto,user7444@example.com
7445,Rider_7445,2021-09-19 13:43:00,Montreal,user7445@example.com
7446,Rider_7446,2021-11-18 18:24:00,Montreal,user7446@example.com
7447,Rider_7447,2022-05-04 02:39:00,Boston,user7447@example.com
7448,Rider_7448,2022-09-22 07:18:00,Los Angeles,user7448@example.com
7449,Rider_7449,2022-01-22 10:39:00,San Francisco,user7449@example.com
7450,Rider_7450,2021-12-25 16:24:00,San Francisco,user7450@example.com
7451,Rider_7451,2023-07-22 17:51:00,Montreal,user7451@example.com
7452,Rider_7452,2021-02-07 17:04:00,Vancouver,user7452@example.com
7453,Rider_7453,2022-01-15 03:41:00,Ottawa,user7453@example.com
7454,Rider_7454,2022-12-04 12:56:00,Toronto,user7454@example.com
7455,Rider_7455,2022-08-28 02:07:00,New York,user7455@example.com
7456,Rider_7456,2022-06-21 05:23:00,Ottawa,user7456@example.com
7457,Rider_7457,2022-08-15 19:37:00,Los Angeles,user7457@example.com
7458,Rider_7458,2023-02-02 16:13:00,New York,user7458@example.com
7459,Rider_7459,2024-01-30 23:19:00,Montreal,user7459@example.com
7460,Rider_7460,2022-10-21 21:00:00,Vancouver,user7460@example.com
7461,Rider_7461,2022-11-11 10:03:00,Toronto,user7461@example.com
7462,Rider_7462,2022-06-25 22:57:00,San Francisco,user7462@example.com
7463,Rider_7463,2022-02-23 01:34:00,Boston,user7463@example.com
7464,Rider_7464,2022-02-08 16:14:00,Los Angeles,user7464@example.com
7465,Rider_7465,2021-09-03 14:19:00,Vancouver,user7465@example.com
7466,Rider_7466,2021-12-07 10:00:00,Chicago,user7466@example.com
7467,Rider_7467,2023-09-29 23:40:00,Ottawa,user7467@example.com
7468,Rider_7468,2023-07-20 16:15:00,Calgary,user7468@example.com
7469,Rider_7469,2024-06-12 12:17:00,Calgary,user7469@example.com
7470,Rider_7470,2021-02-26 09:06:00,Boston,user7470@example.com
7471,Rider_7471,2022-07-21 08:13:00,Montreal,user7471@example.com
7472,Rider_7472,2024-03-27 17:20:00,New York,user7472@example.com
7473,Rider_7473,2021-05-20 18:25:00,Boston,user7473@example.com
7474,Rider_7474,2021-05-24 12:03:00,Chicago,user7474@example.com
7475,Rider_7475,2023-12-17 03:08:00,Ottawa,user7475@example.com
7476,Rider_7476,2021-03-19 18:33:00,Calgary,user7476@example.com
7477,Rider_7477,2021-05-04 02:51:00,San Francisco,user7477@example.com
7478,Rider_7478,2022-02-01 08:30:00,Calgary,user7478@example.com
7479,Rider_7479,2021-08-20 12:12:00,Vancouver,user7479@example.com
7480,Rider_7480,2021-08-09 00:29:00,San Francisco,user7480@example.com
7481,Rider_7481,2022-03-09 15:44:00,Montreal,user7481@example.com
7482,Rider_7482,2021-12-22 21:02:00,Chicago,user7482@example.com
7483,Rider_7483,2022-04-30 01:13:00,Montreal,user7483@example.com
7484,Rider_7484,2023-03-20 13:56:00,Chicago,user7484@example.com
7485,Rider_7485,2021-12-27 02:42:00,Toronto,user7485@example.com
7486,Rider_7486,2023-08-23 14:29:00,Toronto,user7486@example.com
7487,Rider_7487,2023-06-09 12:24:00,New York,user7487@example.com
7488,Rider_7488,2022-03-24 18:28:00,Chicago,user7488@example.com
7489,Rider_7489,2023-01-01 12:07:00,Calgary,user7489@example.com
7490,Rider_7490,2021-09-18 20:44:00,Montreal,user7490@example.com
7491,Rider_7491,2021-01-27 16:35:00,Boston,user7491@example.com
7492,Rider_7492,2023-07-26 03:50:00,Boston,user7492@example.com
7493,Rider_7493,2021-04-15 16:11:00,Toronto,user7493@example.com
7494,Rider_7494,2022-02-22 22:41:00,Toronto,user7494@example.com
7495,Rider_7495,2023-04-10 11:13:00,Chicago,user7495@example.com
7496,Rider_7496,2024-04-25 05:26:00,Toronto,user7496@example.com
7497,Rider_7497,2023-05-10 17:41:00,Vancouver,user7497@example.com
7498,Rider_7498,2024-01-29 11:10:00,Los Angeles,user7498@example.com
7499,Rider_7499,2021-08-26 05:45:00,Chicago,user7499@example.com
7500,Rider_7500,2021-10-18 04:39:00,Calgary,user7500@example.com
7501,Rider_7501,2024-05-07 10:04:00,Boston,user7501@example.com
7502,Rider_7502,2022-05-21 14:41:00,New York,user7502@example.com
7503,Rider_7503,2024-04-05 11:35:00,Chicago,user7503@example.com
7504,Rider_7504,2023-03-09 07:11:00,San Francisco,user7504@example.com
7505,Rider_7505,2023-02-18 03:23:00,New York,user7505@example.com
7506,Rider_7506,2021-03-30 07:31:00,Calgary,user7506@example.com
7507,Rider_7507,2021-07-29 15:16:00,Montreal,user7507@example.com
7508,Rider_7508,2021-03-17 02:24:00,Chicago,user7508@example.com
7509,Rider_7509,2021-08-31 04:43:00,Vancouver,user7509@example.com
7510,Rider_7510,2022-01-11 19:38:00,Chicago,user7510@example.com
7511,Rider_7511,2022-07-25 09:52:00,Ottawa,user7511@example.com
7512,Rider_7512,2024-05-01 14:13:00,Ottawa,user7512@example.com
7513,Rider_7513,2022-12-20 07:42:00,San Francisco,user7513@example.com
7514,Rider_7514,2022-12-08 17:32:00,Boston,user7514@example.com
7515,Rider_7515,2024-01-09 06:31:00,Chicago,user7515@example.com
7516,Rider_7516,2024-01-14 06:35:00,Toronto,user7516@example.com
7517,Rider_7517,2021-09-09 19:02:00,Boston,user7517@example.com
7518,Rider_7518,2024-03-18 02:18:00,Ottawa,user7518@example.com
7519,Rider_7519,2021-04-15 04:42:00,New York,user7519@example.com
7520,Rider_7520,2021-07-31 02:52:00,Montreal,user7520@example.com
7521,Rider_7521,2022-03-23 03:41:00,New York,user7521@example.com
7522,Rider_7522,2023-04-02 14:33:00,Vancouver,user7522@example.com
7523,Rider_7523,2023-11-19 11:58:00,Vancouver,user7523@example.com
7524,Rider_7524,2023-05-05 21:15:00,Montreal,user7524@example.com
7525,Rider_7525,2024-02-03 04:00:00,Calgary,user7525@example.com
7526,Rider_7526,2023-03-27 15:18:00,Montreal,user7526@example.com
7527,Rider_7527,2023-10-03 15:04:00,Vancouver,user7527@example.com
7528,Rider_7528,2022-07-04 19:40:00,Calgary,user7528@example.com
7529,Rider_7529,2023-06-17 01:42:00,Ottawa,user7529@example.com
7530,Rider_7530,2024-03-13 14:50:00,Montreal,user7530@example.com
7531,Rider_7531,2023-03-25 04:23:00,San Francisco,user7531@example.com
7532,Rider_7532,2021-09-17 06:18:00,Montreal,user7532@example.com
7533,Rider_7533,2023-02-16 07:09:00,Calgary,user7533@example.com
7534,Rider_7534,2024-06-04 06:33:00,Chicago,user7534@example.com
7535,Rider_7535,2021-11-18 09:31:00,New York,user7535@example.com
7536,Rider_7536,2023-07-21 18:05:00,Toronto,user7536@example.com
7537,Rider_7537,2022-04-09 14:43:00,Los Angeles,user7537@example.com
7538,Rider_7538,2023-07-28 21:30:00,Toronto,user7538@example.com
7539,Rider_7539,2022-08-18 07:19:00,Montreal,user7539@example.com
7540,Rider_7540,2022-04-11 06:50:00,Montreal,user7540@example.com
7541,Rider_7541,2021-02-07 02:09:00,Los Angeles,user7541@example.com
7542,Rider_7542,2023-01-27 20:56:00,Los Angeles,user7542@example.com
7543,Rider_7543,2024-03-11 13:38:00,Boston,user7543@example.com
7544,Rider_7544,2021-12-01 21:02:00,New York,user7544@example.com
7545,Rider_7545,2024-04-19 00:46:00,Montreal,user7545@example.com
7546,Rider_7546,2022-11-30 22:59:00,Chicago,user7546@example.com
7547,Rider_7547,2024-05-13 00:52:00,Ottawa,user7547@example.com
7548,Rider_7548,2023-10-06 07:07:00,Chicago,user7548@example.com
7549,Rider_7549,2022-09-08 17:24:00,San Francisco,user7549@example.com
7550,Rider_7550,2021-08-10 01:54:00,Boston,user7550@example.com
7551,Rider_7551,2021-12-19 17:50:00,New York,user7551@example.com
7552,Rider_7552,2022-01-28 21:32:00,Vancouver,user7552@example.com
7553,Rider_7553,2022-09-13 04:42:00,Vancouver,user7553@example.com
7554,Rider_7554,2024-01-13 10:28:00,Vancouver,user7554@example.com
7555,Rider_7555,2022-08-01 05:01:00,Vancouver,user7555@example.com
7556,Rider_7556,2022-12-21 17:03:00,Boston,user7556@example.com
7557,Rider_7557,2022-10-08 22:08:00,Chicago,user7557@example.com
7558,Rider_7558,2022-01-17 03:54:00,New York,user7558@example.com
7559,Rider_7559,2023-09-22 05:46:00,Chicago,user7559@example.com
7560,Rider_7560,2022-04-04 21:59:00,Toronto,user7560@example.com
7561,Rider_7561,2021-03-24 12:25:00,Los Angeles,user7561@example.com
7562,Rider_7562,2022-12-24 11:47:00,Los Angeles,user7562@example.com
7563,Rider_7563,2023-10-13 01:42:00,Montreal,user7563@example.com
7564,Rider_7564,2021-05-02 08:39:00,Montreal,user7564@example.com
7565,Rider_7565,2022-04-02 15:17:00,Ottawa,user7565@example.com
7566,Rider_7566,2023-03-08 05:40:00,Los Angeles,user7566@example.com
7567,Rider_7567,2023-01-12 03:52:00,Calgary,user7567@example.com
7568,Rider_7568,2023-01-15 19:30:00,New York,user7568@example.com
7569,Rider_7569,2022-07-02 13:29:00,Toronto,user7569@example.com
7570,Rider_7570,2021-10-28 13:25:00,Los Angeles,user7570@example.com
7571,Rider_7571,2023-02-27 03:47:00,San Francisco,user7571@example.com
7572,Rider_7572,2021-01-18 04:12:00,Chicago,user7572@example.com
7573,Rider_7573,2021-08-15 17:00:00,Toronto,user7573@example.com
7574,Rider_7574,2022-02-23 19:44:00,Calgary,user7574@example.com
7575,Rider_7575,2021-02-08 08:16:00,New York,user7575@example.com
7576,Rider_7576,2021-12-06 17:29:00,Calgary,user7576@example.com
7577,Rider_7577,2022-07-31 17:48:00,Calgary,user7577@example.com
7578,Rider_7578,2022-11-28 12:01:00,New York,user7578@example.com
7579,Rider_7579,2022-06-03 21:56:00,Montreal,user7579@example.com
7580,Rider_7580,2022-12-17 00:53:00,Ottawa,user7580@example.com
7581,Rider_7581,2023-08-24 21:21:00,Los Angeles,user7581@example.com
7582,Rider_7582,2022-03-19 14:51:00,Los Angeles,user7582@example.com
7583,Rider_7583,2021-03-21 02:17:00,Los Angeles,user7583@example.com
7584,Rider_7584,2023-06-29 17:32:00,Calgary,user7584@example.com
7585,Rider_7585,2022-11-13 00:39:00,Toronto,user7585@example.com
7586,Rider_7586,2022-11-05 06:37:00,Vancouver,user7586@example.com
7587,Rider_7587,2021-02-26 03:59:00,Calgary,user7587@example.com
7588,Rider_7588,2024-02-06 22:34:00,Calgary,user7588@example.com
7589,Rider_7589,2023-02-25 23:05:00,Ottawa,user7589@example.com
7590,Rider_7590,2021-08-27 04:33:00,Toronto,user7590@example.com
7591,Rider_7591,2022-05-28 20:57:00,Montreal,user7591@example.com
7592,Rider_7592,2024-02-11 06:25:00,Vancouver,user7592@example.com
7593,Rider_7593,2021-08-12 14:54:00,San Francisco,user7593@example.com
7594,Rider_7594,2024-03-29 21:28:00,Chicago,user7594@example.com
7595,Rider_7595,2021-05-25 18:21:00,Boston,user7595@example.com
7596,Rider_7596,2022-08-20 08:26:00,Ottawa,user7596@example.com
7597,Rider_7597,2022-09-05 16:16:00,San Francisco,user7597@example.com
7598,Rider_7598,2021-03-07 01:50:00,Boston,user7598@example.com
7599,Rider_7599,2022-04-16 13:18:00,New York,user7599@example.com
7600,Rider_7600,2021-07-26 12:26:00,New York,user7600@example.com
7601,Rider_7601,2022-10-12 22:10:00,Boston,user7601@example.com
7602,Rider_7602,2021-10-28 20:19:00,Ottawa,user7602@example.com
7603,Rider_7603,2024-05-26 22:27:00,Montreal,user7603@example.com
7604,Rider_7604,2022-10-26 04:24:00,Chicago,user7604@example.com
7605,Rider_7605,2023-06-02 15:32:00,Calgary,user7605@example.com
7606,Rider_7606,2021-11-24 04:19:00,San Francisco,user7606@example.com
7607,Rider_7607,2021-04-13 21:10:00,New York,user7607@example.com
7608,Rider_7608,2021-02-28 04:38:00,Chicago,user7608@example.com
7609,Rider_7609,2024-02-04 17:23:00,San Francisco,user7609@example.com
7610,Rider_7610,2024-05-07 13:56:00,Vancouver,user7610@example.com
7611,Rider_7611,2021-12-07 08:25:00,Toronto,user7611@example.com
7612,Rider_7612,2021-09-15 06:09:00,Vancouver,user7612@example.com
7613,Rider_7613,2021-06-27 11:03:00,Vancouver,user7613@example.com
7614,Rider_7614,2023-11-06 21:40:00,Toronto,user7614@example.com
7615,Rider_7615,2024-06-14 21:59:00,Vancouver,user7615@example.com
7616,Rider_7616,2023-08-17 03:54:00,Los Angeles,user7616@example.com
7617,Rider_7617,2022-12-30 10:50:00,Los Angeles,user7617@example.com
7618,Rider_7618,2023-06-16 09:44:00,San Francisco,user7618@example.com
7619,Rider_7619,2023-05-02 04:08:00,Calgary,user7619@example.com
7620,Rider_7620,2023-09-09 00:56:00,Los Angeles,user7620@example.com
7621,Rider_7621,2023-03-30 05:08:00,Los Angeles,user7621@example.com
7622,Rider_7622,2023-11-04 07:35:00,Chicago,user7622@example.com
7623,Rider_7623,2023-03-19 20:48:00,Ottawa,user7623@example.com
7624,Rider_7624,2024-06-06 08:54:00,San Francisco,user7624@example.com
7625,Rider_7625,2024-04-24 00:58:00,Ottawa,user7625@example.com
7626,Rider_7626,2021-12-18 09:18:00,Boston,user7626@example.com
7627,Rider_7627,2022-11-05 23:58:00,New York,user7627@example.com
7628,Rider_7628,2022-02-27 19:55:00,Vancouver,user7628@example.com
7629,Rider_7629,2023-03-02 10:44:00,Los Angeles,user7629@example.com
7630,Rider_7630,2023-02-14 23:23:00,San Francisco,user7630@example.com
7631,Rider_7631,2021-03-21 16:06:00,Montreal,user7631@example.com
7632,Rider_7632,2022-04-12 13:34:00,Ottawa,user7632@example.com
7633,Rider_7633,2021-06-15 10:29:00,San Francisco,user7633@example.com
7634,Rider_7634,2023-05-13 04:25:00,Chicago,user7634@example.com
7635,Rider_7635,2024-05-02 02:07:00,Boston,user7635@example.com
7636,Rider_7636,2022-01-22 09:37:00,Boston,user7636@example.com
7637,Rider_7637,2021-08-27 01:52:00,Vancouver,user7637@example.com
7638,Rider_7638,2023-12-20 08:16:00,Toronto,user7638@example.com
7639,Rider_7639,2023-02-25 19:13:00,Calgary,user7639@example.com
7640,Rider_7640,2022-10-04 00:31:00,Los Angeles,user7640@example.com
7641,Rider_7641,2022-10-14 08:19:00,Montreal,user7641@example.com
7642,Rider_7642,2022-05-30 12:31:00,Ottawa,user7642@example.com
7643,Rider_7643,2021-05-07 00:42:00,San Francisco,user7643@example.com
7644,Rider_7644,2021-09-10 08:24:00,Boston,user7644@example.com
7645,Rider_7645,2023-01-18 11:27:00,Ottawa,user7645@example.com
7646,Rider_7646,2024-04-18 20:49:00,Toronto,user7646@example.com
7647,Rider_7647,2021-03-30 09:29:00,Los Angeles,user7647@example.com
7648,Rider_7648,2022-09-23 13:58:00,Montreal,user7648@example.com
7649,Rider_7649,2021-08-28 07:14:00,Montreal,user7649@example.com
7650,Rider_7650,2023-01-06 01:12:00,Montreal,user7650@example.com
7651,Rider_7651,2022-06-03 12:26:00,New York,user7651@example.com
7652,Rider_7652,2021-07-03 15:47:00,Los Angeles,user7652@example.com
7653,Rider_7653,2022-01-02 02:52:00,San Francisco,user7653@example.com
7654,Rider_7654,2023-02-04 01:53:00,Vancouver,user7654@example.com
7655,Rider_7655,2023-07-04 02:00:00,Montreal,user7655@example.com
7656,Rider_7656,2022-09-22 15:20:00,Boston,user7656@example.com
7657,Rider_7657,2022-01-01 05:35:00,Montreal,user7657@example.com
7658,Rider_7658,2022-01-13 20:29:00,San Francisco,user7658@example.com
7659,Rider_7659,2024-06-03 19:02:00,Ottawa,user7659@example.com
7660,Rider_7660,2022-06-07 03:08:00,Chicago,user7660@example.com
7661,Rider_7661,2023-07-18 22:23:00,Chicago,user7661@example.com
7662,Rider_7662,2023-07-11 21:16:00,Los Angeles,user7662@example.com
7663,Rider_7663,2021-05-09 17:55:00,Montreal,user7663@example.com
7664,Rider_7664,2021-05-08 12:43:00,Toronto,user7664@example.com
7665,Rider_7665,2024-05-21 20:16:00,Toronto,user7665@example.com
7666,Rider_7666,2021-08-22 02:07:00,New York,user7666@example.com
7667,Rider_7667,2022-10-28 17:13:00,Calgary,user7667@example.com
7668,Rider_7668,2021-05-24 09:45:00,Vancouver,user7668@example.com
7669,Rider_7669,2021-03-21 18:45:00,Chicago,user7669@example.com
7670,Rider_7670,2023-01-02 23:54:00,New York,user7670@example.com
7671,Rider_7671,2021-02-20 18:34:00,Chicago,user7671@example.com
7672,Rider_7672,2022-03-29 17:02:00,Chicago,user7672@example.com
7673,Rider_7673,2023-11-21 09:15:00,Los Angeles,user7673@example.com
7674,Rider_7674,2023-11-01 16:27:00,Los Angeles,user7674@example.com
7675,Rider_7675,2021-05-16 22:59:00,Ottawa,user7675@example.com
7676,Rider_7676,2021-09-14 15:54:00,New York,user7676@example.com
7677,Rider_7677,2022-05-28 20:34:00,San Francisco,user7677@example.com
7678,Rider_7678,2021-03-02 11:52:00,Toronto,user7678@example.com
7679,Rider_7679,2021-05-08 22:04:00,Ottawa,user7679@example.com
7680,Rider_7680,2023-08-13 09:07:00,New York,user7680@example.com
7681,Rider_7681,2021-10-26 15:31:00,New York,user7681@example.com
7682,Rider_7682,2022-08-31 04:28:00,Chicago,user7682@example.com
7683,Rider_7683,2021-06-17 01:19:00,Vancouver,user7683@example.com
7684,Rider_7684,2023-07-11 18:26:00,San Francisco,user7684@example.com
7685,Rider_7685,2023-08-15 01:04:00,San Francisco,user7685@example.com
7686,Rider_7686,2021-04-22 08:32:00,Calgary,user7686@example.com
7687,Rider_7687,2022-03-18 20:52:00,Ottawa,user7687@example.com
7688,Rider_7688,2021-04-11 21:13:00,Chicago,user7688@example.com
7689,Rider_7689,2023-07-31 15:34:00,Vancouver,user7689@example.com
7690,Rider_7690,2021-09-02 12:04:00,San Francisco,user7690@example.com
7691,Rider_7691,2021-05-30 07:37:00,Calgary,user7691@example.com
7692,Rider_7692,2023-08-01 03:20:00,Vancouver,user7692@example.com
7693,Rider_7693,2023-12-07 08:58:00,Boston,user7693@example.com
7694,Rider_7694,2021-02-19 18:18:00,San Francisco,user7694@example.com
7695,Rider_7695,2022-06-11 02:04:00,Montreal,user7695@example.com
7696,Rider_7696,2023-12-16 12:04:00,Chicago,user7696@example.com
7697,Rider_7697,2024-06-12 17:05:00,Vancouver,user7697@example.com
7698,Rider_7698,2022-07-12 07:14:00,Vancouver,user7698@example.com
7699,Rider_7699,2022-04-21 23:22:00,Calgary,user7699@example.com
7700,Rider_7700,2023-10-13 03:51:00,San Francisco,user7700@example.com
7701,Rider_7701,2022-10-12 07:02:00,Montreal,user7701@example.com
7702,Rider_7702,2024-05-18 20:03:00,Boston,user7702@example.com
7703,Rider_7703,2023-11-01 23:48:00,San Francisco,user7703@example.com
7704,Rider_7704,2021-11-24 01:46:00,Los Angeles,user7704@example.com
7705,Rider_7705,2022-12-18 14:01:00,Boston,user7705@example.com
7706,Rider_7706,2023-12-29 10:29:00,Chicago,user7706@example.com
7707,Rider_7707,2021-02-27 03:54:00,Chicago,user7707@example.com
7708,Rider_7708,2021-04-02 06:17:00,Toronto,user7708@example.com
7709,Rider_7709,2021-07-02 20:51:00,Ottawa,user7709@example.com
7710,Rider_7710,2021-06-17 06:23:00,Chicago,user7710@example.com
7711,Rider_7711,2021-07-15 21:42:00,Vancouver,user7711@example.com
7712,Rider_7712,2024-01-28 18:48:00,Chicago,user7712@example.com
7713,Rider_7713,2022-03-15 19:26:00,Toronto,user7713@example.com
7714,Rider_7714,2023-12-05 08:16:00,Los Angeles,user7714@example.com
7715,Rider_7715,2023-06-19 20:45:00,Los Angeles,user7715@example.com
7716,Rider_7716,2024-01-22 08:51:00,Boston,user7716@example.com
7717,Rider_7717,2022-11-08 06:27:00,Vancouver,user7717@example.com
7718,Rider_7718,2021-07-10 11:32:00,Montreal,user7718@example.com
7719,Rider_7719,2024-02-08 01:16:00,Calgary,user7719@example.com
7720,Rider_7720,2022-04-15 23:43:00,Ottawa,user7720@example.com
7721,Rider_7721,2023-01-06 03:13:00,Boston,user7721@example.com
7722,Rider_7722,2022-07-20 18:42:00,New York,user7722@example.com
7723,Rider_7723,2022-08-31 01:52:00,Chicago,user7723@example.com
7724,Rider_7724,2022-06-21 01:43:00,Boston,user7724@example.com
7725,Rider_7725,2021-03-17 23:34:00,Toronto,user7725@example.com
7726,Rider_7726,2024-06-02 09:24:00,New York,user7726@example.com
7727,Rider_7727,2022-08-29 03:48:00,San Francisco,user7727@example.com
7728,Rider_7728,2023-02-13 00:30:00,Chicago,user7728@example.com
7729,Rider_7729,2023-10-20 16:18:00,Vancouver,user7729@example.com
7730,Rider_7730,2024-05-02 11:22:00,Montreal,user7730@example.com
7731,Rider_7731,2022-11-30 10:45:00,Los Angeles,user7731@example.com
7732,Rider_7732,2022-05-23 20:01:00,Chicago,user7732@example.com
7733,Rider_7733,2023-10-20 19:06:00,Montreal,user7733@example.com
7734,Rider_7734,2024-03-13 10:28:00,Los Angeles,user7734@example.com
7735,Rider_7735,2023-12-24 04:29:00,Ottawa,user7735@example.com
7736,Rider_7736,2021-01-12 13:20:00,Chicago,user7736@example.com
7737,Rider_7737,2022-01-25 07:03:00,Chicago,user7737@example.com
7738,Rider_7738,2021-05-25 19:21:00,Montreal,user7738@example.com
7739,Rider_7739,2022-06-04 17:09:00,Vancouver,user7739@example.com
7740,Rider_7740,2021-03-07 06:49:00,Chicago,user7740@example.com
7741,Rider_7741,2022-01-08 20:43:00,Chicago,user7741@example.com
7742,Rider_7742,2023-07-28 03:50:00,Calgary,user7742@example.com
7743,Rider_7743,2022-03-08 15:27:00,Vancouver,user7743@example.com
7744,Rider_7744,2024-01-25 16:47:00,Boston,user7744@example.com
7745,Rider_7745,2022-10-12 03:19:00,Chicago,user7745@example.com
7746,Rider_7746,2024-04-12 11:44:00,New York,user7746@example.com
7747,Rider_7747,2023-09-09 01:26:00,New York,user7747@example.com
7748,Rider_7748,2024-01-11 01:37:00,Los Angeles,user7748@example.com
7749,Rider_7749,2024-05-28 01:56:00,Los Angeles,user7749@example.com
7750,Rider_7750,2022-08-03 11:20:00,Ottawa,user7750@example.com
7751,Rider_7751,2021-01-05 06:03:00,Los Angeles,user7751@example.com
7752,Rider_7752,2023-01-21 00:01:00,Toronto,user7752@example.com
7753,Rider_7753,2021-11-10 08:24:00,Calgary,user7753@example.com
7754,Rider_7754,2021-08-18 14:36:00,Boston,user7754@example.com
7755,Rider_7755,2023-11-23 21:29:00,Los Angeles,user7755@example.com
7756,Rider_7756,2022-03-01 18:48:00,Calgary,user7756@example.com
7757,Rider_7757,2022-08-30 21:59:00,Calgary,user7757@example.com
7758,Rider_7758,2023-07-07 06:58:00,Calgary,user7758@example.com
7759,Rider_7759,2023-08-10 01:23:00,Ottawa,user7759@example.com
7760,Rider_7760,2022-11-07 15:39:00,Boston,user7760@example.com
7761,Rider_7761,2022-12-08 17:51:00,New York,user7761@example.com
7762,Rider_7762,2023-04-30 22:13:00,Ottawa,user7762@example.com
7763,Rider_7763,2023-04-17 23:37:00,San Francisco,user7763@example.com
7764,Rider_7764,2021-03-11 03:35:00,Vancouver,user7764@example.com
7765,Rider_7765,2022-06-01 16:25:00,San Francisco,user7765@example.com
7766,Rider_7766,2022-09-25 18:35:00,New York,user7766@example.com
7767,Rider_7767,2023-09-02 01:50:00,Ottawa,user7767@example.com
7768,Rider_7768,2023-01-08 03:17:00,Toronto,user7768@example.com
7769,Rider_7769,2022-12-22 02:08:00,Montreal,user7769@example.com
7770,Rider_7770,2023-06-08 09:53:00,Ottawa,user7770@example.com
7771,Rider_7771,2022-05-05 14:44:00,Boston,user7771@example.com
7772,Rider_7772,2021-12-13 06:17:00,Ottawa,user7772@example.com
7773,Rider_7773,2022-02-16 04:45:00,Vancouver,user7773@example.com
7774,Rider_7774,2023-10-10 22:21:00,San Francisco,user7774@example.com
7775,Rider_7775,2021-12-23 11:22:00,New York,user7775@example.com
7776,Rider_7776,2022-01-30 19:05:00,Ottawa,user7776@example.com
7777,Rider_7777,2022-02-17 05:33:00,Montreal,user7777@example.com
7778,Rider_7778,2023-04-05 11:31:00,New York,user7778@example.com
7779,Rider_7779,2021-03-04 23:35:00,Boston,user7779@example.com
7780,Rider_7780,2022-11-29 21:15:00,Boston,user7780@example.com
7781,Rider_7781,2022-09-09 16:29:00,Boston,user7781@example.com
7782,Rider_7782,2022-10-30 23:57:00,New York,user7782@example.com
7783,Rider_7783,2021-04-29 05:25:00,New York,user7783@example.com
7784,Rider_7784,2023-04-12 11:51:00,San Francisco,user7784@example.com
7785,Rider_7785,2022-10-10 09:45:00,Calgary,user7785@example.com
7786,Rider_7786,2023-02-19 10:39:00,New York,user7786@example.com
7787,Rider_7787,2024-04-09 10:42:00,San Francisco,user7787@example.com
7788,Rider_7788,2023-10-28 10:08:00,Ottawa,user7788@example.com
7789,Rider_7789,2023-02-11 11:55:00,New York,user7789@example.com
7790,Rider_7790,2021-11-28 12:40:00,Ottawa,user7790@example.com
7791,Rider_7791,2023-10-25 06:37:00,Calgary,user7791@example.com
7792,Rider_7792,2022-03-23 16:54:00,Calgary,user7792@example.com
7793,Rider_7793,2021-12-31 19:13:00,Toronto,user7793@example.com
7794,Rider_7794,2023-05-22 02:27:00,Montreal,user7794@example.com
7795,Rider_7795,2021-10-03 07:51:00,Los Angeles,user7795@example.com
7796,Rider_7796,2023-10-17 05:16:00,Calgary,user7796@example.com
7797,Rider_7797,2021-01-23 01:50:00,Boston,user7797@example.com
7798,Rider_7798,2021-05-04 18:34:00,Montreal,user7798@example.com
7799,Rider_7799,2023-10-02 20:03:00,Los Angeles,user7799@example.com
7800,Rider_7800,2023-01-16 10:38:00,Boston,user7800@example.com
7801,Rider_7801,2021-06-04 12:08:00,New York,user7801@example.com
7802,Rider_7802,2024-03-10 04:02:00,Chicago,user7802@example.com
7803,Rider_7803,2021-09-20 13:37:00,San Francisco,user7803@example.com
7804,Rider_7804,2023-11-10 14:55:00,San Francisco,user7804@example.com
7805,Rider_7805,2022-10-08 13:46:00,San Francisco,user7805@example.com
7806,Rider_7806,2022-10-25 11:11:00,Chicago,user7806@example.com
7807,Rider_7807,2024-02-07 17:07:00,Boston,user7807@example.com
7808,Rider_7808,2022-07-16 11:04:00,Chicago,user7808@example.com
7809,Rider_7809,2024-04-03 12:43:00,Toronto,user7809@example.com
7810,Rider_7810,2022-04-26 18:42:00,San Francisco,user7810@example.com
7811,Rider_7811,2023-12-11 07:07:00,Calgary,user7811@example.com
7812,Rider_7812,2023-09-20 16:29:00,Calgary,user7812@example.com
7813,Rider_7813,2021-04-29 09:54:00,Toronto,user7813@example.com
7814,Rider_7814,2021-07-08 15:38:00,Chicago,user7814@example.com
7815,Rider_7815,2022-01-08 03:07:00,New York,user7815@example.com
7816,Rider_7816,2024-04-24 14:43:00,Toronto,user7816@example.com
7817,Rider_7817,2021-10-06 00:30:00,San Francisco,user7817@example.com
7818,Rider_7818,2024-04-03 05:32:00,Toronto,user7818@example.com
7819,Rider_7819,2022-06-09 08:01:00,Vancouver,user7819@example.com
7820,Rider_7820,2023-02-17 10:36:00,Toronto,user7820@example.com
7821,Rider_7821,2022-12-24 19:32:00,Calgary,user7821@example.com
7822,Rider_7822,2021-07-09 16:07:00,Calgary,user7822@example.com
7823,Rider_7823,2023-11-04 16:47:00,Vancouver,user7823@example.com
7824,Rider_7824,2022-03-09 07:47:00,Ottawa,user7824@example.com
7825,Rider_7825,2022-07-08 10:18:00,Toronto,user7825@example.com
7826,Rider_7826,2022-07-03 17:44:00,Toronto,user7826@example.com
7827,Rider_7827,2022-08-26 13:14:00,Chicago,user7827@example.com
7828,Rider_7828,2023-04-28 02:25:00,Boston,user7828@example.com
7829,Rider_7829,2024-02-01 17:42:00,San Francisco,user7829@example.com
7830,Rider_7830,2023-08-22 16:01:00,New York,user7830@example.com
7831,Rider_7831,2021-04-09 12:57:00,Toronto,user7831@example.com
7832,Rider_7832,2021-08-15 12:18:00,Chicago,user7832@example.com
7833,Rider_7833,2021-09-07 01:54:00,Los Angeles,user7833@example.com
7834,Rider_7834,2023-12-08 03:32:00,Calgary,user7834@example.com
7835,Rider_7835,2021-10-29 15:11:00,Calgary,user7835@example.com
7836,Rider_7836,2024-03-22 10:43:00,Vancouver,user7836@example.com
7837,Rider_7837,2021-02-16 06:37:00,Los Angeles,user7837@example.com
7838,Rider_7838,2022-08-28 17:20:00,Los Angeles,user7838@example.com
7839,Rider_7839,2021-06-10 21:20:00,Montreal,user7839@example.com
7840,Rider_7840,2024-04-20 06:14:00,Calgary,user7840@example.com
7841,Rider_7841,2021-11-26 21:21:00,Montreal,user7841@example.com
7842,Rider_7842,2021-10-23 09:04:00,Chicago,user7842@example.com
7843,Rider_7843,2023-09-18 07:19:00,Ottawa,user7843@example.com
7844,Rider_7844,2024-04-16 12:48:00,Vancouver,user7844@example.com
7845,Rider_7845,2024-03-07 13:33:00,Ottawa,user7845@example.com
7846,Rider_7846,2024-03-02 18:36:00,Toronto,user7846@example.com
7847,Rider_7847,2023-10-18 15:41:00,Boston,user7847@example.com
7848,Rider_7848,2023-05-16 23:31:00,Vancouver,user7848@example.com
7849,Rider_7849,2022-08-25 14:40:00,Vancouver,user7849@example.com
7850,Rider_7850,2023-09-26 03:09:00,Los Angeles,user7850@example.com
7851,Rider_7851,2021-11-06 07:28:00,Los Angeles,user7851@example.com
7852,Rider_7852,2021-02-26 12:19:00,New York,user7852@example.com
7853,Rider_7853,2021-10-20 04:09:00,Vancouver,user7853@example.com
7854,Rider_7854,2023-06-06 22:09:00,New York,user7854@example.com
7855,Rider_7855,2021-01-27 14:19:00,Los Angeles,user7855@example.com
7856,Rider_7856,2023-10-05 17:54:00,Los Angeles,user7856@example.com
7857,Rider_7857,2022-10-08 12:13:00,Los Angeles,user7857@example.com
7858,Rider_7858,2022-05-05 14:23:00,New York,user7858@example.com
7859,Rider_7859,2021-05-13 09:25:00,Vancouver,user7859@example.com
7860,Rider_7860,2021-05-30 02:17:00,Chicago,user7860@example.com
7861,Rider_7861,2023-03-20 14:10:00,Ottawa,user7861@example.com
7862,Rider_7862,2024-04-05 03:12:00,Calgary,user7862@example.com
7863,Rider_7863,2023-07-11 00:22:00,Toronto,user7863@example.com
7864,Rider_7864,2023-01-06 10:44:00,Chicago,user7864@example.com
7865,Rider_7865,2023-05-10 23:08:00,Vancouver,user7865@example.com
7866,Rider_7866,2024-02-02 15:39:00,Calgary,user7866@example.com
7867,Rider_7867,2021-07-06 00:43:00,Los Angeles,user7867@example.com
7868,Rider_7868,2024-06-13 13:54:00,Ottawa,user7868@example.com
7869,Rider_7869,2024-05-06 05:39:00,New York,user7869@example.com
7870,Rider_7870,2022-01-18 04:56:00,Los Angeles,user7870@example.com
7871,Rider_7871,2023-04-15 07:51:00,San Francisco,user7871@example.com
7872,Rider_7872,2022-04-01 20:39:00,Montreal,user7872@example.com
7873,Rider_7873,2021-06-15 13:22:00,New York,user7873@example.com
7874,Rider_7874,2022-04-12 08:27:00,New York,user7874@example.com
7875,Rider_7875,2023-12-18 01:17:00,Chicago,user7875@example.com
7876,Rider_7876,2022-08-13 15:48:00,San Francisco,user7876@example.com
7877,Rider_7877,2022-03-13 00:03:00,Chicago,user7877@example.com
7878,Rider_7878,2022-10-03 01:35:00,Los Angeles,user7878@example.com
7879,Rider_7879,2023-04-05 19:42:00,Toronto,user7879@example.com
7880,Rider_7880,2021-04-27 16:21:00,Los Angeles,user7880@example.com
7881,Rider_7881,2022-04-25 01:25:00,Vancouver,user7881@example.com
7882,Rider_7882,2022-09-25 01:14:00,San Francisco,user7882@example.com
7883,Rider_7883,2021-02-10 14:51:00,New York,user7883@example.com
7884,Rider_7884,2022-05-25 03:32:00,San Francisco,user7884@example.com
7885,Rider_7885,2024-01-11 17:50:00,Chicago,user7885@example.com
7886,Rider_7886,2021-08-02 11:33:00,Toronto,user7886@example.com
7887,Rider_7887,2023-07-26 13:58:00,Calgary,user7887@example.com
7888,Rider_7888,2021-06-05 12:50:00,Ottawa,user7888@example.com
7889,Rider_7889,2021-06-26 02:53:00,Los Angeles,user7889@example.com
7890,Rider_7890,2022-02-15 10:05:00,Toronto,user7890@example.com
7891,Rider_7891,2022-05-10 11:31:00,Los Angeles,user7891@example.com
7892,Rider_7892,2021-10-11 16:31:00,Toronto,user7892@example.com
7893,Rider_7893,2021-11-26 19:30:00,Ottawa,user7893@example.com
7894,Rider_7894,2024-05-28 08:00:00,Ottawa,user7894@example.com
7895,Rider_7895,2021-12-26 15:40:00,Toronto,user7895@example.com
7896,Rider_7896,2022-03-06 13:13:00,New York,user7896@example.com
7897,Rider_7897,2024-03-27 14:30:00,San Francisco,user7897@example.com
7898,Rider_7898,2024-03-18 14:29:00,Calgary,user7898@example.com
7899,Rider_7899,2021-05-04 18:03:00,Calgary,user7899@example.com
7900,Rider_7900,2023-06-16 21:36:00,Calgary,user7900@example.com
7901,Rider_7901,2022-04-07 16:39:00,Calgary,user7901@example.com
7902,Rider_7902,2023-10-20 00:16:00,Calgary,user7902@example.com
7903,Rider_7903,2021-06-06 00:30:00,San Francisco,user7903@example.com
7904,Rider_7904,2024-03-14 15:50:00,Montreal,user7904@example.com
7905,Rider_7905,2022-04-30 12:11:00,New York,user7905@example.com
7906,Rider_7906,2021-05-25 10:04:00,Montreal,user7906@example.com
7907,Rider_7907,2022-02-22 22:50:00,Los Angeles,user7907@example.com
7908,Rider_7908,2021-08-01 15:41:00,New York,user7908@example.com
7909,Rider_7909,2021-05-27 12:19:00,Toronto,user7909@example.com
7910,Rider_7910,2021-01-07 05:28:00,Ottawa,user7910@example.com
7911,Rider_7911,2023-01-11 22:59:00,Toronto,user7911@example.com
7912,Rider_7912,2022-12-30 21:54:00,New York,user7912@example.com
7913,Rider_7913,2022-09-23 16:21:00,Los Angeles,user7913@example.com
7914,Rider_7914,2021-06-16 01:10:00,Calgary,user7914@example.com
7915,Rider_7915,2021-09-04 16:45:00,San Francisco,user7915@example.com
7916,Rider_7916,2023-05-22 18:41:00,Ottawa,user7916@example.com
7917,Rider_7917,2021-05-08 09:30:00,Boston,user7917@example.com
7918,Rider_7918,2021-09-19 13:39:00,Los Angeles,user7918@example.com
7919,Rider_7919,2023-10-05 09:18:00,Chicago,user7919@example.com
7920,Rider_7920,2023-12-25 11:53:00,Ottawa,user7920@example.com
7921,Rider_7921,2023-09-07 23:22:00,Toronto,user7921@example.com
7922,Rider_7922,2023-01-01 14:38:00,New York,user7922@example.com
7923,Rider_7923,2024-02-07 01:43:00,Boston,user7923@example.com
7924,Rider_7924,2021-09-21 02:33:00,Chicago,user7924@example.com
7925,Rider_7925,2022-01-06 15:09:00,Calgary,user7925@example.com
7926,Rider_7926,2021-01-09 05:05:00,Montreal,user7926@example.com
7927,Rider_7927,2022-03-01 13:53:00,Calgary,user7927@example.com
7928,Rider_7928,2024-05-19 11:06:00,Ottawa,user7928@example.com
7929,Rider_7929,2023-02-05 07:25:00,Boston,user7929@example.com
7930,Rider_7930,2022-01-05 13:59:00,Calgary,user7930@example.com
7931,Rider_7931,2022-10-30 13:14:00,New York,user7931@example.com
7932,Rider_7932,2023-08-11 15:54:00,Boston,user7932@example.com
7933,Rider_7933,2021-10-26 23:52:00,Montreal,user7933@example.com
7934,Rider_7934,2022-03-31 16:52:00,Calgary,user7934@example.com
7935,Rider_7935,2021-07-31 14:17:00,Los Angeles,user7935@example.com
7936,Rider_7936,2023-07-07 17:30:00,Montreal,user7936@example.com
7937,Rider_7937,2023-06-18 09:46:00,Montreal,user7937@example.com
7938,Rider_7938,2022-02-23 10:28:00,San Francisco,user7938@example.com
7939,Rider_7939,2023-08-16 12:29:00,Boston,user7939@example.com
7940,Rider_7940,2024-01-04 03:18:00,Toronto,user7940@example.com
7941,Rider_7941,2022-02-01 03:03:00,Montreal,user7941@example.com
7942,Rider_7942,2023-02-13 02:45:00,Ottawa,user7942@example.com
7943,Rider_7943,2021-06-28 00:59:00,New York,user7943@example.com
7944,Rider_7944,2023-07-07 16:17:00,Montreal,user7944@example.com
7945,Rider_7945,2024-03-06 02:11:00,Boston,user7945@example.com
7946,Rider_7946,2023-12-10 21:31:00,San Francisco,user7946@example.com
7947,Rider_7947,2023-06-15 17:48:00,Chicago,user7947@example.com
7948,Rider_7948,2023-09-23 11:31:00,Chicago,user7948@example.com
7949,Rider_7949,2021-07-06 09:04:00,Ottawa,user7949@example.com
7950,Rider_7950,2021-07-25 18:02:00,Boston,user7950@example.com
7951,Rider_7951,2021-12-25 14:55:00,New York,user7951@example.com
7952,Rider_7952,2024-03-03 03:08:00,Boston,user7952@example.com
7953,Rider_7953,2024-02-10 23:04:00,New York,user7953@example.com
7954,Rider_7954,2023-11-29 15:54:00,Toronto,user7954@example.com
7955,Rider_7955,2021-07-26 13:11:00,Montreal,user7955@example.com
7956,Rider_7956,2022-03-06 14:29:00,Boston,user7956@example.com
7957,Rider_7957,2023-06-12 13:41:00,Toronto,user7957@example.com
7958,Rider_7958,2023-10-10 14:50:00,New York,user7958@example.com
7959,Rider_7959,2024-01-20 04:30:00,Boston,user7959@example.com
7960,Rider_7960,2023-12-18 13:07:00,Toronto,user7960@example.com
7961,Rider_7961,2022-10-05 03:01:00,New York,user7961@example.com
7962,Rider_7962,2022-06-15 06:42:00,Toronto,user7962@example.com
7963,Rider_7963,2022-11-26 12:08:00,Boston,user7963@example.com
7964,Rider_7964,2021-08-17 08:05:00,Chicago,user7964@example.com
7965,Rider_7965,2022-07-27 20:15:00,Toronto,user7965@example.com
7966,Rider_7966,2022-10-01 15:55:00,Los Angeles,user7966@example.com
7967,Rider_7967,2023-10-22 12:41:00,Montreal,user7967@example.com
7968,Rider_7968,2023-11-23 19:57:00,Calgary,user7968@example.com
7969,Rider_7969,2022-11-20 19:35:00,San Francisco,user7969@example.com
7970,Rider_7970,2023-09-14 12:26:00,Boston,user7970@example.com
7971,Rider_7971,2021-11-18 05:22:00,Chicago,user7971@example.com
7972,Rider_7972,2022-07-03 15:26:00,Montreal,user7972@example.com
7973,Rider_7973,2023-11-01 08:56:00,Boston,user7973@example.com
7974,Rider_7974,2023-02-01 01:17:00,Boston,user7974@example.com
7975,Rider_7975,2022-03-02 11:38:00,Vancouver,user7975@example.com
7976,Rider_7976,2021-03-18 00:22:00,Montreal,user7976@example.com
7977,Rider_7977,2021-01-05 17:59:00,San Francisco,user7977@example.com
7978,Rider_7978,2022-12-22 03:36:00,Montreal,user7978@example.com
7979,Rider_7979,2021-04-06 09:19:00,Chicago,user7979@example.com
7980,Rider_7980,2024-03-08 11:33:00,New York,user7980@example.com
7981,Rider_7981,2023-03-26 10:38:00,Vancouver,user7981@example.com
7982,Rider_7982,2021-11-13 15:42:00,San Francisco,user7982@example.com
7983,Rider_7983,2021-06-21 12:37:00,Montreal,user7983@example.com
7984,Rider_7984,2021-08-07 13:35:00,San Francisco,user7984@example.com
7985,Rider_7985,2022-03-10 22:06:00,San Francisco,user7985@example.com
7986,Rider_7986,2022-10-25 00:06:00,Chicago,user7986@example.com
7987,Rider_7987,2023-01-06 03:26:00,New York,user7987@example.com
7988,Rider_7988,2021-04-12 10:22:00,Calgary,user7988@example.com
7989,Rider_7989,2022-12-07 22:20:00,Ottawa,user7989@example.com
7990,Rider_7990,2022-04-16 23:57:00,Los Angeles,user7990@example.com
7991,Rider_7991,2022-11-30 00:43:00,Boston,user7991@example.com
7992,Rider_7992,2023-12-06 10:33:00,Boston,user7992@example.com
7993,Rider_7993,2023-01-11 17:42:00,San Francisco,user7993@example.com
7994,Rider_7994,2022-02-23 20:53:00,Montreal,user7994@example.com
7995,Rider_7995,2023-01-17 04:45:00,Chicago,user7995@example.com
7996,Rider_7996,2022-11-12 14:38:00,Boston,user7996@example.com
7997,Rider_7997,2021-01-27 15:14:00,Chicago,user7997@example.com
7998,Rider_7998,2023-09-30 07:33:00,Boston,user7998@example.com
7999,Rider_7999,2022-08-21 10:14:00,Vancouver,user7999@example.com
8000,Rider_8000,2023-05-08 02:36:00,Boston,user8000@example.com
8001,Rider_8001,2023-09-25 03:20:00,Calgary,user8001@example.com
8002,Rider_8002,2021-06-20 14:33:00,Chicago,user8002@example.com
8003,Rider_8003,2024-01-26 09:52:00,San Francisco,user8003@example.com
8004,Rider_8004,2023-03-22 22:37:00,Los Angeles,user8004@example.com
8005,Rider_8005,2023-12-08 17:37:00,San Francisco,user8005@example.com
8006,Rider_8006,2022-02-27 05:53:00,Toronto,user8006@example.com
8007,Rider_8007,2024-05-26 22:04:00,Calgary,user8007@example.com
8008,Rider_8008,2024-03-05 11:55:00,San Francisco,user8008@example.com
8009,Rider_8009,2021-02-01 12:49:00,Montreal,user8009@example.com
8010,Rider_8010,2023-06-01 01:06:00,Toronto,user8010@example.com
8011,Rider_8011,2022-01-10 17:32:00,Toronto,user8011@example.com
8012,Rider_8012,2022-01-27 14:55:00,San Francisco,user8012@example.com
8013,Rider_8013,2024-03-23 02:28:00,Boston,user8013@example.com
8014,Rider_8014,2023-08-12 04:26:00,Calgary,user8014@example.com
8015,Rider_8015,2024-05-26 04:40:00,Ottawa,user8015@example.com
8016,Rider_8016,2021-10-12 04:46:00,Calgary,user8016@example.com
8017,Rider_8017,2023-04-01 17:29:00,Vancouver,user8017@example.com
8018,Rider_8018,2021-08-20 14:42:00,New York,user8018@example.com
8019,Rider_8019,2022-05-24 13:29:00,New York,user8019@example.com
8020,Rider_8020,2022-10-15 00:31:00,Calgary,user8020@example.com
8021,Rider_8021,2022-06-15 04:26:00,Ottawa,user8021@example.com
8022,Rider_8022,2023-01-18 05:41:00,New York,user8022@example.com
8023,Rider_8023,2021-10-19 01:43:00,Boston,user8023@example.com
8024,Rider_8024,2024-02-13 02:00:00,Toronto,user8024@example.com
8025,Rider_8025,2024-01-25 20:22:00,San Francisco,user8025@example.com
8026,Rider_8026,2022-01-26 04:12:00,Montreal,user8026@example.com
8027,Rider_8027,2023-06-30 14:50:00,San Francisco,user8027@example.com
8028,Rider_8028,2023-09-04 21:07:00,Boston,user8028@example.com
8029,Rider_8029,2023-11-07 13:18:00,Montreal,user8029@example.com
8030,Rider_8030,2023-05-29 00:46:00,Ottawa,user8030@example.com
8031,Rider_8031,2022-07-09 09:43:00,Ottawa,user8031@example.com
8032,Rider_8032,2022-08-14 04:30:00,Toronto,user8032@example.com
8033,Rider_8033,2023-08-29 07:29:00,Vancouver,user8033@example.com
8034,Rider_8034,2022-01-16 09:56:00,Boston,user8034@example.com
8035,Rider_8035,2021-03-13 03:40:00,Los Angeles,user8035@example.com
8036,Rider_8036,2022-07-09 09:28:00,Los Angeles,user8036@example.com
8037,Rider_8037,2024-03-24 22:49:00,Vancouver,user8037@example.com
8038,Rider_8038,2023-04-08 04:30:00,Boston,user8038@example.com
8039,Rider_8039,2023-02-06 01:59:00,Los Angeles,user8039@example.com
8040,Rider_8040,2022-11-01 06:15:00,Boston,user8040@example.com
8041,Rider_8041,2021-01-26 12:36:00,Calgary,user8041@example.com
8042,Rider_8042,2021-06-10 07:17:00,Toronto,user8042@example.com
8043,Rider_8043,2021-08-01 19:34:00,Ottawa,user8043@example.com
8044,Rider_8044,2022-10-01 01:19:00,Boston,user8044@example.com
8045,Rider_8045,2021-11-15 09:26:00,New York,user8045@example.com
8046,Rider_8046,2022-10-03 13:53:00,Vancouver,user8046@example.com
8047,Rider_8047,2024-02-22 09:34:00,Calgary,user8047@example.com
8048,Rider_8048,2021-06-09 09:46:00,Toronto,user8048@example.com
8049,Rider_8049,2022-11-17 12:09:00,Calgary,user8049@example.com
8050,Rider_8050,2021-12-09 21:29:00,Chicago,user8050@example.com
8051,Rider_8051,2021-12-06 09:10:00,Boston,user8051@example.com
8052,Rider_8052,2021-05-31 11:03:00,Los Angeles,user8052@example.com
8053,Rider_8053,2022-02-03 09:23:00,New York,user8053@example.com
8054,Rider_8054,2023-07-02 15:34:00,New York,user8054@example.com
8055,Rider_8055,2021-07-06 20:16:00,Montreal,user8055@example.com
8056,Rider_8056,2023-09-26 21:29:00,San Francisco,user8056@example.com
8057,Rider_8057,2022-11-30 19:08:00,Ottawa,user8057@example.com
8058,Rider_8058,2021-05-26 05:17:00,Boston,user8058@example.com
8059,Rider_8059,2022-01-03 17:10:00,Los Angeles,user8059@example.com
8060,Rider_8060,2021-07-04 12:24:00,Ottawa,user8060@example.com
8061,Rider_8061,2024-06-05 04:04:00,Toronto,user8061@example.com
8062,Rider_8062,2024-05-13 22:19:00,San Francisco,user8062@example.com
8063,Rider_8063,2023-04-15 00:45:00,Ottawa,user8063@example.com
8064,Rider_8064,2021-03-10 14:47:00,Boston,user8064@example.com
8065,Rider_8065,2023-12-07 07:39:00,Vancouver,user8065@example.com
8066,Rider_8066,2023-04-21 12:44:00,San Francisco,user8066@example.com
8067,Rider_8067,2023-10-19 01:48:00,Chicago,user8067@example.com
8068,Rider_8068,2023-01-31 11:43:00,New York,user8068@example.com
8069,Rider_8069,2024-05-21 02:40:00,Boston,user8069@example.com
8070,Rider_8070,2022-05-29 19:02:00,Montreal,user8070@example.com
8071,Rider_8071,2021-05-18 19:21:00,Toronto,user8071@example.com
8072,Rider_8072,2023-06-25 11:18:00,Calgary,user8072@example.com
8073,Rider_8073,2023-06-14 06:42:00,Boston,user8073@example.com
8074,Rider_8074,2021-01-01 03:27:00,San Francisco,user8074@example.com
8075,Rider_8075,2023-12-18 18:53:00,Montreal,user8075@example.com
8076,Rider_8076,2022-07-09 10:11:00,Los Angeles,user8076@example.com
8077,Rider_8077,2023-05-15 03:52:00,Vancouver,user8077@example.com
8078,Rider_8078,2021-02-11 18:52:00,Chicago,user8078@example.com
8079,Rider_8079,2023-09-02 07:57:00,Toronto,user8079@example.com
8080,Rider_8080,2021-02-03 04:24:00,Ottawa,user8080@example.com
8081,Rider_8081,2021-10-27 02:35:00,San Francisco,user8081@example.com
8082,Rider_8082,2021-09-01 19:40:00,Chicago,user8082@example.com
8083,Rider_8083,2024-02-20 15:03:00,Boston,user8083@example.com
8084,Rider_8084,2024-02-12 19:21:00,New York,user8084@example.com
8085,Rider_8085,2021-11-01 06:02:00,Chicago,user8085@example.com
8086,Rider_8086,2021-11-04 00:43:00,Boston,user8086@example.com
8087,Rider_8087,2022-04-04 06:23:00,Chicago,user8087@example.com
8088,Rider_8088,2021-04-06 04:30:00,Vancouver,user8088@example.com
8089,Rider_8089,2021-12-17 11:54:00,Vancouver,user8089@example.com
8090,Rider_8090,2021-07-28 23:05:00,Ottawa,user8090@example.com
8091,Rider_8091,2021-07-03 02:44:00,New York,user8091@example.com
8092,Rider_8092,2022-07-24 13:25:00,Boston,user8092@example.com
8093,Rider_8093,2023-12-03 20:15:00,San Francisco,user8093@example.com
8094,Rider_8094,2021-08-28 02:54:00,Montreal,user8094@example.com
8095,Rider_8095,2021-09-05 02:31:00,Toronto,user8095@example.com
8096,Rider_8096,2022-08-11 08:04:00,Vancouver,user8096@example.com
8097,Rider_8097,2021-09-24 05:19:00,New York,user8097@example.com
8098,Rider_8098,2021-02-24 13:43:00,Los Angeles,user8098@example.com
8099,Rider_8099,2021-09-30 00:02:00,Calgary,user8099@example.com
8100,Rider_8100,2021-06-18 14:05:00,Montreal,user8100@example.com
8101,Rider_8101,2024-04-02 11:33:00,Toronto,user8101@example.com
8102,Rider_8102,2021-11-25 23:55:00,Chicago,user8102@example.com
8103,Rider_8103,2021-08-27 19:49:00,Toronto,user8103@example.com
8104,Rider_8104,2021-06-18 10:55:00,Montreal,user8104@example.com
8105,Rider_8105,2021-12-23 03:19:00,Montreal,user8105@example.com
8106,Rider_8106,2022-02-18 10:25:00,Chicago,user8106@example.com
8107,Rider_8107,2024-01-14 17:29:00,Calgary,user8107@example.com
8108,Rider_8108,2023-11-18 21:40:00,Calgary,user8108@example.com
8109,Rider_8109,2023-07-09 03:32:00,Calgary,user8109@example.com
8110,Rider_8110,2022-05-28 17:07:00,Ottawa,user8110@example.com
8111,Rider_8111,2021-09-02 12:11:00,Vancouver,user8111@example.com
8112,Rider_8112,2023-04-08 18:00:00,Ottawa,user8112@example.com
8113,Rider_8113,2021-12-01 21:41:00,Ottawa,user8113@example.com
8114,Rider_8114,2022-10-23 00:54:00,Vancouver,user8114@example.com
8115,Rider_8115,2023-08-08 01:49:00,Chicago,user8115@example.com
8116,Rider_8116,2022-03-10 16:24:00,Vancouver,user8116@example.com
8117,Rider_8117,2022-02-09 06:01:00,Los Angeles,user8117@example.com
8118,Rider_8118,2021-11-29 15:58:00,Ottawa,user8118@example.com
8119,Rider_8119,2021-11-01 21:27:00,New York,user8119@example.com
8120,Rider_8120,2022-04-05 02:18:00,Montreal,user8120@example.com
8121,Rider_8121,2024-04-15 03:03:00,Montreal,user8121@example.com
8122,Rider_8122,2022-12-24 03:32:00,Calgary,user8122@example.com
8123,Rider_8123,2023-06-23 04:15:00,Toronto,user8123@example.com
8124,Rider_8124,2024-05-22 11:28:00,Toronto,user8124@example.com
8125,Rider_8125,2021-03-25 13:31:00,Chicago,user8125@example.com
8126,Rider_8126,2024-02-19 21:29:00,Boston,user8126@example.com
8127,Rider_8127,2021-06-25 19:05:00,Calgary,user8127@example.com
8128,Rider_8128,2023-01-15 14:24:00,Calgary,user8128@example.com
8129,Rider_8129,2023-10-07 04:54:00,Montreal,user8129@example.com
8130,Rider_8130,2024-01-12 18:01:00,Ottawa,user8130@example.com
8131,Rider_8131,2021-03-24 01:42:00,Chicago,user8131@example.com
8132,Rider_8132,2021-10-07 07:09:00,Calgary,user8132@example.com
8133,Rider_8133,2021-12-27 02:08:00,Calgary,user8133@example.com
8134,Rider_8134,2022-01-09 13:51:00,Chicago,user8134@example.com
8135,Rider_8135,2023-03-01 19:07:00,New York,user8135@example.com
8136,Rider_8136,2023-04-25 13:30:00,Ottawa,user8136@example.com
8137,Rider_8137,2022-01-11 03:34:00,Toronto,user8137@example.com
8138,Rider_8138,2023-05-08 22:23:00,Calgary,user8138@example.com
8139,Rider_8139,2022-06-11 19:00:00,Toronto,user8139@example.com
8140,Rider_8140,2023-04-16 01:55:00,Calgary,user8140@example.com
8141,Rider_8141,2022-02-08 08:45:00,Toronto,user8141@example.com
8142,Rider_8142,2022-05-31 20:41:00,San Francisco,user8142@example.com
8143,Rider_8143,2021-07-31 13:09:00,Calgary,user8143@example.com
8144,Rider_8144,2021-03-10 09:07:00,Chicago,user8144@example.com
8145,Rider_8145,2023-02-01 23:28:00,Montreal,user8145@example.com
8146,Rider_8146,2021-08-06 00:51:00,Boston,user8146@example.com
8147,Rider_8147,2023-12-22 12:14:00,Boston,user8147@example.com
8148,Rider_8148,2023-03-16 14:45:00,Toronto,user8148@example.com
8149,Rider_8149,2023-08-29 15:43:00,Chicago,user8149@example.com
8150,Rider_8150,2021-04-21 23:17:00,Vancouver,user8150@example.com
8151,Rider_8151,2024-01-25 21:50:00,Montreal,user8151@example.com
8152,Rider_8152,2021-05-05 12:27:00,Calgary,user8152@example.com
8153,Rider_8153,2022-12-17 23:34:00,Los Angeles,user8153@example.com
8154,Rider_8154,2023-11-25 10:09:00,Chicago,user8154@example.com
8155,Rider_8155,2022-06-09 13:40:00,San Francisco,user8155@example.com
8156,Rider_8156,2021-02-21 10:17:00,New York,user8156@example.com
8157,Rider_8157,2024-04-26 18:16:00,New York,user8157@example.com
8158,Rider_8158,2024-04-19 09:26:00,New York,user8158@example.com
8159,Rider_8159,2024-06-11 15:58:00,New York,user8159@example.com
8160,Rider_8160,2021-05-10 22:05:00,New York,user8160@example.com
8161,Rider_8161,2021-09-14 04:48:00,Los Angeles,user8161@example.com
8162,Rider_8162,2021-05-06 22:15:00,Ottawa,user8162@example.com
8163,Rider_8163,2023-12-05 16:52:00,Toronto,user8163@example.com
8164,Rider_8164,2023-01-17 20:46:00,Boston,user8164@example.com
8165,Rider_8165,2022-11-13 22:19:00,Toronto,user8165@example.com
8166,Rider_8166,2023-10-03 22:19:00,Calgary,user8166@example.com
8167,Rider_8167,2021-03-30 22:20:00,Los Angeles,user8167@example.com
8168,Rider_8168,2021-02-10 03:25:00,Ottawa,user8168@example.com
8169,Rider_8169,2022-07-03 21:21:00,Chicago,user8169@example.com
8170,Rider_8170,2022-08-12 19:49:00,Los Angeles,user8170@example.com
8171,Rider_8171,2024-05-19 12:10:00,Toronto,user8171@example.com
8172,Rider_8172,2023-09-30 21:58:00,Calgary,user8172@example.com
8173,Rider_8173,2024-03-15 00:19:00,San Francisco,user8173@example.com
8174,Rider_8174,2022-02-10 03:28:00,San Francisco,user8174@example.com
8175,Rider_8175,2021-05-13 02:32:00,Chicago,user8175@example.com
8176,Rider_8176,2021-08-18 19:44:00,Calgary,user8176@example.com
8177,Rider_8177,2023-11-04 22:11:00,Ottawa,user8177@example.com
8178,Rider_8178,2023-04-19 21:09:00,Ottawa,user8178@example.com
8179,Rider_8179,2022-03-23 02:59:00,Vancouver,user8179@example.com
8180,Rider_8180,2023-03-23 05:51:00,Vancouver,user8180@example.com
8181,Rider_8181,2021-08-22 21:55:00,Toronto,user8181@example.com
8182,Rider_8182,2024-03-31 15:13:00,Chicago,user8182@example.com
8183,Rider_8183,2023-02-18 22:07:00,San Francisco,user8183@example.com
8184,Rider_8184,2024-05-09 14:19:00,Ottawa,user8184@example.com
8185,Rider_8185,2022-05-03 23:00:00,New York,user8185@example.com
8186,Rider_8186,2022-12-30 08:54:00,Montreal,user8186@example.com
8187,Rider_8187,2023-02-27 19:41:00,New York,user8187@example.com
8188,Rider_8188,2022-12-27 22:40:00,Montreal,user8188@example.com
8189,Rider_8189,2021-03-10 13:53:00,New York,user8189@example.com
8190,Rider_8190,2021-03-17 21:22:00,Ottawa,user8190@example.com
8191,Rider_8191,2023-10-26 10:31:00,New York,user8191@example.com
8192,Rider_8192,2022-01-17 13:06:00,San Francisco,user8192@example.com
8193,Rider_8193,2022-06-21 11:39:00,Montreal,user8193@example.com
8194,Rider_8194,2021-05-18 18:32:00,Los Angeles,user8194@example.com
8195,Rider_8195,2024-01-30 12:55:00,Los Angeles,user8195@example.com
8196,Rider_8196,2022-03-04 07:42:00,Calgary,user8196@example.com
8197,Rider_8197,2021-08-21 22:51:00,Calgary,user8197@example.com
8198,Rider_8198,2022-08-10 18:27:00,Montreal,user8198@example.com
8199,Rider_8199,2021-07-10 23:37:00,Ottawa,user8199@example.com
8200,Rider_8200,2022-10-04 12:43:00,Boston,user8200@example.com
8201,Rider_8201,2024-05-24 04:24:00,Chicago,user8201@example.com
8202,Rider_8202,2023-03-06 20:54:00,San Francisco,user8202@example.com
8203,Rider_8203,2022-05-15 15:37:00,Boston,user8203@example.com
8204,Rider_8204,2023-10-25 07:56:00,Los Angeles,user8204@example.com
8205,Rider_8205,2022-07-23 21:19:00,New York,user8205@example.com
8206,Rider_8206,2021-09-22 10:50:00,San Francisco,user8206@example.com
8207,Rider_8207,2022-08-07 01:08:00,Ottawa,user8207@example.com
8208,Rider_8208,2023-05-09 08:18:00,New York,user8208@example.com
8209,Rider_8209,2023-08-29 22:19:00,New York,user8209@example.com
8210,Rider_8210,2021-03-24 09:21:00,Vancouver,user8210@example.com
8211,Rider_8211,2021-11-19 23:41:00,Montreal,user8211@example.com
8212,Rider_8212,2022-09-30 04:44:00,Boston,user8212@example.com
8213,Rider_8213,2023-08-13 03:21:00,Ottawa,user8213@example.com
8214,Rider_8214,2022-12-16 14:55:00,Calgary,user8214@example.com
8215,Rider_8215,2022-07-06 14:13:00,Ottawa,user8215@example.com
8216,Rider_8216,2024-04-14 19:54:00,New York,user8216@example.com
8217,Rider_8217,2024-04-24 12:49:00,Ottawa,user8217@example.com
8218,Rider_8218,2021-10-15 00:35:00,Calgary,user8218@example.com
8219,Rider_8219,2021-04-11 05:16:00,Chicago,user8219@example.com
8220,Rider_8220,2022-02-21 00:42:00,New York,user8220@example.com
8221,Rider_8221,2021-07-10 03:47:00,New York,user8221@example.com
8222,Rider_8222,2022-01-28 17:37:00,Montreal,user8222@example.com
8223,Rider_8223,2021-07-13 00:54:00,Calgary,user8223@example.com
8224,Rider_8224,2023-04-03 05:20:00,Calgary,user8224@example.com
8225,Rider_8225,2022-02-11 09:26:00,New York,user8225@example.com
8226,Rider_8226,2023-09-28 01:45:00,San Francisco,user8226@example.com
8227,Rider_8227,2023-05-01 11:26:00,Chicago,user8227@example.com
8228,Rider_8228,2023-02-14 07:27:00,Vancouver,user8228@example.com
8229,Rider_8229,2023-03-13 01:19:00,Boston,user8229@example.com
8230,Rider_8230,2022-08-11 08:08:00,Boston,user8230@example.com
8231,Rider_8231,2023-04-01 17:14:00,Boston,user8231@example.com
8232,Rider_8232,2022-09-13 22:13:00,Toronto,user8232@example.com
8233,Rider_8233,2022-01-12 06:53:00,San Francisco,user8233@example.com
8234,Rider_8234,2023-11-12 11:15:00,Chicago,user8234@example.com
8235,Rider_8235,2021-08-08 19:32:00,Toronto,user8235@example.com
8236,Rider_8236,2023-08-20 16:46:00,Montreal,user8236@example.com
8237,Rider_8237,2024-02-02 18:51:00,San Francisco,user8237@example.com
8238,Rider_8238,2023-03-22 11:15:00,Chicago,user8238@example.com
8239,Rider_8239,2023-09-30 06:16:00,Ottawa,user8239@example.com
8240,Rider_8240,2022-09-26 05:57:00,San Francisco,user8240@example.com
8241,Rider_8241,2021-09-04 08:46:00,San Francisco,user8241@example.com
8242,Rider_8242,2022-01-13 01:06:00,New York,user8242@example.com
8243,Rider_8243,2024-03-21 03:35:00,Montreal,user8243@example.com
8244,Rider_8244,2022-07-27 01:35:00,Chicago,user8244@example.com
8245,Rider_8245,2022-11-01 08:42:00,Calgary,user8245@example.com
8246,Rider_8246,2021-06-11 16:51:00,Boston,user8246@example.com
8247,Rider_8247,2024-04-24 00:56:00,San Francisco,user8247@example.com
8248,Rider_8248,2021-05-08 15:27:00,San Francisco,user8248@example.com
8249,Rider_8249,2021-03-05 08:20:00,Vancouver,user8249@example.com
8250,Rider_8250,2022-03-30 00:34:00,Montreal,user8250@example.com
8251,Rider_8251,2021-09-01 09:09:00,Montreal,user8251@example.com
8252,Rider_8252,2024-03-11 12:56:00,Los Angeles,user8252@example.com
8253,Rider_8253,2024-03-22 23:32:00,Los Angeles,user8253@example.com
8254,Rider_8254,2021-03-07 17:46:00,San Francisco,user8254@example.com
8255,Rider_8255,2022-09-19 11:20:00,Chicago,user8255@example.com
8256,Rider_8256,2024-01-26 05:27:00,Boston,user8256@example.com
8257,Rider_8257,2022-06-13 01:32:00,Los Angeles,user8257@example.com
8258,Rider_8258,2023-11-28 06:55:00,Calgary,user8258@example.com
8259,Rider_8259,2022-04-02 10:53:00,Chicago,user8259@example.com
8260,Rider_8260,2024-02-07 20:16:00,Boston,user8260@example.com
8261,Rider_8261,2023-11-05 17:36:00,New York,user8261@example.com
8262,Rider_8262,2022-12-31 20:36:00,Toronto,user8262@example.com
8263,Rider_8263,2022-04-24 00:59:00,Montreal,user8263@example.com
8264,Rider_8264,2024-05-15 11:23:00,Montreal,user8264@example.com
8265,Rider_8265,2022-03-28 10:22:00,San Francisco,user8265@example.com
8266,Rider_8266,2023-06-14 08:00:00,Calgary,user8266@example.com
8267,Rider_8267,2023-02-24 19:49:00,Calgary,user8267@example.com
8268,Rider_8268,2024-04-14 07:37:00,New York,user8268@example.com
8269,Rider_8269,2024-02-10 05:27:00,Boston,user8269@example.com
8270,Rider_8270,2022-07-27 05:53:00,Toronto,user8270@example.com
8271,Rider_8271,2023-05-14 20:32:00,Boston,user8271@example.com
8272,Rider_8272,2023-03-17 20:17:00,Calgary,user8272@example.com
8273,Rider_8273,2022-03-04 20:53:00,Chicago,user8273@example.com
8274,Rider_8274,2024-02-02 00:24:00,Los Angeles,user8274@example.com
8275,Rider_8275,2022-12-25 09:54:00,Chicago,user8275@example.com
8276,Rider_8276,2023-12-20 01:08:00,Ottawa,user8276@example.com
8277,Rider_8277,2023-11-13 12:31:00,New York,user8277@example.com
8278,Rider_8278,2021-02-28 07:37:00,Los Angeles,user8278@example.com
8279,Rider_8279,2023-12-03 22:47:00,San Francisco,user8279@example.com
8280,Rider_8280,2022-03-29 15:17:00,New York,user8280@example.com
8281,Rider_8281,2021-11-14 21:31:00,Boston,user8281@example.com
8282,Rider_8282,2021-11-21 13:44:00,Boston,user8282@example.com
8283,Rider_8283,2021-10-29 21:06:00,Los Angeles,user8283@example.com
8284,Rider_8284,2022-02-05 08:23:00,Calgary,user8284@example.com
8285,Rider_8285,2022-05-05 10:48:00,Ottawa,user8285@example.com
8286,Rider_8286,2022-09-06 04:13:00,Toronto,user8286@example.com
8287,Rider_8287,2024-06-07 04:08:00,Boston,user8287@example.com
8288,Rider_8288,2024-06-05 23:55:00,Chicago,user8288@example.com
8289,Rider_8289,2021-05-20 21:35:00,Toronto,user8289@example.com
8290,Rider_8290,2024-01-10 23:23:00,Toronto,user8290@example.com
8291,Rider_8291,2022-12-08 10:04:00,Ottawa,user8291@example.com
8292,Rider_8292,2022-12-26 14:31:00,Calgary,user8292@example.com
8293,Rider_8293,2023-04-26 15:52:00,Toronto,user8293@example.com
8294,Rider_8294,2023-08-01 02:20:00,New York,user8294@example.com
8295,Rider_8295,2022-01-10 12:43:00,Boston,user8295@example.com
8296,Rider_8296,2021-05-23 00:20:00,Ottawa,user8296@example.com
8297,Rider_8297,2023-02-05 04:45:00,Boston,user8297@example.com
8298,Rider_8298,2021-07-29 06:14:00,Boston,user8298@example.com
8299,Rider_8299,2023-09-28 11:06:00,Montreal,user8299@example.com
8300,Rider_8300,2021-12-17 15:21:00,Los Angeles,user8300@example.com
8301,Rider_8301,2022-09-24 16:53:00,New York,user8301@example.com
8302,Rider_8302,2024-01-29 16:50:00,New York,user8302@example.com
8303,Rider_8303,2021-05-11 06:43:00,Toronto,user8303@example.com
8304,Rider_8304,2024-03-28 17:19:00,Ottawa,user8304@example.com
8305,Rider_8305,2023-02-11 13:03:00,Calgary,user8305@example.com
8306,Rider_8306,2022-08-28 19:40:00,Los Angeles,user8306@example.com
8307,Rider_8307,2022-12-19 05:54:00,Toronto,user8307@example.com
8308,Rider_8308,2022-09-25 13:25:00,Calgary,user8308@example.com
8309,Rider_8309,2024-01-24 22:12:00,Calgary,user8309@example.com
8310,Rider_8310,2021-01-14 00:30:00,Calgary,user8310@example.com
8311,Rider_8311,2021-10-15 02:55:00,New York,user8311@example.com
8312,Rider_8312,2021-02-11 06:34:00,Boston,user8312@example.com
8313,Rider_8313,2023-06-30 11:01:00,New York,user8313@example.com
8314,Rider_8314,2022-06-04 18:21:00,Toronto,user8314@example.com
8315,Rider_8315,2021-06-24 00:12:00,Montreal,user8315@example.com
8316,Rider_8316,2021-07-18 16:43:00,Calgary,user8316@example.com
8317,Rider_8317,2023-03-25 19:16:00,Ottawa,user8317@example.com
8318,Rider_8318,2022-01-15 15:21:00,New York,user8318@example.com
8319,Rider_8319,2022-06-03 14:54:00,Montreal,user8319@example.com
8320,Rider_8320,2023-09-17 06:52:00,Vancouver,user8320@example.com
8321,Rider_8321,2022-02-14 22:25:00,Vancouver,user8321@example.com
8322,Rider_8322,2023-07-15 23:10:00,San Francisco,user8322@example.com
8323,Rider_8323,2024-01-31 21:40:00,Toronto,user8323@example.com
8324,Rider_8324,2021-01-05 18:36:00,Montreal,user8324@example.com
8325,Rider_8325,2023-11-23 12:44:00,Ottawa,user8325@example.com
8326,Rider_8326,2022-09-01 13:55:00,Boston,user8326@example.com
8327,Rider_8327,2023-08-06 04:51:00,Los Angeles,user8327@example.com
8328,Rider_8328,2021-07-28 01:08:00,Los Angeles,user8328@example.com
8329,Rider_8329,2021-04-29 10:52:00,New York,user8329@example.com
8330,Rider_8330,2023-07-27 19:14:00,San Francisco,user8330@example.com
8331,Rider_8331,2024-06-09 23:34:00,Toronto,user8331@example.com
8332,Rider_8332,2023-03-29 01:15:00,Toronto,user8332@example.com
8333,Rider_8333,2022-03-22 14:01:00,Ottawa,user8333@example.com
8334,Rider_8334,2023-04-18 15:55:00,Toronto,user8334@example.com
8335,Rider_8335,2021-12-17 20:04:00,San Francisco,user8335@example.com
8336,Rider_8336,2022-09-09 17:18:00,Boston,user8336@example.com
8337,Rider_8337,2023-01-12 12:46:00,Calgary,user8337@example.com
8338,Rider_8338,2021-02-10 23:22:00,Los Angeles,user8338@example.com
8339,Rider_8339,2021-08-05 09:14:00,Ottawa,user8339@example.com
8340,Rider_8340,2021-10-30 11:09:00,Montreal,user8340@example.com
8341,Rider_8341,2024-01-29 01:40:00,Chicago,user8341@example.com
8342,Rider_8342,2021-12-01 21:36:00,Chicago,user8342@example.com
8343,Rider_8343,2023-07-25 02:51:00,Ottawa,user8343@example.com
8344,Rider_8344,2021-08-18 17:27:00,Calgary,user8344@example.com
8345,Rider_8345,2022-01-09 01:09:00,Toronto,user8345@example.com
8346,Rider_8346,2022-03-04 05:28:00,Vancouver,user8346@example.com
8347,Rider_8347,2022-06-09 14:10:00,Los Angeles,user8347@example.com
8348,Rider_8348,2021-04-30 05:14:00,Montreal,user8348@example.com
8349,Rider_8349,2022-02-01 08:34:00,Toronto,user8349@example.com
8350,Rider_8350,2023-12-17 07:01:00,New York,user8350@example.com
8351,Rider_8351,2021-07-22 00:42:00,San Francisco,user8351@example.com
8352,Rider_8352,2023-04-13 19:26:00,Calgary,user8352@example.com
8353,Rider_8353,2024-03-06 15:35:00,Montreal,user8353@example.com
8354,Rider_8354,2022-07-24 20:38:00,New York,user8354@example.com
8355,Rider_8355,2024-04-23 14:37:00,New York,user8355@example.com
8356,Rider_8356,2022-01-05 04:11:00,Los Angeles,user8356@example.com
8357,Rider_8357,2022-09-07 09:10:00,Vancouver,user8357@example.com
8358,Rider_8358,2022-11-08 07:48:00,Montreal,user8358@example.com
8359,Rider_8359,2023-03-18 18:22:00,New York,user8359@example.com
8360,Rider_8360,2021-06-30 23:54:00,Toronto,user8360@example.com
8361,Rider_8361,2022-10-25 13:40:00,Chicago,user8361@example.com
8362,Rider_8362,2021-03-07 11:47:00,New York,user8362@example.com
8363,Rider_8363,2021-03-28 00:59:00,Boston,user8363@example.com
8364,Rider_8364,2021-11-12 15:10:00,Calgary,user8364@example.com
8365,Rider_8365,2022-08-30 18:14:00,Los Angeles,user8365@example.com
8366,Rider_8366,2023-08-02 14:32:00,Montreal,user8366@example.com
8367,Rider_8367,2024-03-30 20:51:00,Toronto,user8367@example.com
8368,Rider_8368,2022-08-24 01:42:00,New York,user8368@example.com
8369,Rider_8369,2023-11-30 23:13:00,Chicago,user8369@example.com
8370,Rider_8370,2021-04-23 21:41:00,Vancouver,user8370@example.com
8371,Rider_8371,2024-03-03 13:37:00,Los Angeles,user8371@example.com
8372,Rider_8372,2021-06-05 06:14:00,Boston,user8372@example.com
8373,Rider_8373,2024-04-07 10:00:00,Chicago,user8373@example.com
8374,Rider_8374,2022-01-30 14:48:00,Boston,user8374@example.com
8375,Rider_8375,2022-07-07 17:00:00,Los Angeles,user8375@example.com
8376,Rider_8376,2022-10-30 15:51:00,New York,user8376@example.com
8377,Rider_8377,2023-05-05 20:21:00,Calgary,user8377@example.com
8378,Rider_8378,2022-11-09 16:13:00,Chicago,user8378@example.com
8379,Rider_8379,2021-06-18 23:22:00,Ottawa,user8379@example.com
8380,Rider_8380,2023-09-01 01:04:00,Vancouver,user8380@example.com
8381,Rider_8381,2022-10-22 09:31:00,Vancouver,user8381@example.com
8382,Rider_8382,2023-09-28 15:41:00,Calgary,user8382@example.com
8383,Rider_8383,2023-08-23 23:13:00,Chicago,user8383@example.com
8384,Rider_8384,2023-03-26 18:29:00,Boston,user8384@example.com
8385,Rider_8385,2022-03-28 02:55:00,San Francisco,user8385@example.com
8386,Rider_8386,2021-06-29 22:24:00,New York,user8386@example.com
8387,Rider_8387,2022-04-18 06:10:00,Boston,user8387@example.com
8388,Rider_8388,2021-01-08 16:53:00,Calgary,user8388@example.com
8389,Rider_8389,2022-11-27 01:23:00,Calgary,user8389@example.com
8390,Rider_8390,2022-06-17 05:23:00,Boston,user8390@example.com
8391,Rider_8391,2022-01-04 19:52:00,San Francisco,user8391@example.com
8392,Rider_8392,2023-11-03 07:32:00,Vancouver,user8392@example.com
8393,Rider_8393,2024-02-19 08:36:00,Calgary,user8393@example.com
8394,Rider_8394,2021-08-01 00:54:00,Calgary,user8394@example.com
8395,Rider_8395,2021-03-13 15:29:00,Montreal,user8395@example.com
8396,Rider_8396,2021-12-30 02:44:00,Boston,user8396@example.com
8397,Rider_8397,2023-08-13 14:32:00,Los Angeles,user8397@example.com
8398,Rider_8398,2021-03-24 22:54:00,Toronto,user8398@example.com
8399,Rider_8399,2023-11-03 04:31:00,Toronto,user8399@example.com
8400,Rider_8400,2022-12-03 10:24:00,Los Angeles,user8400@example.com
8401,Rider_8401,2023-07-30 21:27:00,New York,user8401@example.com
8402,Rider_8402,2023-02-28 05:13:00,New York,user8402@example.com
8403,Rider_8403,2023-05-27 20:39:00,Los Angeles,user8403@example.com
8404,Rider_8404,2024-01-05 03:16:00,Ottawa,user8404@example.com
8405,Rider_8405,2024-06-01 20:41:00,Toronto,user8405@example.com
8406,Rider_8406,2022-03-20 22:04:00,San Francisco,user8406@example.com
8407,Rider_8407,2021-10-10 09:10:00,Ottawa,user8407@example.com
8408,Rider_8408,2024-01-16 04:11:00,New York,user8408@example.com
8409,Rider_8409,2022-02-01 12:11:00,Vancouver,user8409@example.com
8410,Rider_8410,2024-06-08 03:15:00,Ottawa,user8410@example.com
8411,Rider_8411,2022-09-18 19:31:00,Chicago,user8411@example.com
8412,Rider_8412,2024-01-02 23:36:00,Ottawa,user8412@example.com
8413,Rider_8413,2023-08-28 00:02:00,Ottawa,user8413@example.com
8414,Rider_8414,2024-04-05 21:58:00,Montreal,user8414@example.com
8415,Rider_8415,2023-06-09 16:22:00,Ottawa,user8415@example.com
8416,Rider_8416,2024-04-27 11:50:00,Montreal,user8416@example.com
8417,Rider_8417,2023-05-09 14:05:00,San Francisco,user8417@example.com
8418,Rider_8418,2024-03-25 20:00:00,Ottawa,user8418@example.com
8419,Rider_8419,2024-03-04 21:36:00,Ottawa,user8419@example.com
8420,Rider_8420,2021-05-20 06:34:00,Vancouver,user8420@example.com
8421,Rider_8421,2022-04-05 02:48:00,Calgary,user8421@example.com
8422,Rider_8422,2023-04-12 12:06:00,Chicago,user8422@example.com
8423,Rider_8423,2023-06-19 21:06:00,Los Angeles,user8423@example.com
8424,Rider_8424,2023-09-17 04:46:00,Montreal,user8424@example.com
8425,Rider_8425,2022-01-21 13:35:00,Ottawa,user8425@example.com
8426,Rider_8426,2022-05-29 04:28:00,Chicago,user8426@example.com
8427,Rider_8427,2021-06-09 22:01:00,Ottawa,user8427@example.com
8428,Rider_8428,2021-02-03 01:07:00,San Francisco,user8428@example.com
8429,Rider_8429,2022-04-26 22:28:00,Calgary,user8429@example.com
8430,Rider_8430,2023-08-20 05:55:00,Ottawa,user8430@example.com
8431,Rider_8431,2021-09-30 01:04:00,Boston,user8431@example.com
8432,Rider_8432,2021-06-18 07:45:00,Boston,user8432@example.com
8433,Rider_8433,2024-04-27 04:59:00,Chicago,user8433@example.com
8434,Rider_8434,2022-04-03 09:12:00,Boston,user8434@example.com
8435,Rider_8435,2024-04-20 21:23:00,Chicago,user8435@example.com
8436,Rider_8436,2022-09-20 22:07:00,Montreal,user8436@example.com
8437,Rider_8437,2023-05-20 16:40:00,Ottawa,user8437@example.com
8438,Rider_8438,2022-09-26 12:35:00,New York,user8438@example.com
8439,Rider_8439,2023-12-23 21:52:00,Ottawa,user8439@example.com
8440,Rider_8440,2023-05-17 16:20:00,New York,user8440@example.com
8441,Rider_8441,2021-08-29 18:50:00,Vancouver,user8441@example.com
8442,Rider_8442,2023-09-22 13:51:00,Montreal,user8442@example.com
8443,Rider_8443,2022-12-12 04:57:00,Toronto,user8443@example.com
8444,Rider_8444,2021-02-17 09:52:00,Montreal,user8444@example.com
8445,Rider_8445,2021-09-28 04:00:00,Vancouver,user8445@example.com
8446,Rider_8446,2022-04-26 19:03:00,Boston,user8446@example.com
8447,Rider_8447,2024-01-31 07:38:00,Calgary,user8447@example.com
8448,Rider_8448,2023-03-19 18:46:00,Boston,user8448@example.com
8449,Rider_8449,2021-12-09 09:00:00,Ottawa,user8449@example.com
8450,Rider_8450,2023-11-08 00:52:00,Los Angeles,user8450@example.com
8451,Rider_8451,2022-07-17 00:56:00,Ottawa,user8451@example.com
8452,Rider_8452,2023-03-20 02:46:00,Boston,user8452@example.com
8453,Rider_8453,2023-10-19 00:23:00,Chicago,user8453@example.com
8454,Rider_8454,2024-03-21 23:27:00,Calgary,user8454@example.com
8455,Rider_8455,2022-03-19 06:26:00,New York,user8455@example.com
8456,Rider_8456,2022-06-20 10:42:00,New York,user8456@example.com
8457,Rider_8457,2023-10-28 20:09:00,Montreal,user8457@example.com
8458,Rider_8458,2021-08-10 07:09:00,Toronto,user8458@example.com
8459,Rider_8459,2023-08-06 14:42:00,Ottawa,user8459@example.com
8460,Rider_8460,2022-06-15 06:04:00,Montreal,user8460@example.com
8461,Rider_8461,2023-05-04 05:36:00,New York,user8461@example.com
8462,Rider_8462,2022-09-24 01:23:00,Chicago,user8462@example.com
8463,Rider_8463,2024-03-31 10:37:00,Ottawa,user8463@example.com
8464,Rider_8464,2023-04-26 20:26:00,Los Angeles,user8464@example.com
8465,Rider_8465,2022-11-06 10:07:00,Chicago,user8465@example.com
8466,Rider_8466,2021-05-26 05:50:00,San Francisco,user8466@example.com
8467,Rider_8467,2022-08-18 02:10:00,Calgary,user8467@example.com
8468,Rider_8468,2022-08-11 15:54:00,Ottawa,user8468@example.com
8469,Rider_8469,2022-09-25 03:15:00,Los Angeles,user8469@example.com
8470,Rider_8470,2021-12-03 12:37:00,Toronto,user8470@example.com
8471,Rider_8471,2023-05-23 17:12:00,New York,user8471@example.com
8472,Rider_8472,2024-06-10 08:05:00,Vancouver,user8472@example.com
8473,Rider_8473,2021-06-02 15:07:00,Montreal,user8473@example.com
8474,Rider_8474,2024-04-05 16:51:00,Chicago,user8474@example.com
8475,Rider_8475,2024-06-07 23:48:00,Boston,user8475@example.com
8476,Rider_8476,2022-05-03 07:23:00,Calgary,user8476@example.com
8477,Rider_8477,2022-06-08 06:46:00,Ottawa,user8477@example.com
8478,Rider_8478,2022-01-27 08:39:00,Toronto,user8478@example.com
8479,Rider_8479,2024-04-22 08:48:00,Boston,user8479@example.com
8480,Rider_8480,2022-09-12 07:30:00,San Francisco,user8480@example.com
8481,Rider_8481,2021-08-20 09:20:00,Calgary,user8481@example.com
8482,Rider_8482,2023-07-02 19:44:00,Boston,user8482@example.com
8483,Rider_8483,2023-03-02 18:03:00,San Francisco,user8483@example.com
8484,Rider_8484,2023-08-31 12:30:00,San Francisco,user8484@example.com
8485,Rider_8485,2021-02-15 18:07:00,New York,user8485@example.com
8486,Rider_8486,2023-01-14 04:41:00,Chicago,user8486@example.com
8487,Rider_8487,2021-01-02 12:28:00,Boston,user8487@example.com
8488,Rider_8488,2023-11-04 06:16:00,New York,user8488@example.com
8489,Rider_8489,2022-11-06 13:56:00,Calgary,user8489@example.com
8490,Rider_8490,2022-08-30 21:20:00,Ottawa,user8490@example.com
8491,Rider_8491,2021-04-08 06:04:00,Montreal,user8491@example.com
8492,Rider_8492,2021-07-01 10:01:00,New York,user8492@example.com
8493,Rider_8493,2023-02-22 18:43:00,Montreal,user8493@example.com
8494,Rider_8494,2021-04-27 14:19:00,Boston,user8494@example.com
8495,Rider_8495,2023-11-05 04:35:00,Toronto,user8495@example.com
8496,Rider_8496,2023-08-09 12:54:00,Boston,user8496@example.com
8497,Rider_8497,2021-02-09 14:09:00,Los Angeles,user8497@example.com
8498,Rider_8498,2021-04-13 20:57:00,New York,user8498@example.com
8499,Rider_8499,2023-03-31 22:16:00,Montreal,user8499@example.com
8500,Rider_8500,2023-08-09 19:32:00,New York,user8500@example.com
8501,Rider_8501,2021-05-05 10:30:00,San Francisco,user8501@example.com
8502,Rider_8502,2023-09-06 10:57:00,San Francisco,user8502@example.com
8503,Rider_8503,2021-04-24 15:42:00,Ottawa,user8503@example.com
8504,Rider_8504,2021-03-26 09:19:00,Los Angeles,user8504@example.com
8505,Rider_8505,2022-09-26 11:33:00,Vancouver,user8505@example.com
8506,Rider_8506,2023-09-05 22:50:00,Chicago,user8506@example.com
8507,Rider_8507,2021-11-01 07:39:00,Calgary,user8507@example.com
8508,Rider_8508,2022-11-20 15:55:00,Ottawa,user8508@example.com
8509,Rider_8509,2023-09-01 23:25:00,Montreal,user8509@example.com
8510,Rider_8510,2021-03-20 03:17:00,Chicago,user8510@example.com
8511,Rider_8511,2021-12-09 13:14:00,Los Angeles,user8511@example.com
8512,Rider_8512,2022-02-24 14:51:00,San Francisco,user8512@example.com
8513,Rider_8513,2023-02-09 08:57:00,New York,user8513@example.com
8514,Rider_8514,2022-11-19 16:51:00,Vancouver,user8514@example.com
8515,Rider_8515,2022-03-14 07:06:00,Ottawa,user8515@example.com
8516,Rider_8516,2021-09-10 03:26:00,Montreal,user8516@example.com
8517,Rider_8517,2024-01-15 15:36:00,New York,user8517@example.com
8518,Rider_8518,2021-08-06 01:31:00,Vancouver,user8518@example.com
8519,Rider_8519,2024-03-31 05:26:00,Montreal,user8519@example.com
8520,Rider_8520,2023-11-09 23:21:00,Montreal,user8520@example.com
8521,Rider_8521,2023-07-16 08:07:00,Chicago,user8521@example.com
8522,Rider_8522,2022-06-20 05:46:00,Chicago,user8522@example.com
8523,Rider_8523,2023-05-13 21:13:00,New York,user8523@example.com
8524,Rider_8524,2024-03-04 15:47:00,Toronto,user8524@example.com
8525,Rider_8525,2024-02-01 05:31:00,Vancouver,user8525@example.com
8526,Rider_8526,2022-08-21 06:11:00,Vancouver,user8526@example.com
8527,Rider_8527,2021-09-08 01:27:00,New York,user8527@example.com
8528,Rider_8528,2023-12-23 07:03:00,Ottawa,user8528@example.com
8529,Rider_8529,2021-04-14 18:15:00,Ottawa,user8529@example.com
8530,Rider_8530,2021-02-05 07:37:00,San Francisco,user8530@example.com
8531,Rider_8531,2023-03-25 23:26:00,Montreal,user8531@example.com
8532,Rider_8532,2022-02-13 05:51:00,Calgary,user8532@example.com
8533,Rider_8533,2021-10-31 08:08:00,Toronto,user8533@example.com
8534,Rider_8534,2021-11-11 19:57:00,Boston,user8534@example.com
8535,Rider_8535,2021-12-27 13:48:00,Vancouver,user8535@example.com
8536,Rider_8536,2021-07-26 02:08:00,Toronto,user8536@example.com
8537,Rider_8537,2022-07-10 22:41:00,Los Angeles,user8537@example.com
8538,Rider_8538,2021-11-11 18:10:00,Chicago,user8538@example.com
8539,Rider_8539,2022-09-16 10:00:00,Los Angeles,user8539@example.com
8540,Rider_8540,2022-12-27 18:12:00,Toronto,user8540@example.com
8541,Rider_8541,2021-05-03 22:57:00,Calgary,user8541@example.com
8542,Rider_8542,2021-01-17 12:44:00,Vancouver,user8542@example.com
8543,Rider_8543,2021-09-13 04:32:00,Boston,user8543@example.com
8544,Rider_8544,2021-05-03 02:13:00,Toronto,user8544@example.com
8545,Rider_8545,2021-09-11 19:21:00,Ottawa,user8545@example.com
8546,Rider_8546,2022-08-14 01:04:00,New York,user8546@example.com
8547,Rider_8547,2021-12-07 00:06:00,Toronto,user8547@example.com
8548,Rider_8548,2022-01-05 16:16:00,Montreal,user8548@example.com
8549,Rider_8549,2023-11-07 05:43:00,Calgary,user8549@example.com
8550,Rider_8550,2021-07-25 14:35:00,Los Angeles,user8550@example.com
8551,Rider_8551,2023-02-10 02:49:00,Vancouver,user8551@example.com
8552,Rider_8552,2023-06-10 19:13:00,Calgary,user8552@example.com
8553,Rider_8553,2022-08-08 01:35:00,Los Angeles,user8553@example.com
8554,Rider_8554,2021-10-23 18:08:00,Toronto,user8554@example.com
8555,Rider_8555,2022-11-27 03:36:00,Boston,user8555@example.com
8556,Rider_8556,2023-11-04 12:13:00,Toronto,user8556@example.com
8557,Rider_8557,2022-04-06 22:49:00,Calgary,user8557@example.com
8558,Rider_8558,2022-02-16 00:57:00,San Francisco,user8558@example.com
8559,Rider_8559,2021-03-18 09:43:00,Ottawa,user8559@example.com
8560,Rider_8560,2023-06-19 03:28:00,Chicago,user8560@example.com
8561,Rider_8561,2021-03-16 05:34:00,Los Angeles,user8561@example.com
8562,Rider_8562,2022-09-07 12:36:00,Chicago,user8562@example.com
8563,Rider_8563,2023-03-04 16:11:00,San Francisco,user8563@example.com
8564,Rider_8564,2021-05-27 19:49:00,New York,user8564@example.com
8565,Rider_8565,2022-03-04 19:20:00,Montreal,user8565@example.com
8566,Rider_8566,2021-03-24 04:15:00,San Francisco,user8566@example.com
8567,Rider_8567,2022-12-03 18:02:00,Boston,user8567@example.com
8568,Rider_8568,2023-11-26 12:37:00,Boston,user8568@example.com
8569,Rider_8569,2021-06-07 20:29:00,San Francisco,user8569@example.com
8570,Rider_8570,2023-01-01 17:42:00,Montreal,user8570@example.com
8571,Rider_8571,2021-06-18 05:04:00,Calgary,user8571@example.com
8572,Rider_8572,2022-12-21 13:32:00,Chicago,user8572@example.com
8573,Rider_8573,2023-11-03 13:51:00,Vancouver,user8573@example.com
8574,Rider_8574,2021-09-22 13:55:00,Calgary,user8574@example.com
8575,Rider_8575,2021-04-27 18:51:00,Chicago,user8575@example.com
8576,Rider_8576,2021-09-08 20:17:00,New York,user8576@example.com
8577,Rider_8577,2023-02-03 15:15:00,Toronto,user8577@example.com
8578,Rider_8578,2023-04-14 00:37:00,Ottawa,user8578@example.com
8579,Rider_8579,2021-06-08 23:26:00,Chicago,user8579@example.com
8580,Rider_8580,2022-02-10 14:27:00,Boston,user8580@example.com
8581,Rider_8581,2022-10-15 05:48:00,Calgary,user8581@example.com
8582,Rider_8582,2023-06-09 09:05:00,Chicago,user8582@example.com
8583,Rider_8583,2022-06-13 09:14:00,Calgary,user8583@example.com
8584,Rider_8584,2024-05-03 12:20:00,Vancouver,user8584@example.com
8585,Rider_8585,2022-11-12 07:15:00,Ottawa,user8585@example.com
8586,Rider_8586,2024-03-23 07:45:00,Boston,user8586@example.com
8587,Rider_8587,2021-12-26 19:44:00,Montreal,user8587@example.com
8588,Rider_8588,2022-01-13 12:47:00,Calgary,user8588@example.com
8589,Rider_8589,2023-03-12 11:47:00,Toronto,user8589@example.com
8590,Rider_8590,2023-04-25 07:35:00,Chicago,user8590@example.com
8591,Rider_8591,2022-09-27 11:11:00,Los Angeles,user8591@example.com
8592,Rider_8592,2022-06-10 19:07:00,New York,user8592@example.com
8593,Rider_8593,2023-06-09 05:33:00,Boston,user8593@example.com
8594,Rider_8594,2024-02-22 15:55:00,Vancouver,user8594@example.com
8595,Rider_8595,2023-02-05 13:53:00,New York,user8595@example.com
8596,Rider_8596,2023-04-27 00:05:00,Ottawa,user8596@example.com
8597,Rider_8597,2022-09-18 16:46:00,Montreal,user8597@example.com
8598,Rider_8598,2022-12-06 14:27:00,Toronto,user8598@example.com
8599,Rider_8599,2023-12-24 14:03:00,Vancouver,user8599@example.com
8600,Rider_8600,2022-09-18 12:13:00,New York,user8600@example.com
8601,Rider_8601,2022-01-02 12:51:00,Vancouver,user8601@example.com
8602,Rider_8602,2023-03-17 02:46:00,Montreal,user8602@example.com
8603,Rider_8603,2024-05-15 22:57:00,Chicago,user8603@example.com
8604,Rider_8604,2022-07-22 03:24:00,New York,user8604@example.com
8605,Rider_8605,2022-08-08 06:39:00,New York,user8605@example.com
8606,Rider_8606,2021-08-12 02:53:00,Calgary,user8606@example.com
8607,Rider_8607,2023-10-21 13:57:00,Toronto,user8607@example.com
8608,Rider_8608,2021-10-08 07:37:00,Chicago,user8608@example.com
8609,Rider_8609,2023-09-05 09:20:00,Boston,user8609@example.com
8610,Rider_8610,2022-05-25 08:38:00,Los Angeles,user8610@example.com
8611,Rider_8611,2021-05-14 21:21:00,Chicago,user8611@example.com
8612,Rider_8612,2023-11-21 09:31:00,Montreal,user8612@example.com
8613,Rider_8613,2021-01-24 00:58:00,Los Angeles,user8613@example.com
8614,Rider_8614,2023-04-18 10:09:00,Los Angeles,user8614@example.com
8615,Rider_8615,2021-06-12 22:59:00,Vancouver,user8615@example.com
8616,Rider_8616,2022-09-22 01:03:00,San Francisco,user8616@example.com
8617,Rider_8617,2021-08-22 13:06:00,Ottawa,user8617@example.com
8618,Rider_8618,2023-03-24 04:47:00,Toronto,user8618@example.com
8619,Rider_8619,2021-04-24 00:26:00,Chicago,user8619@example.com
8620,Rider_8620,2021-08-04 12:45:00,Ottawa,user8620@example.com
8621,Rider_8621,2023-06-02 03:37:00,Los Angeles,user8621@example.com
8622,Rider_8622,2022-12-11 11:58:00,Montreal,user8622@example.com
8623,Rider_8623,2021-03-03 06:14:00,Ottawa,user8623@example.com
8624,Rider_8624,2023-07-07 12:23:00,Calgary,user8624@example.com
8625,Rider_8625,2024-04-15 03:31:00,Calgary,user8625@example.com
8626,Rider_8626,2022-01-01 09:36:00,San Francisco,user8626@example.com
8627,Rider_8627,2023-08-27 11:24:00,Montreal,user8627@example.com
8628,Rider_8628,2023-04-22 17:55:00,Ottawa,user8628@example.com
8629,Rider_8629,2024-05-01 21:22:00,San Francisco,user8629@example.com
8630,Rider_8630,2021-01-26 02:43:00,Calgary,user8630@example.com
8631,Rider_8631,2021-07-17 02:12:00,Chicago,user8631@example.com
8632,Rider_8632,2022-05-30 00:09:00,New York,user8632@example.com
8633,Rider_8633,2023-07-30 02:14:00,New York,user8633@example.com
8634,Rider_8634,2023-10-26 20:50:00,Boston,user8634@example.com
8635,Rider_8635,2022-11-04 21:02:00,Calgary,user8635@example.com
8636,Rider_8636,2024-01-19 10:24:00,Ottawa,user8636@example.com
8637,Rider_8637,2023-02-28 03:47:00,San Francisco,user8637@example.com
8638,Rider_8638,2023-10-05 05:00:00,San Francisco,user8638@example.com
8639,Rider_8639,2022-04-09 03:21:00,Chicago,user8639@example.com
8640,Rider_8640,2022-06-09 15:08:00,Ottawa,user8640@example.com
8641,Rider_8641,2023-03-07 16:24:00,Ottawa,user8641@example.com
8642,Rider_8642,2023-09-05 22:03:00,Calgary,user8642@example.com
8643,Rider_8643,2023-10-03 12:00:00,Toronto,user8643@example.com
8644,Rider_8644,2022-03-17 12:06:00,Toronto,user8644@example.com
8645,Rider_8645,2022-12-03 22:41:00,Los Angeles,user8645@example.com
8646,Rider_8646,2023-02-28 10:16:00,Calgary,user8646@example.com
8647,Rider_8647,2024-06-12 16:39:00,Vancouver,user8647@example.com
8648,Rider_8648,2023-12-17 01:55:00,New York,user8648@example.com
8649,Rider_8649,2021-05-23 09:32:00,Vancouver,user8649@example.com
8650,Rider_8650,2021-10-06 03:10:00,Los Angeles,user8650@example.com
8651,Rider_8651,2023-04-26 00:37:00,Boston,user8651@example.com
8652,Rider_8652,2022-11-27 06:57:00,Montreal,user8652@example.com
8653,Rider_8653,2023-01-12 22:16:00,Montreal,user8653@example.com
8654,Rider_8654,2023-04-18 17:26:00,Boston,user8654@example.com
8655,Rider_8655,2021-02-10 17:28:00,Chicago,user8655@example.com
8656,Rider_8656,2022-12-04 04:01:00,Ottawa,user8656@example.com
8657,Rider_8657,2022-08-15 00:08:00,San Francisco,user8657@example.com
8658,Rider_8658,2023-08-12 20:28:00,Toronto,user8658@example.com
8659,Rider_8659,2024-01-23 13:30:00,Toronto,user8659@example.com
8660,Rider_8660,2023-02-08 19:08:00,Vancouver,user8660@example.com
8661,Rider_8661,2023-04-07 17:45:00,Ottawa,user8661@example.com
8662,Rider_8662,2022-08-21 06:14:00,Vancouver,user8662@example.com
8663,Rider_8663,2021-08-21 21:18:00,Calgary,user8663@example.com
8664,Rider_8664,2023-06-12 14:22:00,Ottawa,user8664@example.com
8665,Rider_8665,2023-02-25 17:47:00,Montreal,user8665@example.com
8666,Rider_8666,2024-01-22 05:06:00,Vancouver,user8666@example.com
8667,Rider_8667,2021-07-21 03:38:00,Chicago,user8667@example.com
8668,Rider_8668,2023-03-13 18:13:00,Los Angeles,user8668@example.com
8669,Rider_8669,2021-11-01 17:08:00,Ottawa,user8669@example.com
8670,Rider_8670,2024-03-10 17:14:00,Vancouver,user8670@example.com
8671,Rider_8671,2024-05-13 01:01:00,New York,user8671@example.com
8672,Rider_8672,2022-05-10 09:21:00,Calgary,user8672@example.com
8673,Rider_8673,2021-01-02 00:24:00,Calgary,user8673@example.com
8674,Rider_8674,2023-09-27 17:15:00,Montreal,user8674@example.com
8675,Rider_8675,2023-11-26 23:25:00,Chicago,user8675@example.com
8676,Rider_8676,2022-07-27 17:25:00,Boston,user8676@example.com
8677,Rider_8677,2023-12-17 10:10:00,New York,user8677@example.com
8678,Rider_8678,2021-02-16 10:40:00,San Francisco,user8678@example.com
8679,Rider_8679,2024-03-19 17:35:00,Los Angeles,user8679@example.com
8680,Rider_8680,2022-08-15 18:26:00,Montreal,user8680@example.com
8681,Rider_8681,2022-05-31 13:16:00,Ottawa,user8681@example.com
8682,Rider_8682,2023-06-04 05:04:00,Vancouver,user8682@example.com
8683,Rider_8683,2021-02-17 14:07:00,New York,user8683@example.com
8684,Rider_8684,2021-09-18 20:29:00,Toronto,user8684@example.com
8685,Rider_8685,2023-04-22 14:39:00,San Francisco,user8685@example.com
8686,Rider_8686,2024-04-24 04:04:00,Chicago,user8686@example.com
8687,Rider_8687,2022-08-05 19:27:00,Los Angeles,user8687@example.com
8688,Rider_8688,2022-01-26 05:37:00,San Francisco,user8688@example.com
8689,Rider_8689,2023-03-25 08:39:00,Chicago,user8689@example.com
8690,Rider_8690,2022-12-17 15:36:00,Montreal,user8690@example.com
8691,Rider_8691,2022-09-05 03:52:00,Ottawa,user8691@example.com
8692,Rider_8692,2021-08-07 00:46:00,Boston,user8692@example.com
8693,Rider_8693,2023-08-08 18:10:00,Los Angeles,user8693@example.com
8694,Rider_8694,2021-10-16 10:59:00,San Francisco,user8694@example.com
8695,Rider_8695,2023-09-12 19:19:00,Boston,user8695@example.com
8696,Rider_8696,2023-11-28 19:40:00,Chicago,user8696@example.com
8697,Rider_8697,2024-02-23 13:21:00,Calgary,user8697@example.com
8698,Rider_8698,2022-02-23 06:27:00,Ottawa,user8698@example.com
8699,Rider_8699,2021-12-12 04:06:00,Montreal,user8699@example.com
8700,Rider_8700,2023-04-29 11:08:00,Boston,user8700@example.com
8701,Rider_8701,2021-06-10 03:56:00,Ottawa,user8701@example.com
8702,Rider_8702,2022-09-21 23:48:00,Los Angeles,user8702@example.com
8703,Rider_8703,2022-02-10 00:39:00,Chicago,user8703@example.com
8704,Rider_8704,2023-11-30 06:51:00,Toronto,user8704@example.com
8705,Rider_8705,2021-10-17 21:01:00,Los Angeles,user8705@example.com
8706,Rider_8706,2024-03-28 22:42:00,Calgary,user8706@example.com
8707,Rider_8707,2024-01-28 05:48:00,Los Angeles,user8707@example.com
8708,Rider_8708,2021-10-04 08:32:00,Vancouver,user8708@example.com
8709,Rider_8709,2022-08-28 09:49:00,Los Angeles,user8709@example.com
8710,Rider_8710,2023-06-13 22:05:00,Chicago,user8710@example.com
8711,Rider_8711,2022-09-20 01:12:00,Chicago,user8711@example.com
8712,Rider_8712,2021-12-11 07:47:00,Ottawa,user8712@example.com
8713,Rider_8713,2022-06-18 08:05:00,Boston,user8713@example.com
8714,Rider_8714,2023-08-03 09:33:00,Calgary,user8714@example.com
8715,Rider_8715,2021-06-08 19:03:00,Los Angeles,user8715@example.com
8716,Rider_8716,2023-02-23 16:25:00,Boston,user8716@example.com
8717,Rider_8717,2023-05-20 19:50:00,Toronto,user8717@example.com
8718,Rider_8718,2022-07-28 13:56:00,Montreal,user8718@example.com
8719,Rider_8719,2021-02-09 20:38:00,Los Angeles,user8719@example.com
8720,Rider_8720,2023-03-18 03:17:00,Vancouver,user8720@example.com
8721,Rider_8721,2022-08-24 01:31:00,San Francisco,user8721@example.com
8722,Rider_8722,2022-05-19 21:37:00,Calgary,user8722@example.com
8723,Rider_8723,2023-08-06 10:07:00,New York,user8723@example.com
8724,Rider_8724,2024-03-20 09:16:00,Los Angeles,user8724@example.com
8725,Rider_8725,2024-04-15 19:38:00,Vancouver,user8725@example.com
8726,Rider_8726,2022-02-11 13:08:00,San Francisco,user8726@example.com
8727,Rider_8727,2021-01-12 19:26:00,Boston,user8727@example.com
8728,Rider_8728,2022-04-22 07:35:00,Boston,user8728@example.com
8729,Rider_8729,2021-07-06 09:05:00,Ottawa,user8729@example.com
8730,Rider_8730,2023-06-16 06:47:00,Calgary,user8730@example.com
8731,Rider_8731,2021-06-25 20:17:00,Toronto,user8731@example.com
8732,Rider_8732,2023-07-20 12:22:00,Vancouver,user8732@example.com
8733,Rider_8733,2021-09-14 00:44:00,Vancouver,user8733@example.com
8734,Rider_8734,2021-11-06 08:46:00,New York,user8734@example.com
8735,Rider_8735,2023-12-31 16:36:00,Calgary,user8735@example.com
8736,Rider_8736,2023-06-24 01:40:00,Los Angeles,user8736@example.com
8737,Rider_8737,2022-02-23 02:02:00,Boston,user8737@example.com
8738,Rider_8738,2021-05-14 14:41:00,New York,user8738@example.com
8739,Rider_8739,2021-11-23 12:17:00,Los Angeles,user8739@example.com
8740,Rider_8740,2022-04-23 19:25:00,Montreal,user8740@example.com
8741,Rider_8741,2022-05-21 06:02:00,Toronto,user8741@example.com
8742,Rider_8742,2022-12-06 18:17:00,San Francisco,user8742@example.com
8743,Rider_8743,2022-05-23 14:47:00,Toronto,user8743@example.com
8744,Rider_8744,2021-11-11 06:11:00,Los Angeles,user8744@example.com
8745,Rider_8745,2021-12-03 11:16:00,Toronto,user8745@example.com
8746,Rider_8746,2022-07-23 17:34:00,Chicago,user8746@example.com
8747,Rider_8747,2021-11-30 03:55:00,Ottawa,user8747@example.com
8748,Rider_8748,2023-01-10 05:11:00,Montreal,user8748@example.com
8749,Rider_8749,2021-06-01 06:30:00,Calgary,user8749@example.com
8750,Rider_8750,2024-05-25 21:33:00,Boston,user8750@example.com
8751,Rider_8751,2022-11-26 21:33:00,Montreal,user8751@example.com
8752,Rider_8752,2021-03-13 03:15:00,Los Angeles,user8752@example.com
8753,Rider_8753,2023-08-23 08:00:00,New York,user8753@example.com
8754,Rider_8754,2021-08-21 12:43:00,San Francisco,user8754@example.com
8755,Rider_8755,2022-03-17 08:51:00,Toronto,user8755@example.com
8756,Rider_8756,2021-02-24 16:03:00,Toronto,user8756@example.com
8757,Rider_8757,2021-10-03 11:08:00,Los Angeles,user8757@example.com
8758,Rider_8758,2022-08-18 20:45:00,Vancouver,user8758@example.com
8759,Rider_8759,2023-04-03 02:27:00,Ottawa,user8759@example.com
8760,Rider_8760,2023-12-18 07:42:00,Toronto,user8760@example.com
8761,Rider_8761,2023-03-25 13:44:00,Ottawa,user8761@example.com
8762,Rider_8762,2023-05-23 05:42:00,Vancouver,user8762@example.com
8763,Rider_8763,2023-07-29 22:42:00,New York,user8763@example.com
8764,Rider_8764,2024-03-23 03:31:00,Chicago,user8764@example.com
8765,Rider_8765,2021-01-11 10:46:00,Vancouver,user8765@example.com
8766,Rider_8766,2022-07-15 18:33:00,San Francisco,user8766@example.com
8767,Rider_8767,2022-01-01 01:48:00,Chicago,user8767@example.com
8768,Rider_8768,2023-03-30 07:53:00,Calgary,user8768@example.com
8769,Rider_8769,2024-04-06 11:18:00,Calgary,user8769@example.com
8770,Rider_8770,2022-09-17 18:51:00,Los Angeles,user8770@example.com
8771,Rider_8771,2021-08-01 14:07:00,Chicago,user8771@example.com
8772,Rider_8772,2023-05-16 21:37:00,Los Angeles,user8772@example.com
8773,Rider_8773,2022-10-09 08:42:00,Montreal,user8773@example.com
8774,Rider_8774,2022-05-20 00:33:00,New York,user8774@example.com
8775,Rider_8775,2023-02-26 17:25:00,Ottawa,user8775@example.com
8776,Rider_8776,2024-05-15 18:55:00,Montreal,user8776@example.com
8777,Rider_8777,2023-04-18 04:12:00,Vancouver,user8777@example.com
8778,Rider_8778,2022-03-11 05:56:00,Vancouver,user8778@example.com
8779,Rider_8779,2021-09-18 08:12:00,San Francisco,user8779@example.com
8780,Rider_8780,2023-02-05 09:37:00,Chicago,user8780@example.com
8781,Rider_8781,2023-03-04 13:56:00,Los Angeles,user8781@example.com
8782,Rider_8782,2024-02-25 19:05:00,Los Angeles,user8782@example.com
8783,Rider_8783,2023-04-21 22:58:00,San Francisco,user8783@example.com
8784,Rider_8784,2024-02-13 12:02:00,Los Angeles,user8784@example.com
8785,Rider_8785,2022-10-18 11:58:00,Ottawa,user8785@example.com
8786,Rider_8786,2024-05-22 11:29:00,Los Angeles,user8786@example.com
8787,Rider_8787,2024-05-08 12:08:00,Los Angeles,user8787@example.com
8788,Rider_8788,2022-03-24 10:38:00,Ottawa,user8788@example.com
8789,Rider_8789,2023-02-19 21:04:00,Chicago,user8789@example.com
8790,Rider_8790,2022-04-19 02:08:00,Chicago,user8790@example.com
8791,Rider_8791,2021-07-04 07:52:00,Ottawa,user8791@example.com
8792,Rider_8792,2023-12-13 19:37:00,Toronto,user8792@example.com
8793,Rider_8793,2022-06-01 04:50:00,Montreal,user8793@example.com
8794,Rider_8794,2021-07-31 11:07:00,New York,user8794@example.com
8795,Rider_8795,2021-03-03 05:01:00,New York,user8795@example.com
8796,Rider_8796,2021-08-31 05:58:00,New York,user8796@example.com
8797,Rider_8797,2022-08-02 15:56:00,San Francisco,user8797@example.com
8798,Rider_8798,2023-06-30 20:00:00,Boston,user8798@example.com
8799,Rider_8799,2021-04-24 00:14:00,Boston,user8799@example.com
8800,Rider_8800,2021-07-23 16:48:00,Boston,user8800@example.com
8801,Rider_8801,2024-05-26 16:30:00,Toronto,user8801@example.com
8802,Rider_8802,2022-05-09 00:40:00,Los Angeles,user8802@example.com
8803,Rider_8803,2021-11-20 15:37:00,Toronto,user8803@example.com
8804,Rider_8804,2022-05-19 06:43:00,New York,user8804@example.com
8805,Rider_8805,2023-01-17 11:25:00,Los Angeles,user8805@example.com
8806,Rider_8806,2023-03-22 13:37:00,New York,user8806@example.com
8807,Rider_8807,2023-09-11 23:31:00,Boston,user8807@example.com
8808,Rider_8808,2023-05-14 00:15:00,Montreal,user8808@example.com
8809,Rider_8809,2023-11-26 10:36:00,Chicago,user8809@example.com
8810,Rider_8810,2022-03-18 00:54:00,Toronto,user8810@example.com
8811,Rider_8811,2022-03-18 17:49:00,San Francisco,user8811@example.com
8812,Rider_8812,2023-03-27 05:39:00,Calgary,user8812@example.com
8813,Rider_8813,2022-08-19 01:47:00,Ottawa,user8813@example.com
8814,Rider_8814,2023-06-30 23:49:00,Montreal,user8814@example.com
8815,Rider_8815,2024-01-19 09:54:00,Ottawa,user8815@example.com
8816,Rider_8816,2021-08-12 19:24:00,Vancouver,user8816@example.com
8817,Rider_8817,2023-12-09 10:30:00,Vancouver,user8817@example.com
8818,Rider_8818,2022-10-20 05:16:00,Boston,user8818@example.com
8819,Rider_8819,2023-09-18 01:04:00,Vancouver,user8819@example.com
8820,Rider_8820,2024-01-23 11:42:00,Vancouver,user8820@example.com
8821,Rider_8821,2023-09-27 02:12:00,San Francisco,user8821@example.com
8822,Rider_8822,2021-08-21 13:23:00,Montreal,user8822@example.com
8823,Rider_8823,2021-07-21 12:55:00,New York,user8823@example.com
8824,Rider_8824,2023-03-12 12:17:00,Los Angeles,user8824@example.com
8825,Rider_8825,2022-07-27 23:08:00,Chicago,user8825@example.com
8826,Rider_8826,2021-11-21 21:42:00,San Francisco,user8826@example.com
8827,Rider_8827,2023-03-28 20:16:00,Toronto,user8827@example.com
8828,Rider_8828,2024-06-05 02:55:00,Boston,user8828@example.com
8829,Rider_8829,2024-01-05 03:57:00,Chicago,user8829@example.com
8830,Rider_8830,2024-06-08 18:19:00,Calgary,user8830@example.com
8831,Rider_8831,2024-02-19 23:04:00,Toronto,user8831@example.com
8832,Rider_8832,2021-10-23 19:30:00,Chicago,user8832@example.com
8833,Rider_8833,2021-07-16 04:38:00,Toronto,user8833@example.com
8834,Rider_8834,2023-08-01 06:54:00,Boston,user8834@example.com
8835,Rider_8835,2023-09-30 04:51:00,Chicago,user8835@example.com
8836,Rider_8836,2023-09-01 20:58:00,New York,user8836@example.com
8837,Rider_8837,2023-08-28 10:56:00,San Francisco,user8837@example.com
8838,Rider_8838,2021-04-02 15:06:00,Toronto,user8838@example.com
8839,Rider_8839,2024-02-21 21:41:00,Montreal,user8839@example.com
8840,Rider_8840,2021-05-20 13:53:00,New York,user8840@example.com
8841,Rider_8841,2022-01-16 04:53:00,Calgary,user8841@example.com
8842,Rider_8842,2022-02-12 14:37:00,Montreal,user8842@example.com
8843,Rider_8843,2021-09-06 18:51:00,Vancouver,user8843@example.com
8844,Rider_8844,2024-01-20 16:00:00,Boston,user8844@example.com
8845,Rider_8845,2022-12-21 12:49:00,Calgary,user8845@example.com
8846,Rider_8846,2021-02-07 15:11:00,Los Angeles,user8846@example.com
8847,Rider_8847,2021-09-14 09:51:00,Calgary,user8847@example.com
8848,Rider_8848,2022-09-20 15:09:00,Vancouver,user8848@example.com
8849,Rider_8849,2024-01-02 23:48:00,Calgary,user8849@example.com
8850,Rider_8850,2023-10-31 06:51:00,Toronto,user8850@example.com
8851,Rider_8851,2021-10-02 20:50:00,Vancouver,user8851@example.com
8852,Rider_8852,2022-06-28 20:12:00,Chicago,user8852@example.com
8853,Rider_8853,2022-12-23 04:55:00,Vancouver,user8853@example.com
8854,Rider_8854,2022-02-09 10:12:00,Los Angeles,user8854@example.com
8855,Rider_8855,2023-05-24 02:25:00,Los Angeles,user8855@example.com
8856,Rider_8856,2023-01-22 14:36:00,San Francisco,user8856@example.com
8857,Rider_8857,2022-08-12 14:46:00,Chicago,user8857@example.com
8858,Rider_8858,2023-06-07 08:34:00,Chicago,user8858@example.com
8859,Rider_8859,2022-05-21 13:04:00,New York,user8859@example.com
8860,Rider_8860,2023-08-19 23:30:00,Chicago,user8860@example.com
8861,Rider_8861,2023-03-05 16:46:00,Toronto,user8861@example.com
8862,Rider_8862,2022-08-18 01:22:00,Vancouver,user8862@example.com
8863,Rider_8863,2022-01-10 12:26:00,Calgary,user8863@example.com
8864,Rider_8864,2022-09-02 17:17:00,Toronto,user8864@example.com
8865,Rider_8865,2023-05-04 10:09:00,New York,user8865@example.com
8866,Rider_8866,2024-01-21 19:45:00,Chicago,user8866@example.com
8867,Rider_8867,2021-07-07 20:35:00,Vancouver,user8867@example.com
8868,Rider_8868,2021-09-30 16:56:00,Vancouver,user8868@example.com
8869,Rider_8869,2022-12-12 04:24:00,Toronto,user8869@example.com
8870,Rider_8870,2021-11-05 01:56:00,Boston,user8870@example.com
8871,Rider_8871,2024-05-07 21:22:00,Vancouver,user8871@example.com
8872,Rider_8872,2023-05-27 21:31:00,Boston,user8872@example.com
8873,Rider_8873,2021-10-17 04:07:00,Ottawa,user8873@example.com
8874,Rider_8874,2022-05-22 03:32:00,New York,user8874@example.com
8875,Rider_8875,2021-09-26 00:54:00,Chicago,user8875@example.com
8876,Rider_8876,2023-06-15 18:59:00,Chicago,user8876@example.com
8877,Rider_8877,2023-08-14 01:44:00,Ottawa,user8877@example.com
8878,Rider_8878,2024-02-26 02:16:00,Boston,user8878@example.com
8879,Rider_8879,2021-09-23 22:31:00,Montreal,user8879@example.com
8880,Rider_8880,2024-02-13 08:57:00,Toronto,user8880@example.com
8881,Rider_8881,2024-05-26 19:54:00,Montreal,user8881@example.com
8882,Rider_8882,2023-10-18 23:56:00,Los Angeles,user8882@example.com
8883,Rider_8883,2021-04-28 01:43:00,Ottawa,user8883@example.com
8884,Rider_8884,2022-01-03 00:51:00,San Francisco,user8884@example.com
8885,Rider_8885,2023-05-06 10:03:00,Calgary,user8885@example.com
8886,Rider_8886,2022-01-03 07:40:00,Chicago,user8886@example.com
8887,Rider_8887,2022-05-21 00:42:00,Chicago,user8887@example.com
8888,Rider_8888,2023-12-28 05:59:00,Los Angeles,user8888@example.com
8889,Rider_8889,2024-05-11 05:09:00,Boston,user8889@example.com
8890,Rider_8890,2023-04-20 02:45:00,Ottawa,user8890@example.com
8891,Rider_8891,2022-05-13 10:03:00,Boston,user8891@example.com
8892,Rider_8892,2022-04-24 13:21:00,Calgary,user8892@example.com
8893,Rider_8893,2022-10-12 03:31:00,San Francisco,user8893@example.com
8894,Rider_8894,2023-01-30 19:05:00,Toronto,user8894@example.com
8895,Rider_8895,2024-02-20 01:38:00,Vancouver,user8895@example.com
8896,Rider_8896,2021-12-06 23:55:00,Vancouver,user8896@example.com
8897,Rider_8897,2024-06-09 13:26:00,Chicago,user8897@example.com
8898,Rider_8898,2022-03-27 06:07:00,Montreal,user8898@example.com
8899,Rider_8899,2021-01-31 09:15:00,Boston,user8899@example.com
8900,Rider_8900,2022-06-01 17:07:00,Ottawa,user8900@example.com
8901,Rider_8901,2022-01-30 09:56:00,San Francisco,user8901@example.com
8902,Rider_8902,2024-06-13 11:27:00,Ottawa,user8902@example.com
8903,Rider_8903,2023-08-08 11:39:00,Vancouver,user8903@example.com
8904,Rider_8904,2021-10-08 08:03:00,Toronto,user8904@example.com
8905,Rider_8905,2023-07-27 16:06:00,Vancouver,user8905@example.com
8906,Rider_8906,2022-11-13 15:30:00,Ottawa,user8906@example.com
8907,Rider_8907,2021-10-18 04:12:00,New York,user8907@example.com
8908,Rider_8908,2021-09-28 19:30:00,Ottawa,user8908@example.com
8909,Rider_8909,2021-04-19 13:24:00,Vancouver,user8909@example.com
8910,Rider_8910,2021-03-28 02:51:00,Chicago,user8910@example.com
8911,Rider_8911,2022-01-18 21:47:00,Los Angeles,user8911@example.com
8912,Rider_8912,2022-12-29 19:21:00,Ottawa,user8912@example.com
8913,Rider_8913,2023-02-13 03:38:00,Calgary,user8913@example.com
8914,Rider_8914,2021-11-29 19:20:00,Toronto,user8914@example.com
8915,Rider_8915,2024-01-05 17:07:00,Vancouver,user8915@example.com
8916,Rider_8916,2021-08-03 19:16:00,Los Angeles,user8916@example.com
8917,Rider_8917,2023-05-18 07:23:00,Ottawa,user8917@example.com
8918,Rider_8918,2022-01-13 12:42:00,Calgary,user8918@example.com
8919,Rider_8919,2021-08-20 20:03:00,Chicago,user8919@example.com
8920,Rider_8920,2023-11-15 22:02:00,New York,user8920@example.com
8921,Rider_8921,2021-07-29 06:35:00,Toronto,user8921@example.com
8922,Rider_8922,2022-09-09 22:08:00,Los Angeles,user8922@example.com
8923,Rider_8923,2023-05-02 06:09:00,New York,user8923@example.com
8924,Rider_8924,2021-09-27 03:50:00,Boston,user8924@example.com
8925,Rider_8925,2021-03-11 01:47:00,New York,user8925@example.com
8926,Rider_8926,2024-03-28 04:00:00,San Francisco,user8926@example.com
8927,Rider_8927,2023-01-30 13:12:00,Calgary,user8927@example.com
8928,Rider_8928,2024-06-13 14:02:00,Ottawa,user8928@example.com
8929,Rider_8929,2023-03-17 15:42:00,Vancouver,user8929@example.com
8930,Rider_8930,2023-02-25 21:53:00,Calgary,user8930@example.com
8931,Rider_8931,2022-11-12 23:36:00,Ottawa,user8931@example.com
8932,Rider_8932,2023-11-28 22:21:00,Los Angeles,user8932@example.com
8933,Rider_8933,2023-12-14 00:49:00,Boston,user8933@example.com
8934,Rider_8934,2023-11-03 16:31:00,Los Angeles,user8934@example.com
8935,Rider_8935,2022-07-10 03:30:00,Calgary,user8935@example.com
8936,Rider_8936,2022-01-03 20:23:00,Chicago,user8936@example.com
8937,Rider_8937,2022-09-05 14:16:00,Calgary,user8937@example.com
8938,Rider_8938,2024-05-25 17:23:00,New York,user8938@example.com
8939,Rider_8939,2021-11-10 18:55:00,New York,user8939@example.com
8940,Rider_8940,2022-03-09 01:26:00,New York,user8940@example.com
8941,Rider_8941,2022-01-03 01:25:00,San Francisco,user8941@example.com
8942,Rider_8942,2023-09-30 14:30:00,Montreal,user8942@example.com
8943,Rider_8943,2023-06-09 14:31:00,Toronto,user8943@example.com
8944,Rider_8944,2022-05-14 05:50:00,Ottawa,user8944@example.com
8945,Rider_8945,2022-12-16 22:03:00,Toronto,user8945@example.com
8946,Rider_8946,2022-06-23 20:54:00,Toronto,user8946@example.com
8947,Rider_8947,2021-11-23 07:17:00,Chicago,user8947@example.com
8948,Rider_8948,2021-05-26 08:30:00,Ottawa,user8948@example.com
8949,Rider_8949,2024-04-25 01:10:00,New York,user8949@example.com
8950,Rider_8950,2023-09-26 17:29:00,Chicago,user8950@example.com
8951,Rider_8951,2021-09-18 04:06:00,Ottawa,user8951@example.com
8952,Rider_8952,2024-03-09 23:07:00,Ottawa,user8952@example.com
8953,Rider_8953,2023-10-29 12:01:00,Los Angeles,user8953@example.com
8954,Rider_8954,2021-05-24 15:43:00,New York,user8954@example.com
8955,Rider_8955,2021-11-05 21:16:00,San Francisco,user8955@example.com
8956,Rider_8956,2022-03-07 14:10:00,Vancouver,user8956@example.com
8957,Rider_8957,2021-10-27 14:01:00,Calgary,user8957@example.com
8958,Rider_8958,2023-08-09 20:00:00,New York,user8958@example.com
8959,Rider_8959,2021-01-08 15:09:00,Boston,user8959@example.com
8960,Rider_8960,2022-10-08 14:06:00,Ottawa,user8960@example.com
8961,Rider_8961,2021-05-09 09:20:00,Vancouver,user8961@example.com
8962,Rider_8962,2023-12-03 20:46:00,Boston,user8962@example.com
8963,Rider_8963,2023-02-16 12:19:00,Ottawa,user8963@example.com
8964,Rider_8964,2023-08-04 13:52:00,Toronto,user8964@example.com
8965,Rider_8965,2021-08-14 12:51:00,Toronto,user8965@example.com
8966,Rider_8966,2021-03-17 05:05:00,Montreal,user8966@example.com
8967,Rider_8967,2024-02-11 17:49:00,Chicago,user8967@example.com
8968,Rider_8968,2021-06-29 12:22:00,Chicago,user8968@example.com
8969,Rider_8969,2021-09-02 12:28:00,Boston,user8969@example.com
8970,Rider_8970,2023-12-03 21:14:00,Toronto,user8970@example.com
8971,Rider_8971,2022-09-30 02:03:00,Vancouver,user8971@example.com
8972,Rider_8972,2024-03-15 05:11:00,Vancouver,user8972@example.com
8973,Rider_8973,2021-03-25 02:45:00,Chicago,user8973@example.com
8974,Rider_8974,2023-07-31 03:15:00,Toronto,user8974@example.com
8975,Rider_8975,2021-06-30 02:19:00,Toronto,user8975@example.com
8976,Rider_8976,2022-08-18 07:41:00,Toronto,user8976@example.com
8977,Rider_8977,2021-06-12 08:14:00,Montreal,user8977@example.com
8978,Rider_8978,2021-10-08 17:14:00,Chicago,user8978@example.com
8979,Rider_8979,2021-07-07 21:35:00,New York,user8979@example.com
8980,Rider_8980,2024-01-27 01:50:00,Ottawa,user8980@example.com
8981,Rider_8981,2022-11-25 14:23:00,New York,user8981@example.com
8982,Rider_8982,2024-01-29 03:22:00,Chicago,user8982@example.com
8983,Rider_8983,2023-10-25 22:37:00,Los Angeles,user8983@example.com
8984,Rider_8984,2024-03-26 13:03:00,Calgary,user8984@example.com
8985,Rider_8985,2022-01-22 07:13:00,Vancouver,user8985@example.com
8986,Rider_8986,2023-08-26 18:09:00,Boston,user8986@example.com
8987,Rider_8987,2021-02-27 12:19:00,Boston,user8987@example.com
8988,Rider_8988,2023-06-08 09:22:00,San Francisco,user8988@example.com
8989,Rider_8989,2022-11-02 05:34:00,Boston,user8989@example.com
8990,Rider_8990,2022-06-08 23:56:00,Montreal,user8990@example.com
8991,Rider_8991,2023-04-13 21:03:00,Boston,user8991@example.com
8992,Rider_8992,2023-10-23 19:09:00,New York,user8992@example.com
8993,Rider_8993,2022-12-09 08:25:00,Chicago,user8993@example.com
8994,Rider_8994,2024-04-21 11:33:00,San Francisco,user8994@example.com
8995,Rider_8995,2021-06-10 23:35:00,Calgary,user8995@example.com
8996,Rider_8996,2024-04-02 09:24:00,Chicago,user8996@example.com
8997,Rider_8997,2021-10-01 14:52:00,San Francisco,user8997@example.com
8998,Rider_8998,2021-05-20 23:11:00,Toronto,user8998@example.com
8999,Rider_8999,2021-02-05 06:40:00,San Francisco,user8999@example.com
9000,Rider_9000,2023-11-28 01:38:00,Calgary,user9000@example.com
9001,Rider_9001,2023-08-30 10:40:00,Montreal,user9001@example.com
9002,Rider_9002,2021-08-07 10:21:00,Calgary,user9002@example.com
9003,Rider_9003,2021-01-14 13:55:00,Los Angeles,user9003@example.com
9004,Rider_9004,2023-10-30 22:08:00,Ottawa,user9004@example.com
9005,Rider_9005,2021-07-29 03:31:00,Los Angeles,user9005@example.com
9006,Rider_9006,2023-07-16 08:32:00,Chicago,user9006@example.com
9007,Rider_9007,2022-08-07 10:31:00,San Francisco,user9007@example.com
9008,Rider_9008,2021-01-27 14:05:00,Chicago,user9008@example.com
9009,Rider_9009,2021-10-28 19:56:00,Ottawa,user9009@example.com
9010,Rider_9010,2022-06-28 16:01:00,Los Angeles,user9010@example.com
9011,Rider_9011,2024-05-13 17:42:00,Montreal,user9011@example.com
9012,Rider_9012,2024-06-13 00:18:00,Toronto,user9012@example.com
9013,Rider_9013,2024-06-05 02:04:00,New York,user9013@example.com
9014,Rider_9014,2024-01-17 18:14:00,Boston,user9014@example.com
9015,Rider_9015,2023-07-16 04:02:00,Ottawa,user9015@example.com
9016,Rider_9016,2021-07-19 03:45:00,Los Angeles,user9016@example.com
9017,Rider_9017,2023-02-11 09:01:00,Ottawa,user9017@example.com
9018,Rider_9018,2024-04-21 00:54:00,New York,user9018@example.com
9019,Rider_9019,2021-12-22 12:38:00,Toronto,user9019@example.com
9020,Rider_9020,2021-07-04 07:36:00,Vancouver,user9020@example.com
9021,Rider_9021,2022-03-04 21:57:00,Chicago,user9021@example.com
9022,Rider_9022,2022-10-21 10:43:00,Boston,user9022@example.com
9023,Rider_9023,2023-05-04 22:06:00,Los Angeles,user9023@example.com
9024,Rider_9024,2023-04-19 07:12:00,Los Angeles,user9024@example.com
9025,Rider_9025,2022-08-25 18:09:00,Los Angeles,user9025@example.com
9026,Rider_9026,2024-03-30 14:44:00,San Francisco,user9026@example.com
9027,Rider_9027,2021-11-26 08:24:00,Chicago,user9027@example.com
9028,Rider_9028,2022-02-07 21:32:00,New York,user9028@example.com
9029,Rider_9029,2024-02-28 15:49:00,Toronto,user9029@example.com
9030,Rider_9030,2021-02-09 20:08:00,Chicago,user9030@example.com
9031,Rider_9031,2023-01-19 12:45:00,Chicago,user9031@example.com
9032,Rider_9032,2022-10-19 06:26:00,New York,user9032@example.com
9033,Rider_9033,2022-07-17 01:43:00,Toronto,user9033@example.com
9034,Rider_9034,2021-09-09 14:04:00,Ottawa,user9034@example.com
9035,Rider_9035,2021-12-25 13:06:00,Vancouver,user9035@example.com
9036,Rider_9036,2023-02-08 17:36:00,Calgary,user9036@example.com
9037,Rider_9037,2021-04-04 16:28:00,San Francisco,user9037@example.com
9038,Rider_9038,2023-07-20 14:49:00,Chicago,user9038@example.com
9039,Rider_9039,2021-04-06 13:34:00,Ottawa,user9039@example.com
9040,Rider_9040,2024-01-22 16:20:00,Vancouver,user9040@example.com
9041,Rider_9041,2022-11-01 21:07:00,Toronto,user9041@example.com
9042,Rider_9042,2023-07-07 19:05:00,Montreal,user9042@example.com
9043,Rider_9043,2022-10-03 13:11:00,New York,user9043@example.com
9044,Rider_9044,2021-07-21 22:17:00,Boston,user9044@example.com
9045,Rider_9045,2022-03-14 03:18:00,Chicago,user9045@example.com
9046,Rider_9046,2023-10-07 21:16:00,Calgary,user9046@example.com
9047,Rider_9047,2022-06-16 21:14:00,Toronto,user9047@example.com
9048,Rider_9048,2022-02-10 13:05:00,Los Angeles,user9048@example.com
9049,Rider_9049,2023-11-30 06:05:00,Chicago,user9049@example.com
9050,Rider_9050,2021-12-11 14:40:00,New York,user9050@example.com
9051,Rider_9051,2021-02-20 07:19:00,San Francisco,user9051@example.com
9052,Rider_9052,2021-04-02 02:32:00,Boston,user9052@example.com
9053,Rider_9053,2021-01-27 04:35:00,Toronto,user9053@example.com
9054,Rider_9054,2022-07-19 04:35:00,Ottawa,user9054@example.com
9055,Rider_9055,2023-02-11 02:38:00,Montreal,user9055@example.com
9056,Rider_9056,2024-04-08 16:29:00,Ottawa,user9056@example.com
9057,Rider_9057,2022-07-27 13:08:00,Vancouver,user9057@example.com
9058,Rider_9058,2024-05-07 07:30:00,Montreal,user9058@example.com
9059,Rider_9059,2023-08-26 15:38:00,San Francisco,user9059@example.com
9060,Rider_9060,2022-07-31 03:42:00,Toronto,user9060@example.com
9061,Rider_9061,2023-07-06 17:22:00,Vancouver,user9061@example.com
9062,Rider_9062,2022-08-01 20:02:00,Los Angeles,user9062@example.com
9063,Rider_9063,2022-10-23 11:29:00,San Francisco,user9063@example.com
9064,Rider_9064,2022-01-18 07:10:00,Chicago,user9064@example.com
9065,Rider_9065,2023-01-15 23:43:00,San Francisco,user9065@example.com
9066,Rider_9066,2021-08-01 14:28:00,Toronto,user9066@example.com
9067,Rider_9067,2022-12-19 07:08:00,San Francisco,user9067@example.com
9068,Rider_9068,2021-01-05 05:51:00,Montreal,user9068@example.com
9069,Rider_9069,2021-03-10 13:02:00,Toronto,user9069@example.com
9070,Rider_9070,2021-04-03 06:32:00,Calgary,user9070@example.com
9071,Rider_9071,2024-05-23 11:58:00,Toronto,user9071@example.com
9072,Rider_9072,2021-07-10 12:13:00,Calgary,user9072@example.com
9073,Rider_9073,2021-11-18 21:42:00,New York,user9073@example.com
9074,Rider_9074,2024-06-06 05:27:00,New York,user9074@example.com
9075,Rider_9075,2023-05-11 08:46:00,Montreal,user9075@example.com
9076,Rider_9076,2021-06-05 22:19:00,Boston,user9076@example.com
9077,Rider_9077,2022-09-12 06:18:00,Vancouver,user9077@example.com
9078,Rider_9078,2024-03-31 23:15:00,San Francisco,user9078@example.com
9079,Rider_9079,2023-01-30 14:39:00,Toronto,user9079@example.com
9080,Rider_9080,2022-10-21 08:36:00,Chicago,user9080@example.com
9081,Rider_9081,2021-03-08 05:07:00,Calgary,user9081@example.com
9082,Rider_9082,2021-01-21 09:29:00,Calgary,user9082@example.com
9083,Rider_9083,2021-06-01 08:23:00,Calgary,user9083@example.com
9084,Rider_9084,2022-11-27 13:44:00,Los Angeles,user9084@example.com
9085,Rider_9085,2021-08-19 02:45:00,Toronto,user9085@example.com
9086,Rider_9086,2021-02-17 08:27:00,Ottawa,user9086@example.com
9087,Rider_9087,2022-06-17 09:29:00,Toronto,user9087@example.com
9088,Rider_9088,2022-12-21 22:52:00,New York,user9088@example.com
9089,Rider_9089,2021-10-31 16:14:00,Toronto,user9089@example.com
9090,Rider_9090,2021-03-07 22:40:00,Calgary,user9090@example.com
9091,Rider_9091,2022-12-05 15:41:00,Montreal,user9091@example.com
9092,Rider_9092,2022-01-18 22:17:00,Toronto,user9092@example.com
9093,Rider_9093,2022-12-19 14:36:00,New York,user9093@example.com
9094,Rider_9094,2022-05-31 23:03:00,Boston,user9094@example.com
9095,Rider_9095,2021-03-16 06:03:00,Toronto,user9095@example.com
9096,Rider_9096,2022-07-15 23:34:00,San Francisco,user9096@example.com
9097,Rider_9097,2022-03-05 01:09:00,Calgary,user9097@example.com
9098,Rider_9098,2022-04-12 09:37:00,Vancouver,user9098@example.com
9099,Rider_9099,2024-05-29 08:26:00,Boston,user9099@example.com
9100,Rider_9100,2021-09-29 19:45:00,Montreal,user9100@example.com
9101,Rider_9101,2023-12-30 17:26:00,Toronto,user9101@example.com
9102,Rider_9102,2021-02-08 12:14:00,Boston,user9102@example.com
9103,Rider_9103,2023-05-28 21:37:00,New York,user9103@example.com
9104,Rider_9104,2021-10-10 07:13:00,Montreal,user9104@example.com
9105,Rider_9105,2023-04-06 22:54:00,Los Angeles,user9105@example.com
9106,Rider_9106,2023-11-17 16:45:00,Calgary,user9106@example.com
9107,Rider_9107,2022-11-26 02:39:00,Los Angeles,user9107@example.com
9108,Rider_9108,2023-12-29 16:56:00,Montreal,user9108@example.com
9109,Rider_9109,2023-07-16 02:27:00,Montreal,user9109@example.com
9110,Rider_9110,2023-02-10 18:42:00,San Francisco,user9110@example.com
9111,Rider_9111,2021-11-14 18:37:00,New York,user9111@example.com
9112,Rider_9112,2023-05-22 21:12:00,Toronto,user9112@example.com
9113,Rider_9113,2022-06-03 11:34:00,New York,user9113@example.com
9114,Rider_9114,2023-11-09 10:35:00,Boston,user9114@example.com
9115,Rider_9115,2023-08-01 21:12:00,Boston,user9115@example.com
9116,Rider_9116,2021-09-01 05:53:00,Montreal,user9116@example.com
9117,Rider_9117,2022-01-30 22:03:00,Vancouver,user9117@example.com
9118,Rider_9118,2022-09-04 11:22:00,Montreal,user9118@example.com
9119,Rider_9119,2021-08-20 07:53:00,Montreal,user9119@example.com
9120,Rider_9120,2022-07-03 17:30:00,Toronto,user9120@example.com
9121,Rider_9121,2021-04-10 12:52:00,Ottawa,user9121@example.com
9122,Rider_9122,2022-01-09 16:16:00,Calgary,user9122@example.com
9123,Rider_9123,2023-12-23 14:24:00,Chicago,user9123@example.com
9124,Rider_9124,2021-01-30 11:38:00,Vancouver,user9124@example.com
9125,Rider_9125,2021-03-31 10:46:00,New York,user9125@example.com
9126,Rider_9126,2022-09-19 00:20:00,San Francisco,user9126@example.com
9127,Rider_9127,2022-10-24 02:09:00,Montreal,user9127@example.com
9128,Rider_9128,2022-04-28 12:03:00,Toronto,user9128@example.com
9129,Rider_9129,2023-09-01 18:12:00,Los Angeles,user9129@example.com
9130,Rider_9130,2021-02-08 17:35:00,Ottawa,user9130@example.com
9131,Rider_9131,2024-05-20 03:36:00,Toronto,user9131@example.com
9132,Rider_9132,2021-03-20 13:40:00,Toronto,user9132@example.com
9133,Rider_9133,2023-07-04 05:24:00,Vancouver,user9133@example.com
9134,Rider_9134,2023-11-02 10:16:00,Vancouver,user9134@example.com
9135,Rider_9135,2021-07-13 03:06:00,Vancouver,user9135@example.com
9136,Rider_9136,2021-02-28 00:32:00,San Francisco,user9136@example.com
9137,Rider_9137,2024-03-09 13:35:00,New York,user9137@example.com
9138,Rider_9138,2023-06-29 15:25:00,San Francisco,user9138@example.com
9139,Rider_9139,2023-04-25 21:14:00,Boston,user9139@example.com
9140,Rider_9140,2021-04-16 13:09:00,Calgary,user9140@example.com
9141,Rider_9141,2024-03-22 09:42:00,Ottawa,user9141@example.com
9142,Rider_9142,2023-06-11 22:33:00,San Francisco,user9142@example.com
9143,Rider_9143,2022-05-05 09:48:00,New York,user9143@example.com
9144,Rider_9144,2023-11-04 06:01:00,Boston,user9144@example.com
9145,Rider_9145,2022-05-07 22:09:00,Toronto,user9145@example.com
9146,Rider_9146,2021-03-07 16:56:00,Chicago,user9146@example.com
9147,Rider_9147,2023-08-07 11:16:00,San Francisco,user9147@example.com
9148,Rider_9148,2023-02-19 13:48:00,Ottawa,user9148@example.com
9149,Rider_9149,2024-06-08 22:09:00,New York,user9149@example.com
9150,Rider_9150,2022-04-08 08:24:00,Ottawa,user9150@example.com
9151,Rider_9151,2023-02-11 21:59:00,Ottawa,user9151@example.com
9152,Rider_9152,2024-05-01 20:30:00,Montreal,user9152@example.com
9153,Rider_9153,2023-04-03 01:33:00,Ottawa,user9153@example.com
9154,Rider_9154,2023-09-20 11:13:00,Vancouver,user9154@example.com
9155,Rider_9155,2023-10-04 16:11:00,Boston,user9155@example.com
9156,Rider_9156,2021-11-05 14:43:00,Toronto,user9156@example.com
9157,Rider_9157,2023-07-07 00:37:00,Vancouver,user9157@example.com
9158,Rider_9158,2023-12-01 08:27:00,Vancouver,user9158@example.com
9159,Rider_9159,2022-10-07 00:31:00,Toronto,user9159@example.com
9160,Rider_9160,2023-07-26 16:59:00,Montreal,user9160@example.com
9161,Rider_9161,2024-03-10 22:33:00,Calgary,user9161@example.com
9162,Rider_9162,2021-06-08 12:54:00,San Francisco,user9162@example.com
9163,Rider_9163,2022-08-17 10:08:00,Montreal,user9163@example.com
9164,Rider_9164,2021-08-19 14:14:00,Toronto,user9164@example.com
9165,Rider_9165,2023-01-24 08:26:00,Boston,user9165@example.com
9166,Rider_9166,2021-03-18 06:44:00,San Francisco,user9166@example.com
9167,Rider_9167,2023-01-16 11:39:00,Vancouver,user9167@example.com
9168,Rider_9168,2022-02-18 11:41:00,Ottawa,user9168@example.com
9169,Rider_9169,2021-12-29 10:00:00,Boston,user9169@example.com
9170,Rider_9170,2024-03-30 00:41:00,Chicago,user9170@example.com
9171,Rider_9171,2022-11-10 16:34:00,Los Angeles,user9171@example.com
9172,Rider_9172,2021-11-24 16:14:00,Chicago,user9172@example.com
9173,Rider_9173,2023-11-07 09:24:00,Calgary,user9173@example.com
9174,Rider_9174,2023-07-14 11:43:00,Ottawa,user9174@example.com
9175,Rider_9175,2023-06-25 10:44:00,San Francisco,user9175@example.com
9176,Rider_9176,2021-06-26 23:55:00,Ottawa,user9176@example.com
9177,Rider_9177,2022-11-24 22:37:00,Ottawa,user9177@example.com
9178,Rider_9178,2021-04-15 01:46:00,New York,user9178@example.com
9179,Rider_9179,2021-09-14 12:58:00,San Francisco,user9179@example.com
9180,Rider_9180,2023-10-23 18:35:00,Montreal,user9180@example.com
9181,Rider_9181,2021-02-10 20:47:00,Chicago,user9181@example.com
9182,Rider_9182,2022-12-27 21:01:00,Boston,user9182@example.com
9183,Rider_9183,2023-03-12 21:53:00,New York,user9183@example.com
9184,Rider_9184,2023-04-20 17:10:00,Vancouver,user9184@example.com
9185,Rider_9185,2021-06-14 04:27:00,Chicago,user9185@example.com
9186,Rider_9186,2022-10-01 01:34:00,Toronto,user9186@example.com
9187,Rider_9187,2021-09-04 00:01:00,New York,user9187@example.com
9188,Rider_9188,2023-09-07 22:50:00,New York,user9188@example.com
9189,Rider_9189,2021-05-28 16:45:00,San Francisco,user9189@example.com
9190,Rider_9190,2024-05-26 11:48:00,Calgary,user9190@example.com
9191,Rider_9191,2022-01-01 09:17:00,Toronto,user9191@example.com
9192,Rider_9192,2023-11-30 02:16:00,Los Angeles,user9192@example.com
9193,Rider_9193,2023-06-07 21:23:00,Ottawa,user9193@example.com
9194,Rider_9194,2023-07-15 00:52:00,Calgary,user9194@example.com
9195,Rider_9195,2024-04-26 17:58:00,Calgary,user9195@example.com
9196,Rider_9196,2022-11-28 20:17:00,Ottawa,user9196@example.com
9197,Rider_9197,2021-06-23 22:02:00,Chicago,user9197@example.com
9198,Rider_9198,2022-11-22 10:33:00,Toronto,user9198@example.com
9199,Rider_9199,2024-02-10 12:02:00,New York,user9199@example.com
9200,Rider_9200,2023-02-22 09:24:00,Calgary,user9200@example.com
9201,Rider_9201,2022-03-27 03:17:00,Ottawa,user9201@example.com
9202,Rider_9202,2021-02-17 10:27:00,Calgary,user9202@example.com
9203,Rider_9203,2023-04-30 03:24:00,Toronto,user9203@example.com
9204,Rider_9204,2022-02-08 22:50:00,Montreal,user9204@example.com
9205,Rider_9205,2023-04-12 06:07:00,San Francisco,user9205@example.com
9206,Rider_9206,2021-09-07 15:56:00,Chicago,user9206@example.com
9207,Rider_9207,2022-12-03 01:21:00,Toronto,user9207@example.com
9208,Rider_9208,2023-03-22 19:34:00,Los Angeles,user9208@example.com
9209,Rider_9209,2024-02-20 13:57:00,Calgary,user9209@example.com
9210,Rider_9210,2023-06-07 03:41:00,Boston,user9210@example.com
9211,Rider_9211,2023-02-27 08:39:00,Vancouver,user9211@example.com
9212,Rider_9212,2022-11-11 21:26:00,Los Angeles,user9212@example.com
9213,Rider_9213,2023-04-18 11:05:00,New York,user9213@example.com
9214,Rider_9214,2021-04-06 20:52:00,Chicago,user9214@example.com
9215,Rider_9215,2022-02-08 02:53:00,New York,user9215@example.com
9216,Rider_9216,2021-03-14 17:39:00,Calgary,user9216@example.com
9217,Rider_9217,2023-01-07 19:28:00,Montreal,user9217@example.com
9218,Rider_9218,2023-01-06 04:58:00,Los Angeles,user9218@example.com
9219,Rider_9219,2021-10-07 08:32:00,Toronto,user9219@example.com
9220,Rider_9220,2022-08-14 16:44:00,Boston,user9220@example.com
9221,Rider_9221,2021-05-13 05:48:00,Ottawa,user9221@example.com
9222,Rider_9222,2023-07-15 08:34:00,San Francisco,user9222@example.com
9223,Rider_9223,2021-05-23 03:30:00,Montreal,user9223@example.com
9224,Rider_9224,2021-09-03 04:21:00,Toronto,user9224@example.com
9225,Rider_9225,2023-02-16 05:34:00,Calgary,user9225@example.com
9226,Rider_9226,2022-02-25 01:50:00,Ottawa,user9226@example.com
9227,Rider_9227,2023-07-21 21:57:00,Chicago,user9227@example.com
9228,Rider_9228,2023-05-20 10:42:00,Montreal,user9228@example.com
9229,Rider_9229,2021-08-22 16:41:00,Calgary,user9229@example.com
9230,Rider_9230,2024-02-03 02:54:00,Vancouver,user9230@example.com
9231,Rider_9231,2023-06-18 19:37:00,Montreal,user9231@example.com
9232,Rider_9232,2023-10-30 09:27:00,Vancouver,user9232@example.com
9233,Rider_9233,2022-02-19 23:29:00,New York,user9233@example.com
9234,Rider_9234,2023-07-04 17:36:00,New York,user9234@example.com
9235,Rider_9235,2021-12-23 06:18:00,Los Angeles,user9235@example.com
9236,Rider_9236,2022-02-06 19:13:00,Toronto,user9236@example.com
9237,Rider_9237,2024-05-12 09:40:00,Toronto,user9237@example.com
9238,Rider_9238,2022-10-20 22:04:00,Ottawa,user9238@example.com
9239,Rider_9239,2022-07-05 20:49:00,Toronto,user9239@example.com
9240,Rider_9240,2021-03-10 09:13:00,Montreal,user9240@example.com
9241,Rider_9241,2023-05-08 06:23:00,Vancouver,user9241@example.com
9242,Rider_9242,2021-10-03 00:07:00,Boston,user9242@example.com
9243,Rider_9243,2022-03-18 08:40:00,Vancouver,user9243@example.com
9244,Rider_9244,2023-05-18 02:44:00,Calgary,user9244@example.com
9245,Rider_9245,2022-06-02 18:34:00,Boston,user9245@example.com
9246,Rider_9246,2022-07-04 23:39:00,Montreal,user9246@example.com
9247,Rider_9247,2024-04-25 04:22:00,Toronto,user9247@example.com
9248,Rider_9248,2023-06-22 14:30:00,Vancouver,user9248@example.com
9249,Rider_9249,2021-10-10 07:12:00,Montreal,user9249@example.com
9250,Rider_9250,2023-09-22 04:52:00,San Francisco,user9250@example.com
9251,Rider_9251,2023-07-29 10:35:00,New York,user9251@example.com
9252,Rider_9252,2023-12-27 12:52:00,Montreal,user9252@example.com
9253,Rider_9253,2023-08-06 07:54:00,San Francisco,user9253@example.com
9254,Rider_9254,2022-08-20 02:30:00,Montreal,user9254@example.com
9255,Rider_9255,2022-01-22 06:31:00,Calgary,user9255@example.com
9256,Rider_9256,2023-08-09 09:42:00,San Francisco,user9256@example.com
9257,Rider_9257,2021-02-09 19:13:00,Montreal,user9257@example.com
9258,Rider_9258,2022-12-05 19:17:00,San Francisco,user9258@example.com
9259,Rider_9259,2022-05-01 06:52:00,Calgary,user9259@example.com
9260,Rider_9260,2021-04-11 14:25:00,Chicago,user9260@example.com
9261,Rider_9261,2021-01-19 01:02:00,Vancouver,user9261@example.com
9262,Rider_9262,2023-05-22 05:22:00,Chicago,user9262@example.com
9263,Rider_9263,2021-06-08 18:39:00,Los Angeles,user9263@example.com
9264,Rider_9264,2021-08-10 02:48:00,Montreal,user9264@example.com
9265,Rider_9265,2022-07-07 08:39:00,Chicago,user9265@example.com
9266,Rider_9266,2024-03-26 16:41:00,Ottawa,user9266@example.com
9267,Rider_9267,2023-09-07 03:53:00,Boston,user9267@example.com
9268,Rider_9268,2022-03-04 12:50:00,Montreal,user9268@example.com
9269,Rider_9269,2023-04-30 06:53:00,Calgary,user9269@example.com
9270,Rider_9270,2021-01-01 12:47:00,Chicago,user9270@example.com
9271,Rider_9271,2023-06-11 11:26:00,Calgary,user9271@example.com
9272,Rider_9272,2022-02-18 02:08:00,Boston,user9272@example.com
9273,Rider_9273,2022-09-14 13:56:00,Calgary,user9273@example.com
9274,Rider_9274,2023-12-19 06:24:00,Calgary,user9274@example.com
9275,Rider_9275,2021-12-21 02:40:00,Calgary,user9275@example.com
9276,Rider_9276,2021-03-05 19:52:00,Ottawa,user9276@example.com
9277,Rider_9277,2021-08-02 12:51:00,Montreal,user9277@example.com
9278,Rider_9278,2022-09-06 21:41:00,San Francisco,user9278@example.com
9279,Rider_9279,2021-08-24 02:18:00,Vancouver,user9279@example.com
9280,Rider_9280,2022-11-23 13:18:00,Calgary,user9280@example.com
9281,Rider_9281,2023-06-14 09:31:00,Ottawa,user9281@example.com
9282,Rider_9282,2022-10-23 01:57:00,Toronto,user9282@example.com
9283,Rider_9283,2023-08-27 04:02:00,New York,user9283@example.com
9284,Rider_9284,2021-05-19 12:56:00,Toronto,user9284@example.com
9285,Rider_9285,2021-04-25 17:26:00,San Francisco,user9285@example.com
9286,Rider_9286,2021-06-25 10:56:00,Boston,user9286@example.com
9287,Rider_9287,2024-03-21 11:23:00,Ottawa,user9287@example.com
9288,Rider_9288,2022-07-10 17:46:00,Boston,user9288@example.com
9289,Rider_9289,2023-09-22 08:32:00,Ottawa,user9289@example.com
9290,Rider_9290,2021-11-14 18:57:00,Chicago,user9290@example.com
9291,Rider_9291,2021-06-17 17:03:00,Montreal,user9291@example.com
9292,Rider_9292,2021-11-28 10:01:00,Boston,user9292@example.com
9293,Rider_9293,2024-01-24 00:53:00,Vancouver,user9293@example.com
9294,Rider_9294,2021-01-01 15:49:00,Montreal,user9294@example.com
9295,Rider_9295,2021-10-17 20:13:00,Los Angeles,user9295@example.com
9296,Rider_9296,2021-03-10 00:38:00,Boston,user9296@example.com
9297,Rider_9297,2022-05-14 23:51:00,San Francisco,user9297@example.com
9298,Rider_9298,2023-03-05 21:05:00,Calgary,user9298@example.com
9299,Rider_9299,2022-09-15 07:45:00,Toronto,user9299@example.com
9300,Rider_9300,2024-04-26 07:31:00,Los Angeles,user9300@example.com
9301,Rider_9301,2021-09-15 05:01:00,New York,user9301@example.com
9302,Rider_9302,2022-03-09 12:07:00,Los Angeles,user9302@example.com
9303,Rider_9303,2023-02-09 21:00:00,San Francisco,user9303@example.com
9304,Rider_9304,2022-02-12 06:52:00,Chicago,user9304@example.com
9305,Rider_9305,2023-08-16 08:34:00,Toronto,user9305@example.com
9306,Rider_9306,2022-10-29 07:12:00,Toronto,user9306@example.com
9307,Rider_9307,2023-10-08 04:24:00,Los Angeles,user9307@example.com
9308,Rider_9308,2021-10-28 04:49:00,New York,user9308@example.com
9309,Rider_9309,2022-03-02 00:33:00,San Francisco,user9309@example.com
9310,Rider_9310,2024-05-08 15:30:00,New York,user9310@example.com
9311,Rider_9311,2022-10-09 20:10:00,Ottawa,user9311@example.com
9312,Rider_9312,2021-04-09 03:30:00,Montreal,user9312@example.com
9313,Rider_9313,2024-03-19 19:00:00,Vancouver,user9313@example.com
9314,Rider_9314,2024-03-07 05:37:00,Vancouver,user9314@example.com
9315,Rider_9315,2024-04-14 21:09:00,Toronto,user9315@example.com
9316,Rider_9316,2021-07-16 22:35:00,Calgary,user9316@example.com
9317,Rider_9317,2023-07-13 14:19:00,San Francisco,user9317@example.com
9318,Rider_9318,2023-06-10 11:44:00,Calgary,user9318@example.com
9319,Rider_9319,2023-09-07 10:15:00,Calgary,user9319@example.com
9320,Rider_9320,2023-04-30 06:36:00,New York,user9320@example.com
9321,Rider_9321,2024-02-08 05:12:00,Calgary,user9321@example.com
9322,Rider_9322,2022-09-15 11:21:00,New York,user9322@example.com
9323,Rider_9323,2023-05-07 04:28:00,Vancouver,user9323@example.com
9324,Rider_9324,2021-05-31 12:37:00,Chicago,user9324@example.com
9325,Rider_9325,2021-05-04 16:25:00,San Francisco,user9325@example.com
9326,Rider_9326,2022-02-25 18:46:00,Vancouver,user9326@example.com
9327,Rider_9327,2023-03-15 02:05:00,Montreal,user9327@example.com
9328,Rider_9328,2024-05-07 23:48:00,Toronto,user9328@example.com
9329,Rider_9329,2022-05-23 02:51:00,Boston,user9329@example.com
9330,Rider_9330,2021-10-14 22:24:00,Ottawa,user9330@example.com
9331,Rider_9331,2023-09-01 08:58:00,Montreal,user9331@example.com
9332,Rider_9332,2022-02-16 16:54:00,Montreal,user9332@example.com
9333,Rider_9333,2022-10-18 20:12:00,Calgary,user9333@example.com
9334,Rider_9334,2023-10-28 04:41:00,Ottawa,user9334@example.com
9335,Rider_9335,2023-08-18 02:35:00,Calgary,user9335@example.com
9336,Rider_9336,2023-12-22 16:09:00,Boston,user9336@example.com
9337,Rider_9337,2022-09-07 21:31:00,Ottawa,user9337@example.com
9338,Rider_9338,2023-05-04 16:47:00,Ottawa,user9338@example.com
9339,Rider_9339,2022-04-30 01:52:00,Vancouver,user9339@example.com
9340,Rider_9340,2022-08-16 02:45:00,Calgary,user9340@example.com
9341,Rider_9341,2022-05-01 05:15:00,Ottawa,user9341@example.com
9342,Rider_9342,2022-05-24 11:37:00,Toronto,user9342@example.com
9343,Rider_9343,2023-07-03 23:21:00,Los Angeles,user9343@example.com
9344,Rider_9344,2022-05-03 02:12:00,San Francisco,user9344@example.com
9345,Rider_9345,2021-06-21 21:10:00,New York,user9345@example.com
9346,Rider_9346,2023-08-12 08:17:00,Toronto,user9346@example.com
9347,Rider_9347,2024-01-28 04:20:00,Chicago,user9347@example.com
9348,Rider_9348,2023-11-22 14:27:00,Ottawa,user9348@example.com
9349,Rider_9349,2021-04-02 00:19:00,Chicago,user9349@example.com
9350,Rider_9350,2022-07-16 06:50:00,Vancouver,user9350@example.com
9351,Rider_9351,2023-12-19 17:42:00,Boston,user9351@example.com
9352,Rider_9352,2023-12-16 06:46:00,Montreal,user9352@example.com
9353,Rider_9353,2022-06-30 15:57:00,New York,user9353@example.com
9354,Rider_9354,2021-04-20 08:05:00,Toronto,user9354@example.com
9355,Rider_9355,2021-05-03 02:39:00,Vancouver,user9355@example.com
9356,Rider_9356,2023-11-27 15:21:00,Montreal,user9356@example.com
9357,Rider_9357,2021-12-19 17:45:00,New York,user9357@example.com
9358,Rider_9358,2023-04-16 11:17:00,Ottawa,user9358@example.com
9359,Rider_9359,2024-06-08 09:55:00,Calgary,user9359@example.com
9360,Rider_9360,2021-11-18 18:47:00,Montreal,user9360@example.com
9361,Rider_9361,2022-05-04 09:14:00,Montreal,user9361@example.com
9362,Rider_9362,2022-10-01 03:20:00,Boston,user9362@example.com
9363,Rider_9363,2021-06-05 08:34:00,Chicago,user9363@example.com
9364,Rider_9364,2023-06-19 20:42:00,Calgary,user9364@example.com
9365,Rider_9365,2022-05-24 23:49:00,San Francisco,user9365@example.com
9366,Rider_9366,2023-07-21 06:45:00,Los Angeles,user9366@example.com
9367,Rider_9367,2022-08-12 17:30:00,New York,user9367@example.com
9368,Rider_9368,2021-01-12 22:16:00,Vancouver,user9368@example.com
9369,Rider_9369,2021-02-08 11:36:00,New York,user9369@example.com
9370,Rider_9370,2023-10-17 03:50:00,Ottawa,user9370@example.com
9371,Rider_9371,2022-04-13 19:02:00,Ottawa,user9371@example.com
9372,Rider_9372,2022-04-10 00:50:00,Chicago,user9372@example.com
9373,Rider_9373,2023-06-21 13:32:00,Calgary,user9373@example.com
9374,Rider_9374,2021-10-05 22:54:00,San Francisco,user9374@example.com
9375,Rider_9375,2022-04-01 15:39:00,New York,user9375@example.com
9376,Rider_9376,2022-08-06 14:40:00,Montreal,user9376@example.com
9377,Rider_9377,2024-05-05 06:12:00,San Francisco,user9377@example.com
9378,Rider_9378,2023-08-11 20:51:00,Calgary,user9378@example.com
9379,Rider_9379,2022-11-02 01:31:00,Montreal,user9379@example.com
9380,Rider_9380,2022-09-30 15:04:00,Vancouver,user9380@example.com
9381,Rider_9381,2022-05-23 18:45:00,New York,user9381@example.com
9382,Rider_9382,2022-02-12 04:56:00,Montreal,user9382@example.com
9383,Rider_9383,2021-01-23 07:11:00,Chicago,user9383@example.com
9384,Rider_9384,2022-05-04 22:38:00,San Francisco,user9384@example.com
9385,Rider_9385,2022-07-20 17:53:00,Montreal,user9385@example.com
9386,Rider_9386,2024-03-20 19:39:00,Vancouver,user9386@example.com
9387,Rider_9387,2022-06-13 01:00:00,Vancouver,user9387@example.com
9388,Rider_9388,2021-02-15 08:03:00,Calgary,user9388@example.com
9389,Rider_9389,2022-12-02 00:22:00,Ottawa,user9389@example.com
9390,Rider_9390,2024-04-08 01:18:00,San Francisco,user9390@example.com
9391,Rider_9391,2021-12-09 21:30:00,Los Angeles,user9391@example.com
9392,Rider_9392,2024-04-28 15:27:00,Boston,user9392@example.com
9393,Rider_9393,2024-06-04 22:26:00,Calgary,user9393@example.com
9394,Rider_9394,2021-02-14 21:08:00,Ottawa,user9394@example.com
9395,Rider_9395,2021-07-23 06:39:00,Montreal,user9395@example.com
9396,Rider_9396,2024-04-30 03:40:00,Boston,user9396@example.com
9397,Rider_9397,2022-02-05 22:14:00,Los Angeles,user9397@example.com
9398,Rider_9398,2022-08-16 06:25:00,Montreal,user9398@example.com
9399,Rider_9399,2023-09-12 03:50:00,Chicago,user9399@example.com
9400,Rider_9400,2024-04-11 19:30:00,Chicago,user9400@example.com
9401,Rider_9401,2022-06-07 17:54:00,Montreal,user9401@example.com
9402,Rider_9402,2021-03-26 04:26:00,San Francisco,user9402@example.com
9403,Rider_9403,2022-09-08 22:13:00,Toronto,user9403@example.com
9404,Rider_9404,2023-07-27 17:43:00,Los Angeles,user9404@example.com
9405,Rider_9405,2022-06-24 01:58:00,Ottawa,user9405@example.com
9406,Rider_9406,2021-03-25 10:02:00,Boston,user9406@example.com
9407,Rider_9407,2023-12-16 07:44:00,New York,user9407@example.com
9408,Rider_9408,2021-09-06 23:04:00,Montreal,user9408@example.com
9409,Rider_9409,2021-07-03 22:48:00,Chicago,user9409@example.com
9410,Rider_9410,2021-08-25 08:46:00,Chicago,user9410@example.com
9411,Rider_9411,2021-10-09 05:48:00,San Francisco,user9411@example.com
9412,Rider_9412,2022-10-28 03:46:00,Vancouver,user9412@example.com
9413,Rider_9413,2023-12-15 00:19:00,Vancouver,user9413@example.com
9414,Rider_9414,2022-04-28 12:36:00,Vancouver,user9414@example.com
9415,Rider_9415,2021-07-28 16:25:00,Montreal,user9415@example.com
9416,Rider_9416,2023-08-11 16:28:00,Los Angeles,user9416@example.com
9417,Rider_9417,2022-08-30 01:36:00,Toronto,user9417@example.com
9418,Rider_9418,2021-06-11 00:35:00,New York,user9418@example.com
9419,Rider_9419,2021-10-02 18:28:00,Toronto,user9419@example.com
9420,Rider_9420,2024-01-07 14:41:00,San Francisco,user9420@example.com
9421,Rider_9421,2021-05-24 09:11:00,Toronto,user9421@example.com
9422,Rider_9422,2023-02-21 22:38:00,Los Angeles,user9422@example.com
9423,Rider_9423,2023-04-09 14:55:00,San Francisco,user9423@example.com
9424,Rider_9424,2023-09-21 07:13:00,Calgary,user9424@example.com
9425,Rider_9425,2021-04-04 03:47:00,Montreal,user9425@example.com
9426,Rider_9426,2024-03-27 09:13:00,New York,user9426@example.com
9427,Rider_9427,2021-01-24 07:45:00,Calgary,user9427@example.com
9428,Rider_9428,2023-01-08 05:49:00,Toronto,user9428@example.com
9429,Rider_9429,2023-03-13 23:57:00,Ottawa,user9429@example.com
9430,Rider_9430,2023-01-18 12:26:00,Montreal,user9430@example.com
9431,Rider_9431,2023-05-19 02:40:00,Vancouver,user9431@example.com
9432,Rider_9432,2021-11-01 07:04:00,Chicago,user9432@example.com
9433,Rider_9433,2021-09-26 13:46:00,Toronto,user9433@example.com
9434,Rider_9434,2023-07-15 02:45:00,Ottawa,user9434@example.com
9435,Rider_9435,2022-11-21 20:48:00,Los Angeles,user9435@example.com
9436,Rider_9436,2024-05-30 17:31:00,New York,user9436@example.com
9437,Rider_9437,2022-11-25 00:23:00,San Francisco,user9437@example.com
9438,Rider_9438,2024-01-21 19:21:00,Chicago,user9438@example.com
9439,Rider_9439,2024-05-16 03:35:00,Montreal,user9439@example.com
9440,Rider_9440,2021-09-12 22:27:00,San Francisco,user9440@example.com
9441,Rider_9441,2021-04-29 06:41:00,Montreal,user9441@example.com
9442,Rider_9442,2024-02-09 17:01:00,Chicago,user9442@example.com
9443,Rider_9443,2021-09-13 17:37:00,Toronto,user9443@example.com
9444,Rider_9444,2021-11-13 17:36:00,New York,user9444@example.com
9445,Rider_9445,2022-01-26 06:28:00,Calgary,user9445@example.com
9446,Rider_9446,2024-02-17 10:17:00,Boston,user9446@example.com
9447,Rider_9447,2022-06-16 12:17:00,Vancouver,user9447@example.com
9448,Rider_9448,2022-10-31 02:40:00,Boston,user9448@example.com
9449,Rider_9449,2023-12-18 20:57:00,Los Angeles,user9449@example.com
9450,Rider_9450,2024-02-08 05:35:00,Ottawa,user9450@example.com
9451,Rider_9451,2024-03-15 01:25:00,Montreal,user9451@example.com
9452,Rider_9452,2021-03-16 17:03:00,Calgary,user9452@example.com
9453,Rider_9453,2023-05-11 18:37:00,Vancouver,user9453@example.com
9454,Rider_9454,2023-09-15 07:19:00,Los Angeles,user9454@example.com
9455,Rider_9455,2022-07-27 10:31:00,Chicago,user9455@example.com
9456,Rider_9456,2023-03-10 13:24:00,San Francisco,user9456@example.com
9457,Rider_9457,2022-04-27 04:47:00,Chicago,user9457@example.com
9458,Rider_9458,2021-07-11 16:54:00,Chicago,user9458@example.com
9459,Rider_9459,2023-12-16 04:53:00,Calgary,user9459@example.com
9460,Rider_9460,2023-02-22 02:26:00,Boston,user9460@example.com
9461,Rider_9461,2022-01-29 08:38:00,Los Angeles,user9461@example.com
9462,Rider_9462,2024-05-22 23:10:00,Los Angeles,user9462@example.com
9463,Rider_9463,2021-03-15 05:50:00,San Francisco,user9463@example.com
9464,Rider_9464,2023-11-16 20:25:00,New York,user9464@example.com
9465,Rider_9465,2022-01-31 07:07:00,Montreal,user9465@example.com
9466,Rider_9466,2023-10-12 02:56:00,San Francisco,user9466@example.com
9467,Rider_9467,2022-03-20 01:17:00,Los Angeles,user9467@example.com
9468,Rider_9468,2022-06-10 21:39:00,Vancouver,user9468@example.com
9469,Rider_9469,2021-11-02 17:35:00,Chicago,user9469@example.com
9470,Rider_9470,2021-06-23 01:25:00,Toronto,user9470@example.com
9471,Rider_9471,2021-10-28 16:01:00,Chicago,user9471@example.com
9472,Rider_9472,2024-01-13 11:46:00,Chicago,user9472@example.com
9473,Rider_9473,2022-03-20 10:56:00,Vancouver,user9473@example.com
9474,Rider_9474,2023-08-14 00:32:00,Calgary,user9474@example.com
9475,Rider_9475,2023-11-26 17:13:00,Vancouver,user9475@example.com
9476,Rider_9476,2024-02-14 08:37:00,Ottawa,user9476@example.com
9477,Rider_9477,2022-12-02 05:10:00,Toronto,user9477@example.com
9478,Rider_9478,2024-04-16 16:10:00,Vancouver,user9478@example.com
9479,Rider_9479,2024-04-02 01:50:00,Montreal,user9479@example.com
9480,Rider_9480,2022-01-13 07:49:00,Boston,user9480@example.com
9481,Rider_9481,2023-09-30 01:45:00,San Francisco,user9481@example.com
9482,Rider_9482,2023-01-31 01:52:00,Chicago,user9482@example.com
9483,Rider_9483,2021-02-17 16:46:00,Chicago,user9483@example.com
9484,Rider_9484,2023-05-13 07:12:00,Boston,user9484@example.com
9485,Rider_9485,2022-08-13 13:02:00,Calgary,user9485@example.com
9486,Rider_9486,2021-04-24 01:17:00,Chicago,user9486@example.com
9487,Rider_9487,2022-07-04 08:17:00,Vancouver,user9487@example.com
9488,Rider_9488,2023-10-15 14:12:00,New York,user9488@example.com
9489,Rider_9489,2021-04-05 09:58:00,Calgary,user9489@example.com
9490,Rider_9490,2023-08-01 12:55:00,Toronto,user9490@example.com
9491,Rider_9491,2022-01-19 14:30:00,Montreal,user9491@example.com
9492,Rider_9492,2022-02-01 00:28:00,New York,user9492@example.com
9493,Rider_9493,2024-01-16 08:06:00,Los Angeles,user9493@example.com
9494,Rider_9494,2021-02-21 13:47:00,Boston,user9494@example.com
9495,Rider_9495,2023-08-04 20:43:00,Montreal,user9495@example.com
9496,Rider_9496,2022-05-20 20:52:00,Boston,user9496@example.com
9497,Rider_9497,2023-02-21 10:44:00,Calgary,user9497@example.com
9498,Rider_9498,2022-02-19 09:43:00,Chicago,user9498@example.com
9499,Rider_9499,2021-12-23 10:02:00,Ottawa,user9499@example.com
9500,Rider_9500,2021-12-23 13:03:00,Los Angeles,user9500@example.com
9501,Rider_9501,2021-01-19 08:30:00,San Francisco,user9501@example.com
9502,Rider_9502,2023-12-24 10:03:00,New York,user9502@example.com
9503,Rider_9503,2023-03-11 13:29:00,Toronto,user9503@example.com
9504,Rider_9504,2024-01-16 22:55:00,Toronto,user9504@example.com
9505,Rider_9505,2022-11-16 08:34:00,Montreal,user9505@example.com
9506,Rider_9506,2023-02-24 17:35:00,Vancouver,user9506@example.com
9507,Rider_9507,2023-03-10 18:20:00,San Francisco,user9507@example.com
9508,Rider_9508,2022-10-23 04:34:00,Toronto,user9508@example.com
9509,Rider_9509,2021-09-25 13:56:00,Los Angeles,user9509@example.com
9510,Rider_9510,2022-01-30 17:37:00,San Francisco,user9510@example.com
9511,Rider_9511,2023-11-07 20:22:00,San Francisco,user9511@example.com
9512,Rider_9512,2022-02-11 11:07:00,Los Angeles,user9512@example.com
9513,Rider_9513,2022-10-27 02:15:00,San Francisco,user9513@example.com
9514,Rider_9514,2023-04-07 00:35:00,New York,user9514@example.com
9515,Rider_9515,2023-04-12 05:14:00,Boston,user9515@example.com
9516,Rider_9516,2023-12-06 10:40:00,Los Angeles,user9516@example.com
9517,Rider_9517,2023-01-09 01:26:00,Toronto,user9517@example.com
9518,Rider_9518,2023-08-21 10:09:00,Ottawa,user9518@example.com
9519,Rider_9519,2022-12-01 13:45:00,Boston,user9519@example.com
9520,Rider_9520,2021-06-16 10:57:00,Calgary,user9520@example.com
9521,Rider_9521,2023-09-24 23:33:00,New York,user9521@example.com
9522,Rider_9522,2022-01-10 06:16:00,Los Angeles,user9522@example.com
9523,Rider_9523,2021-07-11 14:10:00,Ottawa,user9523@example.com
9524,Rider_9524,2023-04-14 15:02:00,Chicago,user9524@example.com
9525,Rider_9525,2023-02-20 08:33:00,Vancouver,user9525@example.com
9526,Rider_9526,2023-10-24 22:29:00,Calgary,user9526@example.com
9527,Rider_9527,2023-04-18 02:24:00,San Francisco,user9527@example.com
9528,Rider_9528,2024-06-02 19:45:00,Montreal,user9528@example.com
9529,Rider_9529,2023-06-02 04:47:00,Ottawa,user9529@example.com
9530,Rider_9530,2022-10-24 02:57:00,Ottawa,user9530@example.com
9531,Rider_9531,2023-03-31 17:51:00,Ottawa,user9531@example.com
9532,Rider_9532,2024-04-21 02:42:00,Calgary,user9532@example.com
9533,Rider_9533,2024-04-02 08:26:00,Chicago,user9533@example.com
9534,Rider_9534,2021-04-05 15:17:00,Ottawa,user9534@example.com
9535,Rider_9535,2022-05-04 13:29:00,San Francisco,user9535@example.com
9536,Rider_9536,2023-06-19 02:18:00,Vancouver,user9536@example.com
9537,Rider_9537,2023-01-15 15:08:00,Chicago,user9537@example.com
9538,Rider_9538,2022-03-03 00:26:00,Toronto,user9538@example.com
9539,Rider_9539,2023-11-24 22:24:00,Vancouver,user9539@example.com
9540,Rider_9540,2022-01-30 06:05:00,Chicago,user9540@example.com
9541,Rider_9541,2021-12-28 06:08:00,Montreal,user9541@example.com
9542,Rider_9542,2024-06-12 15:20:00,New York,user9542@example.com
9543,Rider_9543,2024-02-07 07:20:00,Toronto,user9543@example.com
9544,Rider_9544,2023-04-20 13:19:00,Ottawa,user9544@example.com
9545,Rider_9545,2024-01-09 16:20:00,Montreal,user9545@example.com
9546,Rider_9546,2021-09-29 21:34:00,San Francisco,user9546@example.com
9547,Rider_9547,2021-07-25 08:49:00,San Francisco,user9547@example.com
9548,Rider_9548,2023-05-15 21:02:00,Boston,user9548@example.com
9549,Rider_9549,2023-07-10 06:00:00,Boston,user9549@example.com
9550,Rider_9550,2021-09-10 19:09:00,Vancouver,user9550@example.com
9551,Rider_9551,2022-01-01 18:48:00,Calgary,user9551@example.com
9552,Rider_9552,2023-06-02 09:03:00,Boston,user9552@example.com
9553,Rider_9553,2021-08-23 11:44:00,Toronto,user9553@example.com
9554,Rider_9554,2023-10-01 15:17:00,Toronto,user9554@example.com
9555,Rider_9555,2023-02-16 16:12:00,Calgary,user9555@example.com
9556,Rider_9556,2022-09-01 18:59:00,New York,user9556@example.com
9557,Rider_9557,2023-05-31 03:40:00,Chicago,user9557@example.com
9558,Rider_9558,2021-09-25 19:37:00,Boston,user9558@example.com
9559,Rider_9559,2023-03-11 12:48:00,Calgary,user9559@example.com
9560,Rider_9560,2024-01-11 13:45:00,New York,user9560@example.com
9561,Rider_9561,2023-05-16 08:10:00,Ottawa,user9561@example.com
9562,Rider_9562,2021-09-18 15:24:00,Boston,user9562@example.com
9563,Rider_9563,2021-07-08 03:55:00,Chicago,user9563@example.com
9564,Rider_9564,2021-07-01 17:04:00,New York,user9564@example.com
9565,Rider_9565,2021-10-15 13:33:00,New York,user9565@example.com
9566,Rider_9566,2021-09-30 23:39:00,Boston,user9566@example.com
9567,Rider_9567,2021-01-26 06:52:00,New York,user9567@example.com
9568,Rider_9568,2023-12-11 11:08:00,Toronto,user9568@example.com
9569,Rider_9569,2022-08-23 12:52:00,Calgary,user9569@example.com
9570,Rider_9570,2022-11-06 03:35:00,Vancouver,user9570@example.com
9571,Rider_9571,2021-06-28 01:07:00,Montreal,user9571@example.com
9572,Rider_9572,2021-02-16 07:02:00,New York,user9572@example.com
9573,Rider_9573,2023-09-08 19:31:00,Calgary,user9573@example.com
9574,Rider_9574,2023-11-10 02:19:00,Ottawa,user9574@example.com
9575,Rider_9575,2024-05-30 22:09:00,Calgary,user9575@example.com
9576,Rider_9576,2024-01-16 12:08:00,Vancouver,user9576@example.com
9577,Rider_9577,2021-07-09 01:24:00,Montreal,user9577@example.com
9578,Rider_9578,2023-05-01 21:15:00,New York,user9578@example.com
9579,Rider_9579,2022-04-04 23:59:00,Toronto,user9579@example.com
9580,Rider_9580,2022-08-02 22:11:00,Boston,user9580@example.com
9581,Rider_9581,2024-05-22 21:04:00,Montreal,user9581@example.com
9582,Rider_9582,2022-03-25 13:53:00,Toronto,user9582@example.com
9583,Rider_9583,2024-01-31 11:32:00,New York,user9583@example.com
9584,Rider_9584,2023-05-10 02:32:00,Boston,user9584@example.com
9585,Rider_9585,2022-05-12 01:17:00,San Francisco,user9585@example.com
9586,Rider_9586,2023-09-23 23:55:00,Boston,user9586@example.com
9587,Rider_9587,2023-07-05 23:05:00,Toronto,user9587@example.com
9588,Rider_9588,2024-03-19 00:48:00,Calgary,user9588@example.com
9589,Rider_9589,2024-05-06 06:29:00,New York,user9589@example.com
9590,Rider_9590,2022-03-06 07:34:00,Vancouver,user9590@example.com
9591,Rider_9591,2024-05-01 09:47:00,Montreal,user9591@example.com
9592,Rider_9592,2023-09-24 13:23:00,Calgary,user9592@example.com
9593,Rider_9593,2021-10-30 21:39:00,Chicago,user9593@example.com
9594,Rider_9594,2022-04-26 12:39:00,Los Angeles,user9594@example.com
9595,Rider_9595,2023-07-04 12:23:00,Montreal,user9595@example.com
9596,Rider_9596,2023-11-17 13:35:00,Los Angeles,user9596@example.com
9597,Rider_9597,2021-02-24 04:01:00,Toronto,user9597@example.com
9598,Rider_9598,2021-11-05 10:41:00,New York,user9598@example.com
9599,Rider_9599,2022-12-11 23:50:00,New York,user9599@example.com
9600,Rider_9600,2021-10-11 07:35:00,Montreal,user9600@example.com
9601,Rider_9601,2022-07-29 20:46:00,New York,user9601@example.com
9602,Rider_9602,2022-05-27 17:48:00,San Francisco,user9602@example.com
9603,Rider_9603,2022-08-13 01:12:00,Ottawa,user9603@example.com
9604,Rider_9604,2021-04-26 18:47:00,Vancouver,user9604@example.com
9605,Rider_9605,2021-01-31 08:41:00,Los Angeles,user9605@example.com
9606,Rider_9606,2022-11-09 03:57:00,New York,user9606@example.com
9607,Rider_9607,2023-11-05 09:19:00,Montreal,user9607@example.com
9608,Rider_9608,2022-10-18 16:21:00,Montreal,user9608@example.com
9609,Rider_9609,2021-05-23 23:02:00,San Francisco,user9609@example.com
9610,Rider_9610,2021-01-21 06:14:00,Toronto,user9610@example.com
9611,Rider_9611,2022-07-31 06:42:00,Montreal,user9611@example.com
9612,Rider_9612,2021-05-15 10:30:00,San Francisco,user9612@example.com
9613,Rider_9613,2023-12-30 17:59:00,Toronto,user9613@example.com
9614,Rider_9614,2022-03-15 08:54:00,Boston,user9614@example.com
9615,Rider_9615,2024-06-08 19:34:00,New York,user9615@example.com
9616,Rider_9616,2023-04-22 10:19:00,Vancouver,user9616@example.com
9617,Rider_9617,2021-06-06 05:34:00,Los Angeles,user9617@example.com
9618,Rider_9618,2023-08-12 23:59:00,Montreal,user9618@example.com
9619,Rider_9619,2022-02-22 15:59:00,Ottawa,user9619@example.com
9620,Rider_9620,2022-12-31 05:45:00,Ottawa,user9620@example.com
9621,Rider_9621,2023-03-24 03:07:00,New York,user9621@example.com
9622,Rider_9622,2021-01-24 08:53:00,Ottawa,user9622@example.com
9623,Rider_9623,2024-04-15 19:44:00,Los Angeles,user9623@example.com
9624,Rider_9624,2024-03-26 22:38:00,Calgary,user9624@example.com
9625,Rider_9625,2022-10-30 19:42:00,Boston,user9625@example.com
9626,Rider_9626,2023-05-02 15:40:00,Montreal,user9626@example.com
9627,Rider_9627,2022-04-03 00:36:00,Boston,user9627@example.com
9628,Rider_9628,2021-08-07 18:24:00,Calgary,user9628@example.com
9629,Rider_9629,2023-04-10 23:59:00,Montreal,user9629@example.com
9630,Rider_9630,2023-05-28 01:52:00,Ottawa,user9630@example.com
9631,Rider_9631,2022-09-22 13:03:00,Ottawa,user9631@example.com
9632,Rider_9632,2022-08-27 09:08:00,Chicago,user9632@example.com
9633,Rider_9633,2022-12-15 04:59:00,Ottawa,user9633@example.com
9634,Rider_9634,2023-04-01 03:34:00,New York,user9634@example.com
9635,Rider_9635,2023-04-19 18:15:00,Boston,user9635@example.com
9636,Rider_9636,2023-05-17 20:52:00,Montreal,user9636@example.com
9637,Rider_9637,2023-03-19 20:27:00,Calgary,user9637@example.com
9638,Rider_9638,2021-07-03 19:02:00,Ottawa,user9638@example.com
9639,Rider_9639,2023-04-02 23:43:00,Vancouver,user9639@example.com
9640,Rider_9640,2024-04-29 03:45:00,Vancouver,user9640@example.com
9641,Rider_9641,2021-04-23 20:30:00,Ottawa,user9641@example.com
9642,Rider_9642,2021-02-17 14:09:00,Los Angeles,user9642@example.com
9643,Rider_9643,2024-06-01 04:26:00,Los Angeles,user9643@example.com
9644,Rider_9644,2022-10-29 01:07:00,Ottawa,user9644@example.com
9645,Rider_9645,2022-07-18 22:25:00,Chicago,user9645@example.com
9646,Rider_9646,2021-05-01 10:41:00,Vancouver,user9646@example.com
9647,Rider_9647,2022-12-07 23:53:00,Ottawa,user9647@example.com
9648,Rider_9648,2021-02-06 07:25:00,Montreal,user9648@example.com
9649,Rider_9649,2022-01-03 18:35:00,Ottawa,user9649@example.com
9650,Rider_9650,2021-02-04 14:32:00,Chicago,user9650@example.com
9651,Rider_9651,2021-07-26 03:27:00,Toronto,user9651@example.com
9652,Rider_9652,2023-12-26 19:23:00,Montreal,user9652@example.com
9653,Rider_9653,2022-12-08 02:55:00,Los Angeles,user9653@example.com
9654,Rider_9654,2023-06-16 19:45:00,Calgary,user9654@example.com
9655,Rider_9655,2021-10-18 03:21:00,Calgary,user9655@example.com
9656,Rider_9656,2021-01-23 19:46:00,Montreal,user9656@example.com
9657,Rider_9657,2021-05-03 04:37:00,San Francisco,user9657@example.com
9658,Rider_9658,2021-01-10 01:53:00,Calgary,user9658@example.com
9659,Rider_9659,2022-07-27 12:18:00,Ottawa,user9659@example.com
9660,Rider_9660,2021-04-24 03:39:00,Chicago,user9660@example.com
9661,Rider_9661,2022-07-16 02:46:00,Vancouver,user9661@example.com
9662,Rider_9662,2023-03-05 00:41:00,Los Angeles,user9662@example.com
9663,Rider_9663,2021-07-02 23:06:00,Los Angeles,user9663@example.com
9664,Rider_9664,2023-01-26 23:55:00,Vancouver,user9664@example.com
9665,Rider_9665,2022-03-28 17:20:00,Vancouver,user9665@example.com
9666,Rider_9666,2023-11-09 07:21:00,Toronto,user9666@example.com
9667,Rider_9667,2023-01-29 12:18:00,Chicago,user9667@example.com
9668,Rider_9668,2022-08-22 05:26:00,San Francisco,user9668@example.com
9669,Rider_9669,2021-10-15 04:45:00,Ottawa,user9669@example.com
9670,Rider_9670,2021-05-31 00:27:00,Toronto,user9670@example.com
9671,Rider_9671,2023-11-12 10:17:00,Calgary,user9671@example.com
9672,Rider_9672,2021-08-13 17:04:00,Calgary,user9672@example.com
9673,Rider_9673,2021-05-23 18:21:00,San Francisco,user9673@example.com
9674,Rider_9674,2024-01-13 05:59:00,Ottawa,user9674@example.com
9675,Rider_9675,2022-09-18 17:57:00,Ottawa,user9675@example.com
9676,Rider_9676,2022-11-08 21:39:00,Chicago,user9676@example.com
9677,Rider_9677,2021-10-03 00:00:00,San Francisco,user9677@example.com
9678,Rider_9678,2021-08-07 21:37:00,Chicago,user9678@example.com
9679,Rider_9679,2023-01-12 19:31:00,Ottawa,user9679@example.com
9680,Rider_9680,2023-03-07 17:11:00,Los Angeles,user9680@example.com
9681,Rider_9681,2021-04-26 15:37:00,Ottawa,user9681@example.com
9682,Rider_9682,2021-03-24 22:41:00,Vancouver,user9682@example.com
9683,Rider_9683,2024-01-26 01:03:00,San Francisco,user9683@example.com
9684,Rider_9684,2022-02-18 20:09:00,Los Angeles,user9684@example.com
9685,Rider_9685,2021-06-13 11:28:00,Chicago,user9685@example.com
9686,Rider_9686,2022-06-23 10:36:00,Calgary,user9686@example.com
9687,Rider_9687,2022-08-03 04:47:00,San Francisco,user9687@example.com
9688,Rider_9688,2021-03-12 11:34:00,Vancouver,user9688@example.com
9689,Rider_9689,2022-11-07 22:21:00,Los Angeles,user9689@example.com
9690,Rider_9690,2021-07-16 09:14:00,Calgary,user9690@example.com
9691,Rider_9691,2023-06-17 20:34:00,New York,user9691@example.com
9692,Rider_9692,2021-07-16 05:52:00,Chicago,user9692@example.com
9693,Rider_9693,2023-02-11 23:27:00,Los Angeles,user9693@example.com
9694,Rider_9694,2024-01-09 10:09:00,New York,user9694@example.com
9695,Rider_9695,2021-01-29 01:23:00,Ottawa,user9695@example.com
9696,Rider_9696,2021-04-09 10:34:00,New York,user9696@example.com
9697,Rider_9697,2021-12-08 01:41:00,Montreal,user9697@example.com
9698,Rider_9698,2022-09-29 22:14:00,Los Angeles,user9698@example.com
9699,Rider_9699,2021-03-24 02:03:00,San Francisco,user9699@example.com
9700,Rider_9700,2021-09-24 16:35:00,Vancouver,user9700@example.com
9701,Rider_9701,2021-07-31 06:54:00,Boston,user9701@example.com
9702,Rider_9702,2023-01-01 02:58:00,San Francisco,user9702@example.com
9703,Rider_9703,2023-02-21 12:52:00,Chicago,user9703@example.com
9704,Rider_9704,2023-05-20 21:56:00,Chicago,user9704@example.com
9705,Rider_9705,2022-05-25 16:23:00,Ottawa,user9705@example.com
9706,Rider_9706,2021-01-08 20:32:00,San Francisco,user9706@example.com
9707,Rider_9707,2021-05-19 04:38:00,New York,user9707@example.com
9708,Rider_9708,2023-03-20 01:22:00,Vancouver,user9708@example.com
9709,Rider_9709,2021-10-11 22:05:00,Calgary,user9709@example.com
9710,Rider_9710,2023-12-07 02:05:00,Chicago,user9710@example.com
9711,Rider_9711,2024-01-19 22:33:00,San Francisco,user9711@example.com
9712,Rider_9712,2022-01-09 09:39:00,Vancouver,user9712@example.com
9713,Rider_9713,2021-07-31 15:45:00,Toronto,user9713@example.com
9714,Rider_9714,2021-04-23 14:32:00,Montreal,user9714@example.com
9715,Rider_9715,2023-04-23 08:21:00,Montreal,user9715@example.com
9716,Rider_9716,2021-01-10 16:54:00,Los Angeles,user9716@example.com
9717,Rider_9717,2021-04-13 09:20:00,Vancouver,user9717@example.com
9718,Rider_9718,2024-05-06 11:25:00,New York,user9718@example.com
9719,Rider_9719,2023-05-24 17:57:00,Los Angeles,user9719@example.com
9720,Rider_9720,2021-05-23 02:07:00,New York,user9720@example.com
9721,Rider_9721,2023-06-12 05:43:00,Toronto,user9721@example.com
9722,Rider_9722,2021-01-02 14:14:00,Los Angeles,user9722@example.com
9723,Rider_9723,2021-10-04 12:19:00,Ottawa,user9723@example.com
9724,Rider_9724,2024-06-08 00:55:00,Vancouver,user9724@example.com
9725,Rider_9725,2023-10-18 12:23:00,Toronto,user9725@example.com
9726,Rider_9726,2022-05-05 07:25:00,Toronto,user9726@example.com
9727,Rider_9727,2022-10-26 22:45:00,Chicago,user9727@example.com
9728,Rider_9728,2024-03-07 05:59:00,Toronto,user9728@example.com
9729,Rider_9729,2024-03-01 13:24:00,New York,user9729@example.com
9730,Rider_9730,2021-12-20 06:33:00,Los Angeles,user9730@example.com
9731,Rider_9731,2021-03-24 16:56:00,Vancouver,user9731@example.com
9732,Rider_9732,2021-07-31 12:34:00,Ottawa,user9732@example.com
9733,Rider_9733,2021-03-10 02:51:00,Boston,user9733@example.com
9734,Rider_9734,2022-12-20 06:36:00,New York,user9734@example.com
9735,Rider_9735,2024-06-11 18:23:00,Toronto,user9735@example.com
9736,Rider_9736,2023-07-12 04:49:00,Montreal,user9736@example.com
9737,Rider_9737,2023-11-24 02:20:00,Los Angeles,user9737@example.com
9738,Rider_9738,2021-01-08 03:37:00,New York,user9738@example.com
9739,Rider_9739,2022-02-03 08:14:00,Vancouver,user9739@example.com
9740,Rider_9740,2023-02-23 05:11:00,Toronto,user9740@example.com
9741,Rider_9741,2024-05-04 18:39:00,Ottawa,user9741@example.com
9742,Rider_9742,2023-05-23 16:28:00,San Francisco,user9742@example.com
9743,Rider_9743,2023-12-23 01:20:00,Los Angeles,user9743@example.com
9744,Rider_9744,2021-12-19 15:17:00,San Francisco,user9744@example.com
9745,Rider_9745,2024-05-23 19:02:00,Chicago,user9745@example.com
9746,Rider_9746,2023-03-22 17:57:00,Ottawa,user9746@example.com
9747,Rider_9747,2022-10-04 21:22:00,Vancouver,user9747@example.com
9748,Rider_9748,2023-05-13 16:18:00,Ottawa,user9748@example.com
9749,Rider_9749,2021-11-28 09:50:00,Ottawa,user9749@example.com
9750,Rider_9750,2022-06-20 08:07:00,Montreal,user9750@example.com
9751,Rider_9751,2023-07-14 13:50:00,Chicago,user9751@example.com
9752,Rider_9752,2022-03-10 10:56:00,San Francisco,user9752@example.com
9753,Rider_9753,2024-04-04 22:13:00,Vancouver,user9753@example.com
9754,Rider_9754,2022-10-05 05:23:00,Toronto,user9754@example.com
9755,Rider_9755,2023-08-28 23:30:00,Toronto,user9755@example.com
9756,Rider_9756,2021-08-08 10:12:00,Calgary,user9756@example.com
9757,Rider_9757,2021-11-11 01:59:00,Vancouver,user9757@example.com
9758,Rider_9758,2024-06-13 17:54:00,San Francisco,user9758@example.com
9759,Rider_9759,2021-05-09 09:08:00,Calgary,user9759@example.com
9760,Rider_9760,2024-04-11 22:46:00,Boston,user9760@example.com
9761,Rider_9761,2021-02-25 04:20:00,Toronto,user9761@example.com
9762,Rider_9762,2022-06-01 04:40:00,San Francisco,user9762@example.com
9763,Rider_9763,2021-08-27 19:26:00,New York,user9763@example.com
9764,Rider_9764,2024-04-18 10:16:00,Los Angeles,user9764@example.com
9765,Rider_9765,2023-10-29 11:15:00,Calgary,user9765@example.com
9766,Rider_9766,2022-09-19 11:25:00,Ottawa,user9766@example.com
9767,Rider_9767,2023-11-30 11:49:00,Boston,user9767@example.com
9768,Rider_9768,2021-04-17 18:05:00,Chicago,user9768@example.com
9769,Rider_9769,2022-04-07 00:23:00,Vancouver,user9769@example.com
9770,Rider_9770,2024-05-02 09:23:00,Boston,user9770@example.com
9771,Rider_9771,2022-11-12 04:14:00,Los Angeles,user9771@example.com
9772,Rider_9772,2023-03-26 00:48:00,San Francisco,user9772@example.com
9773,Rider_9773,2022-06-09 03:00:00,Boston,user9773@example.com
9774,Rider_9774,2022-10-16 11:58:00,Chicago,user9774@example.com
9775,Rider_9775,2021-04-04 22:41:00,Calgary,user9775@example.com
9776,Rider_9776,2022-03-01 02:29:00,Montreal,user9776@example.com
9777,Rider_9777,2022-11-08 09:41:00,Calgary,user9777@example.com
9778,Rider_9778,2024-03-03 19:59:00,New York,user9778@example.com
9779,Rider_9779,2022-11-27 15:22:00,Montreal,user9779@example.com
9780,Rider_9780,2023-07-03 20:53:00,Boston,user9780@example.com
9781,Rider_9781,2021-12-07 06:00:00,Calgary,user9781@example.com
9782,Rider_9782,2022-04-11 08:59:00,San Francisco,user9782@example.com
9783,Rider_9783,2023-02-21 23:21:00,Calgary,user9783@example.com
9784,Rider_9784,2023-04-30 23:41:00,Boston,user9784@example.com
9785,Rider_9785,2021-10-02 18:26:00,San Francisco,user9785@example.com
9786,Rider_9786,2024-05-28 01:41:00,Los Angeles,user9786@example.com
9787,Rider_9787,2022-08-18 09:17:00,Boston,user9787@example.com
9788,Rider_9788,2022-09-23 12:45:00,San Francisco,user9788@example.com
9789,Rider_9789,2023-04-20 03:49:00,Chicago,user9789@example.com
9790,Rider_9790,2022-05-29 22:55:00,New York,user9790@example.com
9791,Rider_9791,2021-03-24 10:42:00,Los Angeles,user9791@example.com
9792,Rider_9792,2022-11-22 05:57:00,Vancouver,user9792@example.com
9793,Rider_9793,2023-12-31 16:40:00,San Francisco,user9793@example.com
9794,Rider_9794,2022-09-04 05:45:00,New York,user9794@example.com
9795,Rider_9795,2022-11-29 11:23:00,Los Angeles,user9795@example.com
9796,Rider_9796,2022-06-06 06:42:00,Ottawa,user9796@example.com
9797,Rider_9797,2021-05-05 08:54:00,Los Angeles,user9797@example.com
9798,Rider_9798,2022-09-09 19:41:00,Los Angeles,user9798@example.com
9799,Rider_9799,2021-11-16 23:51:00,Chicago,user9799@example.com
9800,Rider_9800,2021-10-11 22:14:00,Ottawa,user9800@example.com
9801,Rider_9801,2023-07-12 20:24:00,New York,user9801@example.com
9802,Rider_9802,2023-04-21 04:03:00,New York,user9802@example.com
9803,Rider_9803,2024-04-04 09:51:00,Los Angeles,user9803@example.com
9804,Rider_9804,2021-06-16 10:28:00,Los Angeles,user9804@example.com
9805,Rider_9805,2023-02-06 10:42:00,New York,user9805@example.com
9806,Rider_9806,2024-02-09 23:28:00,San Francisco,user9806@example.com
9807,Rider_9807,2023-11-01 17:21:00,New York,user9807@example.com
9808,Rider_9808,2021-06-08 00:16:00,Ottawa,user9808@example.com
9809,Rider_9809,2021-06-04 22:11:00,Boston,user9809@example.com
9810,Rider_9810,2021-06-05 12:38:00,Toronto,user9810@example.com
9811,Rider_9811,2024-04-24 23:50:00,Vancouver,user9811@example.com
9812,Rider_9812,2022-08-26 13:58:00,Calgary,user9812@example.com
9813,Rider_9813,2023-07-23 15:54:00,Toronto,user9813@example.com
9814,Rider_9814,2021-08-10 02:13:00,New York,user9814@example.com
9815,Rider_9815,2024-06-05 05:01:00,Los Angeles,user9815@example.com
9816,Rider_9816,2023-12-30 20:58:00,San Francisco,user9816@example.com
9817,Rider_9817,2023-11-26 09:57:00,Vancouver,user9817@example.com
9818,Rider_9818,2021-03-25 20:38:00,Montreal,user9818@example.com
9819,Rider_9819,2021-09-19 06:34:00,Chicago,user9819@example.com
9820,Rider_9820,2022-09-23 21:21:00,New York,user9820@example.com
9821,Rider_9821,2022-07-31 05:58:00,Ottawa,user9821@example.com
9822,Rider_9822,2022-05-05 12:47:00,Boston,user9822@example.com
9823,Rider_9823,2023-12-22 06:54:00,San Francisco,user9823@example.com
9824,Rider_9824,2023-11-27 08:43:00,Toronto,user9824@example.com
9825,Rider_9825,2021-01-02 00:14:00,Chicago,user9825@example.com
9826,Rider_9826,2023-11-02 22:23:00,Toronto,user9826@example.com
9827,Rider_9827,2021-10-11 02:25:00,Chicago,user9827@example.com
9828,Rider_9828,2022-05-03 09:20:00,Vancouver,user9828@example.com
9829,Rider_9829,2022-07-10 02:45:00,Ottawa,user9829@example.com
9830,Rider_9830,2021-01-17 10:17:00,New York,user9830@example.com
9831,Rider_9831,2022-10-11 20:16:00,Chicago,user9831@example.com
9832,Rider_9832,2021-05-03 15:05:00,New York,user9832@example.com
9833,Rider_9833,2021-06-22 10:08:00,Los Angeles,user9833@example.com
9834,Rider_9834,2021-11-30 08:49:00,Los Angeles,user9834@example.com
9835,Rider_9835,2022-06-24 02:00:00,Chicago,user9835@example.com
9836,Rider_9836,2022-02-08 07:41:00,Ottawa,user9836@example.com
9837,Rider_9837,2023-09-12 10:39:00,Vancouver,user9837@example.com
9838,Rider_9838,2022-06-12 20:04:00,Ottawa,user9838@example.com
9839,Rider_9839,2022-11-12 12:07:00,New York,user9839@example.com
9840,Rider_9840,2021-03-10 01:56:00,San Francisco,user9840@example.com
9841,Rider_9841,2021-06-05 04:16:00,Vancouver,user9841@example.com
9842,Rider_9842,2023-12-30 21:54:00,Vancouver,user9842@example.com
9843,Rider_9843,2021-07-20 14:30:00,Boston,user9843@example.com
9844,Rider_9844,2023-07-14 05:44:00,Vancouver,user9844@example.com
9845,Rider_9845,2021-03-18 22:08:00,Calgary,user9845@example.com
9846,Rider_9846,2024-01-06 07:13:00,Los Angeles,user9846@example.com
9847,Rider_9847,2023-11-14 03:12:00,Ottawa,user9847@example.com
9848,Rider_9848,2023-09-28 06:49:00,Los Angeles,user9848@example.com
9849,Rider_9849,2021-12-25 05:22:00,New York,user9849@example.com
9850,Rider_9850,2021-03-16 18:57:00,Toronto,user9850@example.com
9851,Rider_9851,2022-09-02 23:48:00,New York,user9851@example.com
9852,Rider_9852,2023-11-19 12:27:00,San Francisco,user9852@example.com
9853,Rider_9853,2021-12-02 21:42:00,Ottawa,user9853@example.com
9854,Rider_9854,2024-04-15 14:21:00,San Francisco,user9854@example.com
9855,Rider_9855,2021-11-12 18:12:00,New York,user9855@example.com
9856,Rider_9856,2021-07-04 02:39:00,Ottawa,user9856@example.com
9857,Rider_9857,2022-03-07 23:29:00,New York,user9857@example.com
9858,Rider_9858,2021-07-15 19:43:00,Los Angeles,user9858@example.com
9859,Rider_9859,2021-11-30 05:37:00,New York,user9859@example.com
9860,Rider_9860,2021-03-12 20:21:00,Montreal,user9860@example.com
9861,Rider_9861,2023-08-09 01:09:00,Calgary,user9861@example.com
9862,Rider_9862,2021-04-11 01:21:00,San Francisco,user9862@example.com
9863,Rider_9863,2023-04-24 03:35:00,Toronto,user9863@example.com
9864,Rider_9864,2023-09-01 19:04:00,San Francisco,user9864@example.com
9865,Rider_9865,2021-05-26 16:56:00,Ottawa,user9865@example.com
9866,Rider_9866,2023-10-13 20:41:00,Boston,user9866@example.com
9867,Rider_9867,2023-08-14 22:47:00,Los Angeles,user9867@example.com
9868,Rider_9868,2021-09-28 16:58:00,Ottawa,user9868@example.com
9869,Rider_9869,2022-07-12 22:59:00,Calgary,user9869@example.com
9870,Rider_9870,2024-03-26 13:33:00,Los Angeles,user9870@example.com
9871,Rider_9871,2022-08-04 16:16:00,Boston,user9871@example.com
9872,Rider_9872,2022-06-13 21:33:00,Ottawa,user9872@example.com
9873,Rider_9873,2021-03-12 23:59:00,Chicago,user9873@example.com
9874,Rider_9874,2022-08-26 14:47:00,Los Angeles,user9874@example.com
9875,Rider_9875,2021-02-21 15:56:00,Toronto,user9875@example.com
9876,Rider_9876,2022-09-26 02:49:00,New York,user9876@example.com
9877,Rider_9877,2023-06-04 12:33:00,Vancouver,user9877@example.com
9878,Rider_9878,2021-01-21 06:28:00,Ottawa,user9878@example.com
9879,Rider_9879,2022-09-10 22:26:00,New York,user9879@example.com
9880,Rider_9880,2022-10-28 14:38:00,Ottawa,user9880@example.com
9881,Rider_9881,2021-04-02 07:50:00,Calgary,user9881@example.com
9882,Rider_9882,2023-04-30 07:46:00,Toronto,user9882@example.com
9883,Rider_9883,2024-01-20 00:30:00,Montreal,user9883@example.com
9884,Rider_9884,2023-01-12 18:30:00,Vancouver,user9884@example.com
9885,Rider_9885,2021-03-10 11:45:00,San Francisco,user9885@example.com
9886,Rider_9886,2023-01-15 01:44:00,Boston,user9886@example.com
9887,Rider_9887,2022-02-19 20:33:00,Calgary,user9887@example.com
9888,Rider_9888,2024-01-19 06:53:00,Chicago,user9888@example.com
9889,Rider_9889,2023-10-26 17:03:00,Boston,user9889@example.com
9890,Rider_9890,2023-06-05 21:25:00,Boston,user9890@example.com
9891,Rider_9891,2022-04-22 12:43:00,San Francisco,user9891@example.com
9892,Rider_9892,2023-12-22 16:28:00,Ottawa,user9892@example.com
9893,Rider_9893,2021-12-16 13:39:00,Los Angeles,user9893@example.com
9894,Rider_9894,2021-01-05 07:36:00,New York,user9894@example.com
9895,Rider_9895,2023-02-02 09:28:00,Montreal,user9895@example.com
9896,Rider_9896,2022-08-09 14:43:00,Vancouver,user9896@example.com
9897,Rider_9897,2022-06-04 02:55:00,Chicago,user9897@example.com
9898,Rider_9898,2021-01-13 12:07:00,Los Angeles,user9898@example.com
9899,Rider_9899,2021-09-07 14:35:00,Boston,user9899@example.com
9900,Rider_9900,2021-01-18 04:07:00,Los Angeles,user9900@example.com
9901,Rider_9901,2023-02-06 04:57:00,Toronto,user9901@example.com
9902,Rider_9902,2022-08-13 12:08:00,Boston,user9902@example.com
9903,Rider_9903,2022-02-01 06:57:00,Los Angeles,user9903@example.com
9904,Rider_9904,2022-08-31 15:36:00,Chicago,user9904@example.com
9905,Rider_9905,2022-03-21 01:58:00,Chicago,user9905@example.com
9906,Rider_9906,2022-12-15 14:52:00,Toronto,user9906@example.com
9907,Rider_9907,2022-01-31 18:33:00,Calgary,user9907@example.com
9908,Rider_9908,2023-06-24 06:44:00,Chicago,user9908@example.com
9909,Rider_9909,2023-09-03 03:42:00,New York,user9909@example.com
9910,Rider_9910,2023-10-25 14:11:00,Chicago,user9910@example.com
9911,Rider_9911,2023-12-28 05:28:00,Ottawa,user9911@example.com
9912,Rider_9912,2021-12-06 22:45:00,Chicago,user9912@example.com
9913,Rider_9913,2022-04-24 00:27:00,Boston,user9913@example.com
9914,Rider_9914,2021-05-28 23:08:00,Los Angeles,user9914@example.com
9915,Rider_9915,2021-01-24 15:56:00,Toronto,user9915@example.com
9916,Rider_9916,2023-06-07 12:16:00,New York,user9916@example.com
9917,Rider_9917,2023-09-27 02:24:00,New York,user9917@example.com
9918,Rider_9918,2023-11-18 07:41:00,Montreal,user9918@example.com
9919,Rider_9919,2022-07-08 06:57:00,New York,user9919@example.com
9920,Rider_9920,2021-01-09 17:28:00,Boston,user9920@example.com
9921,Rider_9921,2023-05-14 09:11:00,Calgary,user9921@example.com
9922,Rider_9922,2023-03-04 22:27:00,Montreal,user9922@example.com
9923,Rider_9923,2022-01-13 10:47:00,San Francisco,user9923@example.com
9924,Rider_9924,2021-08-24 07:05:00,New York,user9924@example.com
9925,Rider_9925,2021-05-18 07:16:00,Toronto,user9925@example.com
9926,Rider_9926,2022-09-02 20:31:00,Montreal,user9926@example.com
9927,Rider_9927,2021-12-08 16:06:00,Vancouver,user9927@example.com
9928,Rider_9928,2023-08-16 08:04:00,Chicago,user9928@example.com
9929,Rider_9929,2022-03-14 10:25:00,New York,user9929@example.com
9930,Rider_9930,2022-12-11 04:59:00,Los Angeles,user9930@example.com
9931,Rider_9931,2024-03-17 15:59:00,Los Angeles,user9931@example.com
9932,Rider_9932,2023-05-15 11:12:00,Ottawa,user9932@example.com
9933,Rider_9933,2022-12-02 20:00:00,Calgary,user9933@example.com
9934,Rider_9934,2023-05-29 14:51:00,Los Angeles,user9934@example.com
9935,Rider_9935,2021-05-17 06:41:00,Chicago,user9935@example.com
9936,Rider_9936,2023-07-11 20:16:00,Chicago,user9936@example.com
9937,Rider_9937,2024-04-12 19:25:00,Ottawa,user9937@example.com
9938,Rider_9938,2022-04-30 04:27:00,Montreal,user9938@example.com
9939,Rider_9939,2022-09-06 23:39:00,Chicago,user9939@example.com
9940,Rider_9940,2021-12-25 18:15:00,New York,user9940@example.com
9941,Rider_9941,2022-10-14 00:26:00,Boston,user9941@example.com
9942,Rider_9942,2024-05-23 14:58:00,Chicago,user9942@example.com
9943,Rider_9943,2023-12-15 10:12:00,New York,user9943@example.com
9944,Rider_9944,2022-12-12 19:33:00,Chicago,user9944@example.com
9945,Rider_9945,2022-07-04 11:45:00,Los Angeles,user9945@example.com
9946,Rider_9946,2021-10-17 18:39:00,Calgary,user9946@example.com
9947,Rider_9947,2022-02-02 10:12:00,Toronto,user9947@example.com
9948,Rider_9948,2022-12-21 19:35:00,Vancouver,user9948@example.com
9949,Rider_9949,2023-12-16 11:51:00,New York,user9949@example.com
9950,Rider_9950,2021-07-15 20:41:00,Ottawa,user9950@example.com
9951,Rider_9951,2022-11-23 03:43:00,New York,user9951@example.com
9952,Rider_9952,2021-05-22 02:32:00,Toronto,user9952@example.com
9953,Rider_9953,2021-09-09 19:37:00,Los Angeles,user9953@example.com
9954,Rider_9954,2024-01-14 16:27:00,Boston,user9954@example.com
9955,Rider_9955,2021-01-10 12:08:00,Calgary,user9955@example.com
9956,Rider_9956,2021-10-21 16:06:00,Chicago,user9956@example.com
9957,Rider_9957,2023-12-25 01:42:00,Montreal,user9957@example.com
9958,Rider_9958,2021-06-03 18:02:00,Chicago,user9958@example.com
9959,Rider_9959,2024-02-02 02:43:00,Ottawa,user9959@example.com
9960,Rider_9960,2021-04-15 21:31:00,Chicago,user9960@example.com
9961,Rider_9961,2023-03-26 16:16:00,Los Angeles,user9961@example.com
9962,Rider_9962,2023-03-23 07:02:00,Toronto,user9962@example.com
9963,Rider_9963,2023-01-30 09:00:00,Ottawa,user9963@example.com
9964,Rider_9964,2023-12-03 06:40:00,New York,user9964@example.com
9965,Rider_9965,2023-05-29 12:59:00,Los Angeles,user9965@example.com
9966,Rider_9966,2022-11-05 18:48:00,Toronto,user9966@example.com
9967,Rider_9967,2024-04-15 12:10:00,Toronto,user9967@example.com
9968,Rider_9968,2023-02-21 14:09:00,Toronto,user9968@example.com
9969,Rider_9969,2021-11-25 10:54:00,Montreal,user9969@example.com
9970,Rider_9970,2022-07-31 23:51:00,Calgary,user9970@example.com
9971,Rider_9971,2023-05-05 18:21:00,Los Angeles,user9971@example.com
9972,Rider_9972,2021-05-07 16:31:00,Calgary,user9972@example.com
9973,Rider_9973,2022-05-02 03:31:00,Ottawa,user9973@example.com
9974,Rider_9974,2024-03-10 12:01:00,Ottawa,user9974@example.com
9975,Rider_9975,2023-12-09 07:01:00,Vancouver,user9975@example.com
9976,Rider_9976,2021-09-18 04:05:00,Vancouver,user9976@example.com
9977,Rider_9977,2022-08-16 23:32:00,Toronto,user9977@example.com
9978,Rider_9978,2023-03-14 18:21:00,Calgary,user9978@example.com
9979,Rider_9979,2024-01-07 03:05:00,New York,user9979@example.com
9980,Rider_9980,2024-03-11 17:24:00,New York,user9980@example.com
9981,Rider_9981,2022-01-03 03:08:00,Los Angeles,user9981@example.com
9982,Rider_9982,2023-04-12 01:25:00,Vancouver,user9982@example.com
9983,Rider_9983,2021-12-02 11:05:00,Ottawa,user9983@example.com
9984,Rider_9984,2023-05-01 11:51:00,Toronto,user9984@example.com
9985,Rider_9985,2023-08-04 12:21:00,Montreal,user9985@example.com
9986,Rider_9986,2023-03-01 23:00:00,Chicago,user9986@example.com
9987,Rider_9987,2023-01-16 00:28:00,Ottawa,user9987@example.com
9988,Rider_9988,2024-06-02 12:19:00,Chicago,user9988@example.com
9989,Rider_9989,2022-03-05 22:09:00,Calgary,user9989@example.com
9990,Rider_9990,2022-04-29 02:36:00,Los Angeles,user9990@example.com
9991,Rider_9991,2023-10-19 04:01:00,New York,user9991@example.com
9992,Rider_9992,2023-03-10 08:05:00,Toronto,user9992@example.com
9993,Rider_9993,2021-09-19 04:01:00,Chicago,user9993@example.com
9994,Rider_9994,2021-09-10 10:56:00,Vancouver,user9994@example.com
9995,Rider_9995,2021-03-25 20:18:00,New York,user9995@example.com
9996,Rider_9996,2023-05-07 06:13:00,Chicago,user9996@example.com
9997,Rider_9997,2023-08-14 10:25:00,Boston,user9997@example.com
9998,Rider_9998,2023-04-14 15:55:00,San Francisco,user9998@example.com
9999,Rider_9999,2023-08-30 07:49:00,Chicago,user9999@example.com
10000,Rider_10000,2021-07-30 03:14:00,Boston,user10000@example.com
